pid,visit,model,r2,mse
21,0,CausalForestDML_n_estimators40_min_samples_leaf1,-0.040894546994038716,0.026355282014191198
27,0,CausalForestDML_n_estimators40_min_samples_leaf1,-0.4649013236563033,0.02236661842928839
28,0,CausalForestDML_n_estimators40_min_samples_leaf1,-1.0739303122039296,0.054627186935559284
32,0,CausalForestDML_n_estimators40_min_samples_leaf1,-1.540062429225379,0.03041498263751814
33,0,CausalForestDML_n_estimators40_min_samples_leaf1,-0.0763959547771047,0.07313631510692879
21,0,CausalForestDML_n_estimators40_min_samples_leaf5,0.23132352853327165,0.019462764255690775
27,0,CausalForestDML_n_estimators40_min_samples_leaf5,-0.6140294785251925,0.024643558509246193
28,0,CausalForestDML_n_estimators40_min_samples_leaf5,-0.6923830599955687,0.04457725760645576
32,0,CausalForestDML_n_estimators40_min_samples_leaf5,-1.9083361753465584,0.034824732360695346
33,0,CausalForestDML_n_estimators40_min_samples_leaf5,-0.10076103886228216,0.07479181414457554
21,0,CausalForestDML_n_estimators40_min_samples_leaf10,0.14340860082216123,0.02168875604301908
27,0,CausalForestDML_n_estimators40_min_samples_leaf10,-0.41912551116344,0.021667697543093094
28,0,CausalForestDML_n_estimators40_min_samples_leaf10,-0.6412653457737711,0.0432308204026207
32,0,CausalForestDML_n_estimators40_min_samples_leaf10,-1.0126389349296074,0.02409955659245156
33,0,CausalForestDML_n_estimators40_min_samples_leaf10,-0.0669272425536298,0.07249295824762482
21,0,CausalForestDML_n_estimators100_min_samples_leaf1,0.2311899821636133,0.019466145628227006
27,0,CausalForestDML_n_estimators100_min_samples_leaf1,-0.7851049848896783,0.02725559831811287
28,0,CausalForestDML_n_estimators100_min_samples_leaf1,-0.8139936649756945,0.047780472879651766
32,0,CausalForestDML_n_estimators100_min_samples_leaf1,-1.2775292561246956,0.027271381988275462
33,0,CausalForestDML_n_estimators100_min_samples_leaf1,0.0014893588655147116,0.06784435463876803
21,0,CausalForestDML_n_estimators100_min_samples_leaf5,0.19995849111202013,0.020256921943431528
27,0,CausalForestDML_n_estimators100_min_samples_leaf5,-0.5674546806679004,0.023932438439059334
28,0,CausalForestDML_n_estimators100_min_samples_leaf5,-0.7768872755252363,0.046803093041435415
32,0,CausalForestDML_n_estimators100_min_samples_leaf5,-1.1040312727923975,0.02519389834457403
33,0,CausalForestDML_n_estimators100_min_samples_leaf5,-0.035562423100597984,0.07036185834093307
21,0,CausalForestDML_n_estimators100_min_samples_leaf10,0.2469604395444679,0.019066840191412582
27,0,CausalForestDML_n_estimators100_min_samples_leaf10,-0.45804627329834147,0.022261953157167946
28,0,CausalForestDML_n_estimators100_min_samples_leaf10,-0.6353023328086167,0.043073755036426936
32,0,CausalForestDML_n_estimators100_min_samples_leaf10,-0.9444275940147702,0.023282786608479437
33,0,CausalForestDML_n_estimators100_min_samples_leaf10,-0.15453839621730303,0.07844574626470245
21,0,CausalForestDML_n_estimators200_min_samples_leaf1,0.31075300152768415,0.017451622812927205
27,0,CausalForestDML_n_estimators200_min_samples_leaf1,-0.592566020567461,0.024315847033694073
28,0,CausalForestDML_n_estimators200_min_samples_leaf1,-0.8732751987615575,0.04934194454959695
32,0,CausalForestDML_n_estimators200_min_samples_leaf1,-1.3537510422558938,0.028184069910866406
33,0,CausalForestDML_n_estimators200_min_samples_leaf1,-0.048976983349589664,0.07127331801433393
21,0,CausalForestDML_n_estimators200_min_samples_leaf5,0.3134956392546334,0.01738217966811945
27,0,CausalForestDML_n_estimators200_min_samples_leaf5,-0.6669249364241587,0.025451184595975188
28,0,CausalForestDML_n_estimators200_min_samples_leaf5,-0.7080610897028201,0.04499021586959486
32,0,CausalForestDML_n_estimators200_min_samples_leaf5,-1.2780476555904667,0.027277589359625598
33,0,CausalForestDML_n_estimators200_min_samples_leaf5,-0.05721918719835717,0.07183333908760509
21,0,CausalForestDML_n_estimators200_min_samples_leaf10,0.25375815354298137,0.018894723169568233
27,0,CausalForestDML_n_estimators200_min_samples_leaf10,-0.5214563666240486,0.0232301203224769
28,0,CausalForestDML_n_estimators200_min_samples_leaf10,-0.6263521078872343,0.04283800670533856
32,0,CausalForestDML_n_estimators200_min_samples_leaf10,-0.9687702961319495,0.02357426876014847
33,0,CausalForestDML_n_estimators200_min_samples_leaf10,-0.07754133880947012,0.07321413885490717
21,0,CausalForestDML_n_estimators600_min_samples_leaf1,0.3336079234246183,0.016872939877421864
27,0,CausalForestDML_n_estimators600_min_samples_leaf1,-0.7411976579790045,0.026585206113940434
28,0,CausalForestDML_n_estimators600_min_samples_leaf1,-0.8084072478927771,0.0476333270240303
32,0,CausalForestDML_n_estimators600_min_samples_leaf1,-1.2769019024391195,0.02726386998729673
33,0,CausalForestDML_n_estimators600_min_samples_leaf1,-0.00457272014410659,0.06825624593089256
21,0,CausalForestDML_n_estimators600_min_samples_leaf5,0.3326924031934242,0.016896120701985214
27,0,CausalForestDML_n_estimators600_min_samples_leaf5,-0.5882044217601989,0.02424925263945858
28,0,CausalForestDML_n_estimators600_min_samples_leaf5,-0.8764986871674227,0.049426851020511434
32,0,CausalForestDML_n_estimators600_min_samples_leaf5,-1.3890565904271197,0.028606822368554375
33,0,CausalForestDML_n_estimators600_min_samples_leaf5,-0.05804737169946339,0.07188961053898946
21,0,CausalForestDML_n_estimators600_min_samples_leaf10,0.25758567624902373,0.018797810912102017
27,0,CausalForestDML_n_estimators600_min_samples_leaf10,-0.4938298673454884,0.022808309407351027
28,0,CausalForestDML_n_estimators600_min_samples_leaf10,-0.6351653296415725,0.04307014638208939
32,0,CausalForestDML_n_estimators600_min_samples_leaf10,-0.8906809652620378,0.02263921865458548
33,0,CausalForestDML_n_estimators600_min_samples_leaf10,-0.07836302397257122,0.0732699687051965
21,0,CausalForestDML_n_estimators1000_min_samples_leaf1,0.3733810246707957,0.01586589137001145
27,0,CausalForestDML_n_estimators1000_min_samples_leaf1,-0.6020594474465704,0.024460795948110656
28,0,CausalForestDML_n_estimators1000_min_samples_leaf1,-0.816392794036241,0.047843665780060135
32,0,CausalForestDML_n_estimators1000_min_samples_leaf1,-1.3342854422477086,0.027950986708081355
33,0,CausalForestDML_n_estimators1000_min_samples_leaf1,-0.039804473382454963,0.07065008678023223
21,0,CausalForestDML_n_estimators1000_min_samples_leaf5,0.34457605982177253,0.01659522843321082
27,0,CausalForestDML_n_estimators1000_min_samples_leaf5,-0.6379066801343993,0.025008123854998874
28,0,CausalForestDML_n_estimators1000_min_samples_leaf5,-0.8363858438267635,0.04837028138613524
32,0,CausalForestDML_n_estimators1000_min_samples_leaf5,-1.090085248241961,0.02502690713613618
33,0,CausalForestDML_n_estimators1000_min_samples_leaf5,-0.10319313680649156,0.07495706437691728
21,0,CausalForestDML_n_estimators1000_min_samples_leaf10,0.28816594143529706,0.018023523530752518
27,0,CausalForestDML_n_estimators1000_min_samples_leaf10,-0.526510471225013,0.02330728813390964
28,0,CausalForestDML_n_estimators1000_min_samples_leaf10,-0.6489156939446437,0.04343233006627389
32,0,CausalForestDML_n_estimators1000_min_samples_leaf10,-0.8970298827408238,0.02271524128011725
33,0,CausalForestDML_n_estimators1000_min_samples_leaf10,-0.10380030698336395,0.07499831888849566
21,0,RandomForestRegressor_n_estimators50_max_depthNone,-0.9630968816841452,0.049705296360113685
27,0,RandomForestRegressor_n_estimators50_max_depthNone,-2.0177495814030615,0.04607604096767355
28,0,RandomForestRegressor_n_estimators50_max_depthNone,-2.7283490520902705,0.09820446686712185
32,0,RandomForestRegressor_n_estimators50_max_depthNone,-2.6364251427705954,0.04354294851474629
33,0,RandomForestRegressor_n_estimators50_max_depthNone,-0.8438716667731969,0.1252828744286646
21,0,RandomForestRegressor_n_estimators50_max_depth10,-0.3617411332187821,0.03447906581886517
27,0,RandomForestRegressor_n_estimators50_max_depth10,-2.262737307246423,0.04981659802452771
28,0,RandomForestRegressor_n_estimators50_max_depth10,-2.2805167237703916,0.08640859302750402
32,0,RandomForestRegressor_n_estimators50_max_depth10,-1.6372602956988005,0.03157884041801154
33,0,RandomForestRegressor_n_estimators50_max_depth10,-0.6977403123242372,0.11535389918628314
21,0,RandomForestRegressor_n_estimators50_max_depth20,-0.5944185933371096,0.040370421573848646
27,0,RandomForestRegressor_n_estimators50_max_depth20,-1.912338047256957,0.044466581324066196
28,0,RandomForestRegressor_n_estimators50_max_depth20,-2.6735817940585282,0.09676190092127351
32,0,RandomForestRegressor_n_estimators50_max_depth20,-2.6181330854519653,0.04332391743923045
33,0,RandomForestRegressor_n_estimators50_max_depth20,-0.8632928820973811,0.12660245958448504
21,0,RandomForestRegressor_n_estimators50_max_depth50,-0.748263850369592,0.0442657586638027
27,0,RandomForestRegressor_n_estimators50_max_depth50,-3.0424570755711002,0.0617216282530231
28,0,RandomForestRegressor_n_estimators50_max_depth50,-3.002301536428834,0.10542035714335793
32,0,RandomForestRegressor_n_estimators50_max_depth50,-1.8708536226514196,0.03437591221505028
33,0,RandomForestRegressor_n_estimators50_max_depth50,-1.0058090057522708,0.13628579598238186
21,0,RandomForestRegressor_n_estimators50_max_depth100,-0.8836525752716531,0.04769377933759725
27,0,RandomForestRegressor_n_estimators50_max_depth100,-2.37855081979765,0.05158487866047083
28,0,RandomForestRegressor_n_estimators50_max_depth100,-2.8823118769597604,0.10225983746746505
32,0,RandomForestRegressor_n_estimators50_max_depth100,-2.4767229837677496,0.041630657565768704
33,0,RandomForestRegressor_n_estimators50_max_depth100,-0.7080824096120044,0.11605659867409501
21,0,RandomForestRegressor_n_estimators100_max_depthNone,-0.566831034040344,0.039671909022842226
27,0,RandomForestRegressor_n_estimators100_max_depthNone,-2.329958931763421,0.05084296096207759
28,0,RandomForestRegressor_n_estimators100_max_depthNone,-2.375538934457647,0.08891147175766088
32,0,RandomForestRegressor_n_estimators100_max_depthNone,-2.2215442571021455,0.03857511985468763
33,0,RandomForestRegressor_n_estimators100_max_depthNone,-0.7463481360337165,0.11865658449989962
21,0,RandomForestRegressor_n_estimators100_max_depth10,-0.49059654013363674,0.03774166393516965
27,0,RandomForestRegressor_n_estimators100_max_depth10,-2.0835045079091903,0.04708000985435437
28,0,RandomForestRegressor_n_estimators100_max_depth10,-2.445678777731269,0.09075895057967938
32,0,RandomForestRegressor_n_estimators100_max_depth10,-1.74412793425264,0.03285848509671293
33,0,RandomForestRegressor_n_estimators100_max_depth10,-0.6184039208728793,0.10996334443839327
21,0,RandomForestRegressor_n_estimators100_max_depth20,-0.6373994173872095,0.041458689105188885
27,0,RandomForestRegressor_n_estimators100_max_depth20,-2.92759404235557,0.059967859863251885
28,0,RandomForestRegressor_n_estimators100_max_depth20,-2.5521310184695136,0.09356289554364375
32,0,RandomForestRegressor_n_estimators100_max_depth20,-2.221092240856833,0.03856970736320913
33,0,RandomForestRegressor_n_estimators100_max_depth20,-0.7489426111647111,0.11883286753949612
21,0,RandomForestRegressor_n_estimators100_max_depth50,-0.6443795753375037,0.04163542557846071
27,0,RandomForestRegressor_n_estimators100_max_depth50,-2.625883321815307,0.05536123656830767
28,0,RandomForestRegressor_n_estimators100_max_depth50,-2.1509509427966162,0.08299583894601095
32,0,RandomForestRegressor_n_estimators100_max_depth50,-2.0970939755163496,0.037084938703974515
33,0,RandomForestRegressor_n_estimators100_max_depth50,-0.7605426483064204,0.11962103844248305
21,0,RandomForestRegressor_n_estimators100_max_depth100,-0.7497182500002981,0.0443025838278304
27,0,RandomForestRegressor_n_estimators100_max_depth100,-2.1349613349408525,0.04786567042903832
28,0,RandomForestRegressor_n_estimators100_max_depth100,-2.6317683010300716,0.0956605362868626
32,0,RandomForestRegressor_n_estimators100_max_depth100,-2.4472610779826782,0.04127787751492783
33,0,RandomForestRegressor_n_estimators100_max_depth100,-0.7289330369861098,0.11747330601774673
21,0,RandomForestRegressor_n_estimators200_max_depthNone,-0.658413961701164,0.041990773977180394
27,0,RandomForestRegressor_n_estimators200_max_depthNone,-2.1681977735958062,0.048373135832570316
28,0,RandomForestRegressor_n_estimators200_max_depthNone,-2.5762928437716304,0.09419931642033194
32,0,RandomForestRegressor_n_estimators200_max_depthNone,-2.090362304055519,0.037004332940806295
33,0,RandomForestRegressor_n_estimators200_max_depthNone,-0.8578310090447581,0.1262313496161896
21,0,RandomForestRegressor_n_estimators200_max_depth10,-0.4151837016869948,0.03583222303119759
27,0,RandomForestRegressor_n_estimators200_max_depth10,-2.179859402172561,0.04855118959798664
28,0,RandomForestRegressor_n_estimators200_max_depth10,-2.5260599346085773,0.09287618492308748
32,0,RandomForestRegressor_n_estimators200_max_depth10,-1.9874034844668689,0.035771492883751824
33,0,RandomForestRegressor_n_estimators200_max_depth10,-0.65980186785853,0.11277615071296669
21,0,RandomForestRegressor_n_estimators200_max_depth20,-0.739354774642025,0.044040182303580734
27,0,RandomForestRegressor_n_estimators200_max_depth20,-2.1508412048384744,0.04810812975716586
28,0,RandomForestRegressor_n_estimators200_max_depth20,-2.798356590529284,0.1000484607885677
32,0,RandomForestRegressor_n_estimators200_max_depth20,-2.0737468384222457,0.0368053775557198
33,0,RandomForestRegressor_n_estimators200_max_depth20,-0.8096258039475963,0.12295602044560551
21,0,RandomForestRegressor_n_estimators200_max_depth50,-0.49823803230866526,0.03793514528432621
27,0,RandomForestRegressor_n_estimators200_max_depth50,-2.1016930298911882,0.04735771847840605
28,0,RandomForestRegressor_n_estimators200_max_depth50,-2.3329856885999507,0.08779062208276851
32,0,RandomForestRegressor_n_estimators200_max_depth50,-2.279253702969744,0.03926613900992119
33,0,RandomForestRegressor_n_estimators200_max_depth50,-0.6361431839595795,0.11116864842445505
21,0,RandomForestRegressor_n_estimators200_max_depth100,-0.512410602853036,0.0382939924842098
27,0,RandomForestRegressor_n_estimators200_max_depth100,-1.953235630853814,0.045091019729724596
28,0,RandomForestRegressor_n_estimators200_max_depth100,-2.507828447564156,0.09239596876296469
32,0,RandomForestRegressor_n_estimators200_max_depth100,-2.059250990223015,0.036631802699360796
33,0,RandomForestRegressor_n_estimators200_max_depth100,-0.7243633178160942,0.11716281393564147
21,0,RandomForestRegressor_n_estimators600_max_depthNone,-0.6230659651158179,0.04109576840593034
27,0,RandomForestRegressor_n_estimators600_max_depthNone,-2.1073598058229943,0.047444240766934424
28,0,RandomForestRegressor_n_estimators600_max_depthNone,-2.5008832336219005,0.09221303228814753
32,0,RandomForestRegressor_n_estimators600_max_depthNone,-2.117788693926918,0.03733273950363349
33,0,RandomForestRegressor_n_estimators600_max_depthNone,-0.7527138556903408,0.1190891068227707
21,0,RandomForestRegressor_n_estimators600_max_depth10,-0.4277983947224011,0.03615162502386889
27,0,RandomForestRegressor_n_estimators600_max_depth10,-2.157710162914242,0.0482130073771164
28,0,RandomForestRegressor_n_estimators600_max_depth10,-2.447170358088988,0.09079823870741976
32,0,RandomForestRegressor_n_estimators600_max_depth10,-1.8411426879287185,0.0340201502647383
33,0,RandomForestRegressor_n_estimators600_max_depth10,-0.6933614658470924,0.11505637605426462
21,0,RandomForestRegressor_n_estimators600_max_depth20,-0.6586684046557996,0.04199721643174537
27,0,RandomForestRegressor_n_estimators600_max_depth20,-2.1219594414273963,0.0476671530365167
28,0,RandomForestRegressor_n_estimators600_max_depth20,-2.587301542524675,0.09448928481568307
32,0,RandomForestRegressor_n_estimators600_max_depth20,-2.1330579267814924,0.0375155749516196
33,0,RandomForestRegressor_n_estimators600_max_depth20,-0.6727030488199257,0.11365272854834096
21,0,RandomForestRegressor_n_estimators600_max_depth50,-0.617902771021593,0.040965037164384044
27,0,RandomForestRegressor_n_estimators600_max_depth50,-2.2159431490225185,0.04910212868463968
28,0,RandomForestRegressor_n_estimators600_max_depth50,-2.5291220590448646,0.09295684107774065
32,0,RandomForestRegressor_n_estimators600_max_depth50,-2.050728570717443,0.03652975432515187
33,0,RandomForestRegressor_n_estimators600_max_depth50,-0.7000633453476666,0.11551173894260265
21,0,RandomForestRegressor_n_estimators600_max_depth100,-0.6974602957547964,0.04297942085651667
27,0,RandomForestRegressor_n_estimators600_max_depth100,-2.2357981050519387,0.04940528099822482
28,0,RandomForestRegressor_n_estimators600_max_depth100,-2.618853048578445,0.09532034939348275
32,0,RandomForestRegressor_n_estimators600_max_depth100,-1.9972561384756844,0.03588946962997809
33,0,RandomForestRegressor_n_estimators600_max_depth100,-0.6513535247640103,0.11220212339527746
21,0,RandomForestRegressor_n_estimators1000_max_depthNone,-0.6705807107235642,0.042298834099704107
27,0,RandomForestRegressor_n_estimators1000_max_depthNone,-2.209164014242636,0.048998622517736984
28,0,RandomForestRegressor_n_estimators1000_max_depthNone,-2.5847623496253593,0.09442240264304683
32,0,RandomForestRegressor_n_estimators1000_max_depthNone,-2.0647734921751666,0.03669792973586894
33,0,RandomForestRegressor_n_estimators1000_max_depthNone,-0.6745975067985375,0.11378144853754724
21,0,RandomForestRegressor_n_estimators1000_max_depth10,-0.36403032246104616,0.03453702772119039
27,0,RandomForestRegressor_n_estimators1000_max_depth10,-2.186190530260602,0.04864785544426953
28,0,RandomForestRegressor_n_estimators1000_max_depth10,-2.481435315259389,0.09170077540774761
32,0,RandomForestRegressor_n_estimators1000_max_depth10,-1.907672102174924,0.03481678067661352
33,0,RandomForestRegressor_n_estimators1000_max_depth10,-0.6929198790748172,0.11502637219817353
21,0,RandomForestRegressor_n_estimators1000_max_depth20,-0.5093393263773682,0.03821622825930005
27,0,RandomForestRegressor_n_estimators1000_max_depth20,-2.242736742062081,0.049511222500166964
28,0,RandomForestRegressor_n_estimators1000_max_depth20,-2.663127768451738,0.09648654257982357
32,0,RandomForestRegressor_n_estimators1000_max_depth20,-2.057397512846973,0.03660960896051298
33,0,RandomForestRegressor_n_estimators1000_max_depth20,-0.6938248988959297,0.11508786426763101
21,0,RandomForestRegressor_n_estimators1000_max_depth50,-0.5829107455866904,0.04007904472523844
27,0,RandomForestRegressor_n_estimators1000_max_depth50,-2.4112113760021345,0.05208355129221557
28,0,RandomForestRegressor_n_estimators1000_max_depth50,-2.5032291207904773,0.092274822800651
32,0,RandomForestRegressor_n_estimators1000_max_depth50,-2.1247026324507337,0.037415527752354946
33,0,RandomForestRegressor_n_estimators1000_max_depth50,-0.6724617417267644,0.11363633280519027
21,0,RandomForestRegressor_n_estimators1000_max_depth100,-0.6278078180540687,0.041215831357377566
27,0,RandomForestRegressor_n_estimators1000_max_depth100,-2.020400228803455,0.04611651196598435
28,0,RandomForestRegressor_n_estimators1000_max_depth100,-2.580896425476269,0.09432057445724504
32,0,RandomForestRegressor_n_estimators1000_max_depth100,-2.122001869353282,0.03738318852251086
33,0,RandomForestRegressor_n_estimators1000_max_depth100,-0.6987801596958445,0.11542455218780684
21,0,GradientBoostingRegressor_n_estimators50_learning_rate0.01_max_depth3,-0.03288501188340365,0.02615248187727727
27,0,GradientBoostingRegressor_n_estimators50_learning_rate0.01_max_depth3,0.0972669408440261,0.013783239561317474
28,0,GradientBoostingRegressor_n_estimators50_learning_rate0.01_max_depth3,-0.4163264431303648,0.03730594461895807
32,0,GradientBoostingRegressor_n_estimators50_learning_rate0.01_max_depth3,-0.2561700661346533,0.015041516425604928
33,0,GradientBoostingRegressor_n_estimators50_learning_rate0.01_max_depth3,0.07099773673575493,0.0631215696785235
21,0,GradientBoostingRegressor_n_estimators50_learning_rate0.01_max_depth5,0.10934833039747527,0.02255115659561546
27,0,GradientBoostingRegressor_n_estimators50_learning_rate0.01_max_depth5,-0.032104447097120126,0.0157585265127449
28,0,GradientBoostingRegressor_n_estimators50_learning_rate0.01_max_depth5,-0.6022460940608279,0.042203055899220646
32,0,GradientBoostingRegressor_n_estimators50_learning_rate0.01_max_depth5,-0.385812385697452,0.016593867601395744
33,0,GradientBoostingRegressor_n_estimators50_learning_rate0.01_max_depth5,0.00197692071033595,0.06781122698108899
21,0,GradientBoostingRegressor_n_estimators50_learning_rate0.01_max_depth7,0.03073354147935048,0.024541670368991155
27,0,GradientBoostingRegressor_n_estimators50_learning_rate0.01_max_depth7,-0.32170426861890267,0.02018023642628407
28,0,GradientBoostingRegressor_n_estimators50_learning_rate0.01_max_depth7,-0.5662224617990796,0.04125419581357526
32,0,GradientBoostingRegressor_n_estimators50_learning_rate0.01_max_depth7,-0.555853041902632,0.01862995283561967
33,0,GradientBoostingRegressor_n_estimators50_learning_rate0.01_max_depth7,0.0516921719965352,0.06443329689174697
21,0,GradientBoostingRegressor_n_estimators50_learning_rate0.1_max_depth3,-0.0007868363252185873,0.02533976125017821
27,0,GradientBoostingRegressor_n_estimators50_learning_rate0.1_max_depth3,-1.0647046309773458,0.031524622105597803
28,0,GradientBoostingRegressor_n_estimators50_learning_rate0.1_max_depth3,-1.8581520511387262,0.07528353555037623
32,0,GradientBoostingRegressor_n_estimators50_learning_rate0.1_max_depth3,-2.5394490906936764,0.042381746763860965
33,0,GradientBoostingRegressor_n_estimators50_learning_rate0.1_max_depth3,-0.6218712170327214,0.11019893178279923
21,0,GradientBoostingRegressor_n_estimators50_learning_rate0.1_max_depth5,-0.4937725072130523,0.03782207890927775
27,0,GradientBoostingRegressor_n_estimators50_learning_rate0.1_max_depth5,-2.4427543790001964,0.05256516073633201
28,0,GradientBoostingRegressor_n_estimators50_learning_rate0.1_max_depth5,-2.8346281754133886,0.10100385192984833
32,0,GradientBoostingRegressor_n_estimators50_learning_rate0.1_max_depth5,-2.6749982898031868,0.0440048275551085
33,0,GradientBoostingRegressor_n_estimators50_learning_rate0.1_max_depth5,-0.9038114673162021,0.12935551714020976
21,0,GradientBoostingRegressor_n_estimators50_learning_rate0.1_max_depth7,-0.6434723157899791,0.04161245391307526
27,0,GradientBoostingRegressor_n_estimators50_learning_rate0.1_max_depth7,-3.494837786565583,0.06862873290518445
28,0,GradientBoostingRegressor_n_estimators50_learning_rate0.1_max_depth7,-2.7714597734418396,0.09934000040956588
32,0,GradientBoostingRegressor_n_estimators50_learning_rate0.1_max_depth7,-2.024462152176031,0.03621523738466452
33,0,GradientBoostingRegressor_n_estimators50_learning_rate0.1_max_depth7,-1.3886900212148308,0.1623008571418502
21,0,GradientBoostingRegressor_n_estimators50_learning_rate0.2_max_depth3,-0.4201453392775214,0.035957850894585065
27,0,GradientBoostingRegressor_n_estimators50_learning_rate0.2_max_depth3,-2.686088155508299,0.056280464724542074
28,0,GradientBoostingRegressor_n_estimators50_learning_rate0.2_max_depth3,-2.7436631018769466,0.09860783792328247
32,0,GradientBoostingRegressor_n_estimators50_learning_rate0.2_max_depth3,-6.723201411968841,0.09247845019412519
33,0,GradientBoostingRegressor_n_estimators50_learning_rate0.2_max_depth3,-0.7268491886120085,0.11733171779396445
21,0,GradientBoostingRegressor_n_estimators50_learning_rate0.2_max_depth5,-1.1875227826634784,0.05538772396882816
27,0,GradientBoostingRegressor_n_estimators50_learning_rate0.2_max_depth5,-4.680690186918575,0.08673473617231925
28,0,GradientBoostingRegressor_n_estimators50_learning_rate0.2_max_depth5,-3.1002302101884966,0.1079997919181627
32,0,GradientBoostingRegressor_n_estimators50_learning_rate0.2_max_depth5,-3.7692441390317715,0.05710744586973522
33,0,GradientBoostingRegressor_n_estimators50_learning_rate0.2_max_depth5,-1.4525777197708458,0.16664174195501982
21,0,GradientBoostingRegressor_n_estimators50_learning_rate0.2_max_depth7,-2.03800415436788,0.07692177510188117
27,0,GradientBoostingRegressor_n_estimators50_learning_rate0.2_max_depth7,-4.201754821309785,0.0794221858988806
28,0,GradientBoostingRegressor_n_estimators50_learning_rate0.2_max_depth7,-3.2571747684515797,0.11213370117842386
32,0,GradientBoostingRegressor_n_estimators50_learning_rate0.2_max_depth7,-3.181658391738405,0.050071630491201016
33,0,GradientBoostingRegressor_n_estimators50_learning_rate0.2_max_depth7,-1.7081730946611535,0.18400831026558365
21,0,GradientBoostingRegressor_n_estimators100_learning_rate0.01_max_depth3,0.051141590172926965,0.02402494186826856
27,0,GradientBoostingRegressor_n_estimators100_learning_rate0.01_max_depth3,-0.06174531303703468,0.01621109347250232
28,0,GradientBoostingRegressor_n_estimators100_learning_rate0.01_max_depth3,-0.8658863948780637,0.04914732394513466
32,0,GradientBoostingRegressor_n_estimators100_learning_rate0.01_max_depth3,-0.47161202894104903,0.017621241822412464
33,0,GradientBoostingRegressor_n_estimators100_learning_rate0.01_max_depth3,-0.06665670326255202,0.07247457630671057
21,0,GradientBoostingRegressor_n_estimators100_learning_rate0.01_max_depth5,0.0142028560054136,0.02496022465848346
27,0,GradientBoostingRegressor_n_estimators100_learning_rate0.01_max_depth5,-0.40586519058503856,0.02146523439705205
28,0,GradientBoostingRegressor_n_estimators100_learning_rate0.01_max_depth5,-1.1452865638674474,0.056506705873927796
32,0,GradientBoostingRegressor_n_estimators100_learning_rate0.01_max_depth5,-0.9160494543921351,0.022942983691048496
33,0,GradientBoostingRegressor_n_estimators100_learning_rate0.01_max_depth5,-0.2152414700988805,0.082570250002996
21,0,GradientBoostingRegressor_n_estimators100_learning_rate0.01_max_depth7,-0.16649584303410814,0.029535486568094873
27,0,GradientBoostingRegressor_n_estimators100_learning_rate0.01_max_depth7,-1.2904512805524986,0.034971399776693946
28,0,GradientBoostingRegressor_n_estimators100_learning_rate0.01_max_depth7,-1.2008241651880027,0.05796956261093479
32,0,GradientBoostingRegressor_n_estimators100_learning_rate0.01_max_depth7,-1.1696199557387574,0.025979264337975844
33,0,GradientBoostingRegressor_n_estimators100_learning_rate0.01_max_depth7,-0.21702154176397337,0.08269119795122394
21,0,GradientBoostingRegressor_n_estimators100_learning_rate0.1_max_depth3,-0.08463373096912385,0.027462751096494466
27,0,GradientBoostingRegressor_n_estimators100_learning_rate0.1_max_depth3,-2.036637573893982,0.04636442934859551
28,0,GradientBoostingRegressor_n_estimators100_learning_rate0.1_max_depth3,-2.769271207567572,0.09928235372952514
32,0,GradientBoostingRegressor_n_estimators100_learning_rate0.1_max_depth3,-3.574253234054069,0.05477260365438881
33,0,GradientBoostingRegressor_n_estimators100_learning_rate0.1_max_depth3,-0.8032197073593914,0.12252075468991304
21,0,GradientBoostingRegressor_n_estimators100_learning_rate0.1_max_depth5,-1.124436002909336,0.05379037688252711
27,0,GradientBoostingRegressor_n_estimators100_learning_rate0.1_max_depth5,-3.066003263967513,0.062081139574927176
28,0,GradientBoostingRegressor_n_estimators100_learning_rate0.1_max_depth5,-3.340845833154769,0.11433759147586649
32,0,GradientBoostingRegressor_n_estimators100_learning_rate0.1_max_depth5,-3.1980046016432526,0.0502673617790327
33,0,GradientBoostingRegressor_n_estimators100_learning_rate0.1_max_depth5,-1.4361092305070224,0.16552278139521034
21,0,GradientBoostingRegressor_n_estimators100_learning_rate0.1_max_depth7,-1.0186682969144134,0.051112355629038674
27,0,GradientBoostingRegressor_n_estimators100_learning_rate0.1_max_depth7,-4.0362650702783744,0.0768954313281093
28,0,GradientBoostingRegressor_n_estimators100_learning_rate0.1_max_depth7,-3.018980805668906,0.10585968798941595
32,0,GradientBoostingRegressor_n_estimators100_learning_rate0.1_max_depth7,-2.4426414169613677,0.04122256119351078
33,0,GradientBoostingRegressor_n_estimators100_learning_rate0.1_max_depth7,-1.6087419544883432,0.17725240676478896
21,0,GradientBoostingRegressor_n_estimators100_learning_rate0.2_max_depth3,-1.3209701644200962,0.058766590147354934
27,0,GradientBoostingRegressor_n_estimators100_learning_rate0.2_max_depth3,-4.1660035607887025,0.07887632332812035
28,0,GradientBoostingRegressor_n_estimators100_learning_rate0.2_max_depth3,-3.289565299831625,0.1129868656276958
32,0,GradientBoostingRegressor_n_estimators100_learning_rate0.2_max_depth3,-9.188343569226289,0.1219963293806082
33,0,GradientBoostingRegressor_n_estimators100_learning_rate0.2_max_depth3,-0.9410701489056046,0.13188707875106284
21,0,GradientBoostingRegressor_n_estimators100_learning_rate0.2_max_depth5,-1.3586987469235186,0.059721871770017775
27,0,GradientBoostingRegressor_n_estimators100_learning_rate0.2_max_depth5,-6.23022815411888,0.11039361605342984
28,0,GradientBoostingRegressor_n_estimators100_learning_rate0.2_max_depth5,-3.896451382375277,0.12897220480935365
32,0,GradientBoostingRegressor_n_estimators100_learning_rate0.2_max_depth5,-4.113338414205097,0.06122766798894419
33,0,GradientBoostingRegressor_n_estimators100_learning_rate0.2_max_depth5,-1.7059331685379946,0.1838561172533073
21,0,GradientBoostingRegressor_n_estimators100_learning_rate0.2_max_depth7,-2.1613219088876012,0.08004416075286745
27,0,GradientBoostingRegressor_n_estimators100_learning_rate0.2_max_depth7,-4.8529428356158455,0.08936474899613867
28,0,GradientBoostingRegressor_n_estimators100_learning_rate0.2_max_depth7,-3.585609172446535,0.1207846416066176
32,0,GradientBoostingRegressor_n_estimators100_learning_rate0.2_max_depth7,-2.6396603324559234,0.04358168702643647
33,0,GradientBoostingRegressor_n_estimators100_learning_rate0.2_max_depth7,-1.780220549639132,0.18890361421626864
21,0,GradientBoostingRegressor_n_estimators200_learning_rate0.01_max_depth3,0.13310768549486485,0.021949573557376523
27,0,GradientBoostingRegressor_n_estimators200_learning_rate0.01_max_depth3,-0.5461424484619777,0.023607035930420395
28,0,GradientBoostingRegressor_n_estimators200_learning_rate0.01_max_depth3,-1.3811171945132346,0.06271846905112345
32,0,GradientBoostingRegressor_n_estimators200_learning_rate0.01_max_depth3,-1.466936104493985,0.029539360104992772
33,0,GradientBoostingRegressor_n_estimators200_learning_rate0.01_max_depth3,-0.2789976676596071,0.08690219990872235
21,0,GradientBoostingRegressor_n_estimators200_learning_rate0.01_max_depth5,-0.23014993344479717,0.03114719786870191
27,0,GradientBoostingRegressor_n_estimators200_learning_rate0.01_max_depth5,-1.1558699469700118,0.032916565579103656
28,0,GradientBoostingRegressor_n_estimators200_learning_rate0.01_max_depth5,-2.176995182756527,0.08368184249999376
32,0,GradientBoostingRegressor_n_estimators200_learning_rate0.01_max_depth5,-1.5299277403067366,0.03029362877473487
33,0,GradientBoostingRegressor_n_estimators200_learning_rate0.01_max_depth5,-0.6778591551119699,0.1140030630259337
21,0,GradientBoostingRegressor_n_estimators200_learning_rate0.01_max_depth7,-0.44781770173524227,0.03665851064794655
27,0,GradientBoostingRegressor_n_estimators200_learning_rate0.01_max_depth7,-2.255454439947645,0.04970540069586646
28,0,GradientBoostingRegressor_n_estimators200_learning_rate0.01_max_depth7,-2.259317457207777,0.08585020575161621
32,0,GradientBoostingRegressor_n_estimators200_learning_rate0.01_max_depth7,-1.77255822593416,0.033198912488545465
33,0,GradientBoostingRegressor_n_estimators200_learning_rate0.01_max_depth7,-0.7858771543216334,0.12134240538629572
21,0,GradientBoostingRegressor_n_estimators200_learning_rate0.1_max_depth3,-0.7049485800338708,0.04316902300646296
27,0,GradientBoostingRegressor_n_estimators200_learning_rate0.1_max_depth3,-3.0160581288078987,0.06131856003289624
28,0,GradientBoostingRegressor_n_estimators200_learning_rate0.1_max_depth3,-3.4742290267095584,0.11785089595167422
32,0,GradientBoostingRegressor_n_estimators200_learning_rate0.1_max_depth3,-6.156356276137004,0.08569098514361277
33,0,GradientBoostingRegressor_n_estimators200_learning_rate0.1_max_depth3,-1.2311062922311025,0.15159374401351683
21,0,GradientBoostingRegressor_n_estimators200_learning_rate0.1_max_depth5,-1.487346614511981,0.06297921502405797
27,0,GradientBoostingRegressor_n_estimators200_learning_rate0.1_max_depth5,-4.070026624240025,0.07741091437317564
28,0,GradientBoostingRegressor_n_estimators200_learning_rate0.1_max_depth5,-4.3214816157947755,0.14016747298092386
32,0,GradientBoostingRegressor_n_estimators200_learning_rate0.1_max_depth5,-3.9688668225475077,0.059497749502956346
33,0,GradientBoostingRegressor_n_estimators200_learning_rate0.1_max_depth5,-1.7283325128314697,0.18537805301975618
21,0,GradientBoostingRegressor_n_estimators200_learning_rate0.1_max_depth7,-1.1628025514509215,0.05476181170236043
27,0,GradientBoostingRegressor_n_estimators200_learning_rate0.1_max_depth7,-4.670029826610545,0.08657197011601361
28,0,GradientBoostingRegressor_n_estimators200_learning_rate0.1_max_depth7,-3.416320412703455,0.1163255868977124
32,0,GradientBoostingRegressor_n_estimators200_learning_rate0.1_max_depth7,-2.622695137115021,0.04337854393995217
33,0,GradientBoostingRegressor_n_estimators200_learning_rate0.1_max_depth7,-1.7232047213371753,0.1850296424066682
21,0,GradientBoostingRegressor_n_estimators200_learning_rate0.2_max_depth3,-1.9037318159389094,0.07352202115349132
27,0,GradientBoostingRegressor_n_estimators200_learning_rate0.2_max_depth3,-6.358338063383741,0.1123496423135373
28,0,GradientBoostingRegressor_n_estimators200_learning_rate0.2_max_depth3,-4.165582780803139,0.13606110800230803
32,0,GradientBoostingRegressor_n_estimators200_learning_rate0.2_max_depth3,-12.551016305782314,0.1622613369336695
33,0,GradientBoostingRegressor_n_estimators200_learning_rate0.2_max_depth3,-1.4663316611643817,0.16757626106692802
21,0,GradientBoostingRegressor_n_estimators200_learning_rate0.2_max_depth5,-2.0084112225019184,0.07617248684092669
27,0,GradientBoostingRegressor_n_estimators200_learning_rate0.2_max_depth5,-5.798691126022967,0.103804759937552
28,0,GradientBoostingRegressor_n_estimators200_learning_rate0.2_max_depth5,-4.090831572890307,0.13409216614139577
32,0,GradientBoostingRegressor_n_estimators200_learning_rate0.2_max_depth5,-4.572800504838841,0.06672931682577407
33,0,GradientBoostingRegressor_n_estimators200_learning_rate0.2_max_depth5,-2.1722716554847117,0.2155417422098653
21,0,GradientBoostingRegressor_n_estimators200_learning_rate0.2_max_depth7,-2.393596219357437,0.08592530882378667
27,0,GradientBoostingRegressor_n_estimators200_learning_rate0.2_max_depth7,-4.964001243974733,0.0910604270619673
28,0,GradientBoostingRegressor_n_estimators200_learning_rate0.2_max_depth7,-3.488197260227108,0.11821881829652478
32,0,GradientBoostingRegressor_n_estimators200_learning_rate0.2_max_depth7,-3.1333467935044164,0.049493142181397685
33,0,GradientBoostingRegressor_n_estimators200_learning_rate0.2_max_depth7,-2.0886036427645522,0.20985687307270914
21,0,DecisionTreeRegressor_max_depth10_min_samples_split2_min_samples_leaf1,-9.483764745293701,0.2654472321241138
27,0,DecisionTreeRegressor_max_depth10_min_samples_split2_min_samples_leaf1,-2.742709964856621,0.05714498602984671
28,0,DecisionTreeRegressor_max_depth10_min_samples_split2_min_samples_leaf1,-4.699064757069379,0.1501129878908266
32,0,DecisionTreeRegressor_max_depth10_min_samples_split2_min_samples_leaf1,-4.7504964698197245,0.06885706755641215
33,0,DecisionTreeRegressor_max_depth10_min_samples_split2_min_samples_leaf1,-5.2920311826786595,0.4275155189841822
21,0,DecisionTreeRegressor_max_depth10_min_samples_split2_min_samples_leaf2,-2.8338051778425832,0.0970713286387179
27,0,DecisionTreeRegressor_max_depth10_min_samples_split2_min_samples_leaf2,-2.6146601882324787,0.055189877895628264
28,0,DecisionTreeRegressor_max_depth10_min_samples_split2_min_samples_leaf2,-3.5883739938706407,0.12085746681963913
32,0,DecisionTreeRegressor_max_depth10_min_samples_split2_min_samples_leaf2,-4.653219678259583,0.0676922647183821
33,0,DecisionTreeRegressor_max_depth10_min_samples_split2_min_samples_leaf2,-2.0561076399871365,0.20764891429295243
21,0,DecisionTreeRegressor_max_depth10_min_samples_split2_min_samples_leaf4,-2.263371386594052,0.08262803706591133
27,0,DecisionTreeRegressor_max_depth10_min_samples_split2_min_samples_leaf4,-2.7925087730570604,0.05790533140141924
28,0,DecisionTreeRegressor_max_depth10_min_samples_split2_min_samples_leaf4,-4.439959485968381,0.14328817222699577
32,0,DecisionTreeRegressor_max_depth10_min_samples_split2_min_samples_leaf4,-6.959681864008975,0.0953100927396616
33,0,DecisionTreeRegressor_max_depth10_min_samples_split2_min_samples_leaf4,-1.6436011161348216,0.17962093167351378
21,0,DecisionTreeRegressor_max_depth10_min_samples_split5_min_samples_leaf1,-11.55053331980127,0.31777747902233955
27,0,DecisionTreeRegressor_max_depth10_min_samples_split5_min_samples_leaf1,-2.5166463535388064,0.053693368877592136
28,0,DecisionTreeRegressor_max_depth10_min_samples_split5_min_samples_leaf1,-3.985173637891175,0.1313091431379424
32,0,DecisionTreeRegressor_max_depth10_min_samples_split5_min_samples_leaf1,-5.273880971151575,0.07512413026227208
33,0,DecisionTreeRegressor_max_depth10_min_samples_split5_min_samples_leaf1,-5.378942873036498,0.43342078158227787
21,0,DecisionTreeRegressor_max_depth10_min_samples_split5_min_samples_leaf2,-1.5597265592851217,0.06481186354947928
27,0,DecisionTreeRegressor_max_depth10_min_samples_split5_min_samples_leaf2,-1.844701160117125,0.043433878013630516
28,0,DecisionTreeRegressor_max_depth10_min_samples_split5_min_samples_leaf2,-3.66255795859656,0.1228114675326126
32,0,DecisionTreeRegressor_max_depth10_min_samples_split5_min_samples_leaf2,-3.2337139684565486,0.05069494960487775
33,0,DecisionTreeRegressor_max_depth10_min_samples_split5_min_samples_leaf2,-2.7823742318808478,0.25699549728654314
21,0,DecisionTreeRegressor_max_depth10_min_samples_split5_min_samples_leaf4,-2.2633713865940517,0.08262803706591132
27,0,DecisionTreeRegressor_max_depth10_min_samples_split5_min_samples_leaf4,-2.806865273623324,0.05812453140141926
28,0,DecisionTreeRegressor_max_depth10_min_samples_split5_min_samples_leaf4,-4.443297070856983,0.14337608399170168
32,0,DecisionTreeRegressor_max_depth10_min_samples_split5_min_samples_leaf4,-6.959681864008975,0.0953100927396616
33,0,DecisionTreeRegressor_max_depth10_min_samples_split5_min_samples_leaf4,-1.8570257358507165,0.194122184832116
21,0,DecisionTreeRegressor_max_depth10_min_samples_split10_min_samples_leaf1,-8.822026321312867,0.2486921219796649
27,0,DecisionTreeRegressor_max_depth10_min_samples_split10_min_samples_leaf1,-1.8685753098118654,0.04379839676170098
28,0,DecisionTreeRegressor_max_depth10_min_samples_split10_min_samples_leaf1,-3.7295236356101897,0.12457533902576917
32,0,DecisionTreeRegressor_max_depth10_min_samples_split10_min_samples_leaf1,-7.08840601082578,0.0968514496155461
33,0,DecisionTreeRegressor_max_depth10_min_samples_split10_min_samples_leaf1,-2.403796542358183,0.23127282797465773
21,0,DecisionTreeRegressor_max_depth10_min_samples_split10_min_samples_leaf2,-1.6934768927895667,0.06819840041738927
27,0,DecisionTreeRegressor_max_depth10_min_samples_split10_min_samples_leaf2,-2.195655208013582,0.0487923654071172
28,0,DecisionTreeRegressor_max_depth10_min_samples_split10_min_samples_leaf2,-3.6281909841485422,0.12190624370395538
32,0,DecisionTreeRegressor_max_depth10_min_samples_split10_min_samples_leaf2,-3.196529074240771,0.05024969365410344
33,0,DecisionTreeRegressor_max_depth10_min_samples_split10_min_samples_leaf2,-1.2619619539373166,0.15369024891709182
21,0,DecisionTreeRegressor_max_depth10_min_samples_split10_min_samples_leaf4,-2.2149810555020277,0.08140280168892391
27,0,DecisionTreeRegressor_max_depth10_min_samples_split10_min_samples_leaf4,-3.5373836330846036,0.06927833755737144
28,0,DecisionTreeRegressor_max_depth10_min_samples_split10_min_samples_leaf4,-4.144527651628415,0.1355065172956619
32,0,DecisionTreeRegressor_max_depth10_min_samples_split10_min_samples_leaf4,-6.757890821598653,0.09289382494218532
33,0,DecisionTreeRegressor_max_depth10_min_samples_split10_min_samples_leaf4,-1.5933353992649404,0.17620559989736218
21,0,DecisionTreeRegressor_max_depth20_min_samples_split2_min_samples_leaf1,-10.17328810635218,0.2829058523931402
27,0,DecisionTreeRegressor_max_depth20_min_samples_split2_min_samples_leaf1,-7.369615364558895,0.12779017278225854
28,0,DecisionTreeRegressor_max_depth20_min_samples_split2_min_samples_leaf1,-4.529444414487676,0.14564519931193382
32,0,DecisionTreeRegressor_max_depth20_min_samples_split2_min_samples_leaf1,-17.65906966073739,0.2234257210507379
33,0,DecisionTreeRegressor_max_depth20_min_samples_split2_min_samples_leaf1,-5.26191161920262,0.42546902867967074
21,0,DecisionTreeRegressor_max_depth20_min_samples_split2_min_samples_leaf2,-2.9802618410135553,0.10077958772401646
27,0,DecisionTreeRegressor_max_depth20_min_samples_split2_min_samples_leaf2,-3.628443318681758,0.0706686682295829
28,0,DecisionTreeRegressor_max_depth20_min_samples_split2_min_samples_leaf2,-4.846851049710472,0.15400566904173718
32,0,DecisionTreeRegressor_max_depth20_min_samples_split2_min_samples_leaf2,-9.995440009118415,0.13166058956716112
33,0,DecisionTreeRegressor_max_depth20_min_samples_split2_min_samples_leaf2,-3.2272787354282153,0.2872247784535
21,0,DecisionTreeRegressor_max_depth20_min_samples_split2_min_samples_leaf4,-2.529669309427087,0.08937065751322369
27,0,DecisionTreeRegressor_max_depth20_min_samples_split2_min_samples_leaf4,-3.828918597676454,0.07372959390243833
28,0,DecisionTreeRegressor_max_depth20_min_samples_split2_min_samples_leaf4,-4.728377196324139,0.15088507559757575
32,0,DecisionTreeRegressor_max_depth20_min_samples_split2_min_samples_leaf4,-7.089685328879822,0.09686676830848603
33,0,DecisionTreeRegressor_max_depth20_min_samples_split2_min_samples_leaf4,-1.8162330014332309,0.19135050005832077
21,0,DecisionTreeRegressor_max_depth20_min_samples_split5_min_samples_leaf1,-11.887746617832857,0.326315665329707
27,0,DecisionTreeRegressor_max_depth20_min_samples_split5_min_samples_leaf1,-5.499018775347043,0.09922925917641753
28,0,DecisionTreeRegressor_max_depth20_min_samples_split5_min_samples_leaf1,-4.122560014129846,0.13492789118025897
32,0,DecisionTreeRegressor_max_depth20_min_samples_split5_min_samples_leaf1,-12.128765988601437,0.15720526590251008
33,0,DecisionTreeRegressor_max_depth20_min_samples_split5_min_samples_leaf1,-1.6533978914964345,0.18028657896315556
21,0,DecisionTreeRegressor_max_depth20_min_samples_split5_min_samples_leaf2,-2.5774062331306613,0.09057934872054237
27,0,DecisionTreeRegressor_max_depth20_min_samples_split5_min_samples_leaf2,-3.0997670553965264,0.06259665678241658
28,0,DecisionTreeRegressor_max_depth20_min_samples_split5_min_samples_leaf2,-4.321599483871166,0.14017057761824211
32,0,DecisionTreeRegressor_max_depth20_min_samples_split5_min_samples_leaf2,-5.485763667695949,0.07766123661935989
33,0,DecisionTreeRegressor_max_depth20_min_samples_split5_min_samples_leaf2,-1.5166411616587117,0.17099456774552144
21,0,DecisionTreeRegressor_max_depth20_min_samples_split5_min_samples_leaf4,-2.5096269252320322,0.08886318757861518
27,0,DecisionTreeRegressor_max_depth20_min_samples_split5_min_samples_leaf4,-3.7949616314648296,0.07321112723577168
28,0,DecisionTreeRegressor_max_depth20_min_samples_split5_min_samples_leaf4,-4.7112454857175665,0.15043382747591796
32,0,DecisionTreeRegressor_max_depth20_min_samples_split5_min_samples_leaf4,-6.725556546706126,0.0925066508325502
33,0,DecisionTreeRegressor_max_depth20_min_samples_split5_min_samples_leaf4,-1.6033534174257302,0.17688627965066558
21,0,DecisionTreeRegressor_max_depth20_min_samples_split10_min_samples_leaf1,-9.164289682419541,0.2573581750694243
27,0,DecisionTreeRegressor_max_depth20_min_samples_split10_min_samples_leaf1,-3.482950163588791,0.06844722857935757
28,0,DecisionTreeRegressor_max_depth20_min_samples_split10_min_samples_leaf1,-3.9118611932708696,0.1293780982067748
32,0,DecisionTreeRegressor_max_depth20_min_samples_split10_min_samples_leaf1,-8.284251465927259,0.11117063261498066
33,0,DecisionTreeRegressor_max_depth20_min_samples_split10_min_samples_leaf1,-1.5546680430485842,0.17357832511428584
21,0,DecisionTreeRegressor_max_depth20_min_samples_split10_min_samples_leaf2,-2.2648384859112376,0.08266518378395199
27,0,DecisionTreeRegressor_max_depth20_min_samples_split10_min_samples_leaf2,-3.2353449184143965,0.0646667063349764
28,0,DecisionTreeRegressor_max_depth20_min_samples_split10_min_samples_leaf2,-3.656779564826052,0.12265926502376678
32,0,DecisionTreeRegressor_max_depth20_min_samples_split10_min_samples_leaf2,-7.320623798049571,0.09963205055088942
33,0,DecisionTreeRegressor_max_depth20_min_samples_split10_min_samples_leaf2,-2.376009368711769,0.2293848131798084
21,0,DecisionTreeRegressor_max_depth20_min_samples_split10_min_samples_leaf4,-2.4762449087953904,0.08801796030758106
27,0,DecisionTreeRegressor_max_depth20_min_samples_split10_min_samples_leaf4,-4.262660915527237,0.0803521211425596
28,0,DecisionTreeRegressor_max_depth20_min_samples_split10_min_samples_leaf4,-4.399291004883699,0.14221696713127713
32,0,DecisionTreeRegressor_max_depth20_min_samples_split10_min_samples_leaf4,-6.8721862650045455,0.0942624109606785
33,0,DecisionTreeRegressor_max_depth20_min_samples_split10_min_samples_leaf4,-1.5398409692216157,0.17257089142902324
21,0,DecisionTreeRegressor_max_depth30_min_samples_split2_min_samples_leaf1,-10.325538326986452,0.28676080341880067
27,0,DecisionTreeRegressor_max_depth30_min_samples_split2_min_samples_leaf1,-6.052532873054186,0.10768050324229579
28,0,DecisionTreeRegressor_max_depth30_min_samples_split2_min_samples_leaf1,-4.469835504829179,0.14407510458320633
32,0,DecisionTreeRegressor_max_depth30_min_samples_split2_min_samples_leaf1,-5.668417994482588,0.07984835931129206
33,0,DecisionTreeRegressor_max_depth30_min_samples_split2_min_samples_leaf1,-2.9102225655928082,0.2656822226302759
21,0,DecisionTreeRegressor_max_depth30_min_samples_split2_min_samples_leaf2,-3.192151784782334,0.10614460691844334
27,0,DecisionTreeRegressor_max_depth30_min_samples_split2_min_samples_leaf2,-3.4550429537819634,0.06802113167911213
28,0,DecisionTreeRegressor_max_depth30_min_samples_split2_min_samples_leaf2,-4.560982528898153,0.14647591115473696
32,0,DecisionTreeRegressor_max_depth30_min_samples_split2_min_samples_leaf2,-10.35277376791859,0.13593934269726465
33,0,DecisionTreeRegressor_max_depth30_min_samples_split2_min_samples_leaf2,-1.7224586500142758,0.18497895018033486
21,0,DecisionTreeRegressor_max_depth30_min_samples_split2_min_samples_leaf4,-2.529834147119294,0.089374831176999
27,0,DecisionTreeRegressor_max_depth30_min_samples_split2_min_samples_leaf4,-3.794961631464828,0.07321112723577167
28,0,DecisionTreeRegressor_max_depth30_min_samples_split2_min_samples_leaf4,-4.754389088486943,0.15157022711272722
32,0,DecisionTreeRegressor_max_depth30_min_samples_split2_min_samples_leaf4,-6.725556546706127,0.09250665083255022
33,0,DecisionTreeRegressor_max_depth30_min_samples_split2_min_samples_leaf4,-1.6059258269720522,0.17706106343197667
21,0,DecisionTreeRegressor_max_depth30_min_samples_split5_min_samples_leaf1,-11.702727808746213,0.3216310189306168
27,0,DecisionTreeRegressor_max_depth30_min_samples_split5_min_samples_leaf1,-5.038673104347335,0.09220054276900379
28,0,DecisionTreeRegressor_max_depth30_min_samples_split5_min_samples_leaf1,-4.160313285378126,0.13592230984214596
32,0,DecisionTreeRegressor_max_depth30_min_samples_split5_min_samples_leaf1,-7.9888049888342305,0.10763292449894794
33,0,DecisionTreeRegressor_max_depth30_min_samples_split5_min_samples_leaf1,-4.988126233069035,0.40686653005165935
21,0,DecisionTreeRegressor_max_depth30_min_samples_split5_min_samples_leaf2,-2.7354141774611227,0.09458008438136217
27,0,DecisionTreeRegressor_max_depth30_min_samples_split5_min_samples_leaf2,-4.273794768564449,0.0805221166490894
28,0,DecisionTreeRegressor_max_depth30_min_samples_split5_min_samples_leaf2,-4.399516966354947,0.14222291894145006
32,0,DecisionTreeRegressor_max_depth30_min_samples_split5_min_samples_leaf2,-5.3079634549607615,0.07553223761482089
33,0,DecisionTreeRegressor_max_depth30_min_samples_split5_min_samples_leaf2,-2.8937266430526103,0.2645613981014164
21,0,DecisionTreeRegressor_max_depth30_min_samples_split5_min_samples_leaf4,-2.5348433351686133,0.08950166301033233
27,0,DecisionTreeRegressor_max_depth30_min_samples_split5_min_samples_leaf4,-3.7667232506521184,0.07277997390243834
28,0,DecisionTreeRegressor_max_depth30_min_samples_split5_min_samples_leaf4,-4.754389088486943,0.15157022711272722
32,0,DecisionTreeRegressor_max_depth30_min_samples_split5_min_samples_leaf4,-6.90486837843728,0.09465375012666788
33,0,DecisionTreeRegressor_max_depth30_min_samples_split5_min_samples_leaf4,-1.6028083817173364,0.1768492468997186
21,0,DecisionTreeRegressor_max_depth30_min_samples_split10_min_samples_leaf1,-7.440623203322776,0.21371521787823497
27,0,DecisionTreeRegressor_max_depth30_min_samples_split10_min_samples_leaf1,-3.4783483586523207,0.06837696663513108
28,0,DecisionTreeRegressor_max_depth30_min_samples_split10_min_samples_leaf1,-3.793016102554205,0.126247726395943
32,0,DecisionTreeRegressor_max_depth30_min_samples_split10_min_samples_leaf1,-4.423927547052051,0.06494669590505046
33,0,DecisionTreeRegressor_max_depth30_min_samples_split10_min_samples_leaf1,-2.3394478573837456,0.2269006211857707
21,0,DecisionTreeRegressor_max_depth30_min_samples_split10_min_samples_leaf2,-2.8704205740161255,0.09799842456308588
27,0,DecisionTreeRegressor_max_depth30_min_samples_split10_min_samples_leaf2,-3.4571162589486475,0.0680527876171619
28,0,DecisionTreeRegressor_max_depth30_min_samples_split10_min_samples_leaf2,-3.656779564826052,0.12265926502376678
32,0,DecisionTreeRegressor_max_depth30_min_samples_split10_min_samples_leaf2,-7.320623798049571,0.09963205055088942
33,0,DecisionTreeRegressor_max_depth30_min_samples_split10_min_samples_leaf2,-1.3161723375097583,0.15737360324170238
21,0,DecisionTreeRegressor_max_depth30_min_samples_split10_min_samples_leaf4,-2.371501255945982,0.0853658679145382
27,0,DecisionTreeRegressor_max_depth30_min_samples_split10_min_samples_leaf4,-4.2770174160935,0.08057132114255962
28,0,DecisionTreeRegressor_max_depth30_min_samples_split10_min_samples_leaf4,-4.3645478144289696,0.1413018337979438
32,0,DecisionTreeRegressor_max_depth30_min_samples_split10_min_samples_leaf4,-7.145081480428686,0.09753008782699799
33,0,DecisionTreeRegressor_max_depth30_min_samples_split10_min_samples_leaf4,-1.544680381552808,0.1728997079612813
21,0,DecisionTreeRegressor_max_depthNone_min_samples_split2_min_samples_leaf1,-12.435935025751423,0.34019570738519395
27,0,DecisionTreeRegressor_max_depthNone_min_samples_split2_min_samples_leaf1,-7.216431849931762,0.12545131407144053
28,0,DecisionTreeRegressor_max_depthNone_min_samples_split2_min_samples_leaf1,-5.6522818415056095,0.17522066270287526
32,0,DecisionTreeRegressor_max_depthNone_min_samples_split2_min_samples_leaf1,-7.330340879468821,0.09974840393624458
33,0,DecisionTreeRegressor_max_depthNone_min_samples_split2_min_samples_leaf1,-2.3266692690033093,0.226032372970729
21,0,DecisionTreeRegressor_max_depthNone_min_samples_split2_min_samples_leaf2,-3.1897474649060396,0.10608372992703717
27,0,DecisionTreeRegressor_max_depthNone_min_samples_split2_min_samples_leaf2,-3.930465703218135,0.07528005011786486
28,0,DecisionTreeRegressor_max_depthNone_min_samples_split2_min_samples_leaf2,-4.634325007618256,0.14840774718210215
32,0,DecisionTreeRegressor_max_depthNone_min_samples_split2_min_samples_leaf2,-5.6876916499083885,0.08007914414885844
33,0,DecisionTreeRegressor_max_depthNone_min_samples_split2_min_samples_leaf2,-1.9182119267310371,0.1982795142205774
21,0,DecisionTreeRegressor_max_depthNone_min_samples_split2_min_samples_leaf4,-2.529834147119294,0.089374831176999
27,0,DecisionTreeRegressor_max_depthNone_min_samples_split2_min_samples_leaf4,-3.828918597676455,0.07372959390243834
28,0,DecisionTreeRegressor_max_depthNone_min_samples_split2_min_samples_leaf4,-4.7283771963241366,0.15088507559757566
32,0,DecisionTreeRegressor_max_depthNone_min_samples_split2_min_samples_leaf4,-6.910373497148671,0.09471966901436842
33,0,DecisionTreeRegressor_max_depthNone_min_samples_split2_min_samples_leaf4,-1.6156021538930725,0.17771852678608221
21,0,DecisionTreeRegressor_max_depthNone_min_samples_split5_min_samples_leaf1,-12.122299325108706,0.3322545020402066
27,0,DecisionTreeRegressor_max_depthNone_min_samples_split5_min_samples_leaf1,-5.598081281361114,0.10074177966969936
28,0,DecisionTreeRegressor_max_depthNone_min_samples_split5_min_samples_leaf1,-4.49268509706995,0.14467696132805105
32,0,DecisionTreeRegressor_max_depthNone_min_samples_split5_min_samples_leaf1,-7.512342619821993,0.10192771248754187
33,0,DecisionTreeRegressor_max_depthNone_min_samples_split5_min_samples_leaf1,-3.119198893874267,0.2798812341810455
21,0,DecisionTreeRegressor_max_depthNone_min_samples_split5_min_samples_leaf2,-2.790967553657245,0.09598668690485263
27,0,DecisionTreeRegressor_max_depthNone_min_samples_split5_min_samples_leaf2,-3.6960212968680555,0.07170047209780735
28,0,DecisionTreeRegressor_max_depthNone_min_samples_split5_min_samples_leaf2,-4.260779138560291,0.13856857375474116
32,0,DecisionTreeRegressor_max_depthNone_min_samples_split5_min_samples_leaf2,-5.353131296620764,0.0760730822429122
33,0,DecisionTreeRegressor_max_depthNone_min_samples_split5_min_samples_leaf2,-2.904460335124408,0.26529070471218513
21,0,DecisionTreeRegressor_max_depthNone_min_samples_split5_min_samples_leaf4,-2.615184261847907,0.09153588231336261
27,0,DecisionTreeRegressor_max_depthNone_min_samples_split5_min_samples_leaf4,-4.867689243518615,0.08958990223577167
28,0,DecisionTreeRegressor_max_depthNone_min_samples_split5_min_samples_leaf4,-4.754389088486943,0.15157022711272722
32,0,DecisionTreeRegressor_max_depthNone_min_samples_split5_min_samples_leaf4,-6.904868378437279,0.09465375012666787
33,0,DecisionTreeRegressor_max_depthNone_min_samples_split5_min_samples_leaf4,-1.5905596452499933,0.17601699976430193
21,0,DecisionTreeRegressor_max_depthNone_min_samples_split10_min_samples_leaf1,-9.249500558050613,0.2595157006943
27,0,DecisionTreeRegressor_max_depthNone_min_samples_split10_min_samples_leaf1,-3.2121257904089875,0.06431218868387512
28,0,DecisionTreeRegressor_max_depthNone_min_samples_split10_min_samples_leaf1,-4.002827446951652,0.1317741432982643
32,0,DecisionTreeRegressor_max_depthNone_min_samples_split10_min_samples_leaf1,-8.128354793400383,0.1093039089732323
33,0,DecisionTreeRegressor_max_depthNone_min_samples_split10_min_samples_leaf1,-2.31220019735534,0.22504926394040034
21,0,DecisionTreeRegressor_max_depthNone_min_samples_split10_min_samples_leaf2,-2.3359525931628085,0.08446578150753034
27,0,DecisionTreeRegressor_max_depthNone_min_samples_split10_min_samples_leaf2,-3.2353449184143974,0.06466670633497641
28,0,DecisionTreeRegressor_max_depthNone_min_samples_split10_min_samples_leaf2,-3.463545760561665,0.11756949942956875
32,0,DecisionTreeRegressor_max_depthNone_min_samples_split10_min_samples_leaf2,-7.379412392968872,0.10033599155374891
33,0,DecisionTreeRegressor_max_depthNone_min_samples_split10_min_samples_leaf2,-1.4922407010666636,0.1693366650316602
21,0,DecisionTreeRegressor_max_depthNone_min_samples_split10_min_samples_leaf4,-2.4568513706745945,0.0875269190509018
27,0,DecisionTreeRegressor_max_depthNone_min_samples_split10_min_samples_leaf4,-4.262660915527236,0.08035212114255959
28,0,DecisionTreeRegressor_max_depthNone_min_samples_split10_min_samples_leaf4,-4.3645478144289696,0.1413018337979438
32,0,DecisionTreeRegressor_max_depthNone_min_samples_split10_min_samples_leaf4,-6.872186265004546,0.09426241096067851
33,0,DecisionTreeRegressor_max_depthNone_min_samples_split10_min_samples_leaf4,-1.5429584144763315,0.17278270796128128
21,0,SVR_C0.1_gammascale_kernellinear,-0.10180683336062168,0.027897571278705582
27,0,SVR_C0.1_gammascale_kernellinear,-0.37088985058200685,0.020931218848257327
28,0,SVR_C0.1_gammascale_kernellinear,-0.25997932919860656,0.03318777200277736
32,0,SVR_C0.1_gammascale_kernellinear,-1.025848761473041,0.024257732486217164
33,0,SVR_C0.1_gammascale_kernellinear,-0.05873371361046553,0.07193624441758346
21,0,SVR_C0.1_gammascale_kernelrbf,-0.23721026150582558,0.03132596423624459
27,0,SVR_C0.1_gammascale_kernelrbf,-0.4053201018624495,0.021456911794518092
28,0,SVR_C0.1_gammascale_kernelrbf,-0.15394279950491319,0.030394776840167573
32,0,SVR_C0.1_gammascale_kernelrbf,-1.0396381145900953,0.024422847693942873
33,0,SVR_C0.1_gammascale_kernelrbf,-0.09221710818001716,0.07421129207566896
21,0,SVR_C0.1_gamma1_kernellinear,-0.10180683336062168,0.027897571278705582
27,0,SVR_C0.1_gamma1_kernellinear,-0.37088985058200685,0.020931218848257327
28,0,SVR_C0.1_gamma1_kernellinear,-0.25997932919860656,0.03318777200277736
32,0,SVR_C0.1_gamma1_kernellinear,-1.025848761473041,0.024257732486217164
33,0,SVR_C0.1_gamma1_kernellinear,-0.05873371361046553,0.07193624441758346
21,0,SVR_C0.1_gamma1_kernelrbf,-0.1964125797142353,0.030292973514708273
27,0,SVR_C0.1_gamma1_kernelrbf,-0.4010330331286833,0.02139145535113872
28,0,SVR_C0.1_gamma1_kernelrbf,-0.25243239076752655,0.032988986144814915
32,0,SVR_C0.1_gamma1_kernelrbf,-0.9024535120461896,0.022780184404844046
33,0,SVR_C0.1_gamma1_kernelrbf,-0.04680766529518765,0.0711259225061199
21,0,SVR_C0.1_gamma0.1_kernellinear,-0.10180683336062168,0.027897571278705582
27,0,SVR_C0.1_gamma0.1_kernellinear,-0.37088985058200685,0.020931218848257327
28,0,SVR_C0.1_gamma0.1_kernellinear,-0.25997932919860656,0.03318777200277736
32,0,SVR_C0.1_gamma0.1_kernellinear,-1.025848761473041,0.024257732486217164
33,0,SVR_C0.1_gamma0.1_kernellinear,-0.05873371361046553,0.07193624441758346
21,0,SVR_C0.1_gamma0.1_kernelrbf,-0.23000517913513696,0.031143532712932884
27,0,SVR_C0.1_gamma0.1_kernelrbf,-0.43872911305175455,0.021967012094998354
28,0,SVR_C0.1_gamma0.1_kernelrbf,-0.16867562967423977,0.03078283861013823
32,0,SVR_C0.1_gamma0.1_kernelrbf,-0.9151006182394286,0.022931622224189107
33,0,SVR_C0.1_gamma0.1_kernelrbf,-0.1265186931248512,0.07654193212876349
21,0,SVR_C0.1_gamma0.01_kernellinear,-0.10180683336062168,0.027897571278705582
27,0,SVR_C0.1_gamma0.01_kernellinear,-0.37088985058200685,0.020931218848257327
28,0,SVR_C0.1_gamma0.01_kernellinear,-0.25997932919860656,0.03318777200277736
32,0,SVR_C0.1_gamma0.01_kernellinear,-1.025848761473041,0.024257732486217164
33,0,SVR_C0.1_gamma0.01_kernellinear,-0.05873371361046553,0.07193624441758346
21,0,SVR_C0.1_gamma0.01_kernelrbf,-0.16013898175669028,0.0293745318660309
27,0,SVR_C0.1_gamma0.01_kernelrbf,-0.5760059907780177,0.024063002789855417
28,0,SVR_C0.1_gamma0.01_kernelrbf,-0.15314457621633415,0.03037375169166334
32,0,SVR_C0.1_gamma0.01_kernelrbf,-0.6900198110663329,0.020236480260967367
33,0,SVR_C0.1_gamma0.01_kernelrbf,-0.14441094894412143,0.07775763129017749
21,0,SVR_C0.1_gamma0.001_kernellinear,-0.10180683336062168,0.027897571278705582
27,0,SVR_C0.1_gamma0.001_kernellinear,-0.37088985058200685,0.020931218848257327
28,0,SVR_C0.1_gamma0.001_kernellinear,-0.25997932919860656,0.03318777200277736
32,0,SVR_C0.1_gamma0.001_kernellinear,-1.025848761473041,0.024257732486217164
33,0,SVR_C0.1_gamma0.001_kernellinear,-0.05873371361046553,0.07193624441758346
21,0,SVR_C0.1_gamma0.001_kernelrbf,-0.12486382730023338,0.02848137064573353
27,0,SVR_C0.1_gamma0.001_kernelrbf,-0.6453218621002563,0.02512134140961211
28,0,SVR_C0.1_gamma0.001_kernelrbf,-0.11005692388070831,0.029238825785569935
32,0,SVR_C0.1_gamma0.001_kernelrbf,-0.6186507599936117,0.01938189951355836
33,0,SVR_C0.1_gamma0.001_kernelrbf,-0.1225928430656924,0.07627518808748861
21,0,SVR_C0.1_gamma0.0001_kernellinear,-0.10180683336062168,0.027897571278705582
27,0,SVR_C0.1_gamma0.0001_kernellinear,-0.37088985058200685,0.020931218848257327
28,0,SVR_C0.1_gamma0.0001_kernellinear,-0.25997932919860656,0.03318777200277736
32,0,SVR_C0.1_gamma0.0001_kernellinear,-1.025848761473041,0.024257732486217164
33,0,SVR_C0.1_gamma0.0001_kernellinear,-0.05873371361046553,0.07193624441758346
21,0,SVR_C0.1_gamma0.0001_kernelrbf,-0.12080857781719745,0.028378692383010416
27,0,SVR_C0.1_gamma0.0001_kernelrbf,-0.661190945733253,0.025363636049332828
28,0,SVR_C0.1_gamma0.0001_kernelrbf,-0.0951558631898668,0.02884633283481515
32,0,SVR_C0.1_gamma0.0001_kernelrbf,-0.6080344535051583,0.01925477870983097
33,0,SVR_C0.1_gamma0.0001_kernelrbf,-0.11684809877833802,0.07588485827758544
21,0,SVR_C1_gammascale_kernellinear,0.10126624538885598,0.022755793684242697
27,0,SVR_C1_gammascale_kernellinear,-0.6511718382811895,0.02521066086270181
28,0,SVR_C1_gammascale_kernellinear,-0.9785302511039369,0.05211435565057991
32,0,SVR_C1_gammascale_kernellinear,-1.9043317415142909,0.034776782836274146
33,0,SVR_C1_gammascale_kernellinear,-0.13029762530734246,0.07679869375411132
21,0,SVR_C1_gammascale_kernelrbf,-0.07835541421989856,0.02730378512921363
27,0,SVR_C1_gammascale_kernelrbf,-0.5688951470711905,0.023954431976700614
28,0,SVR_C1_gammascale_kernelrbf,-0.5408416844710653,0.040585667821333396
32,0,SVR_C1_gammascale_kernelrbf,-1.2616428204762298,0.02708115608718708
33,0,SVR_C1_gammascale_kernelrbf,0.025192680477980622,0.06623381941626326
21,0,SVR_C1_gamma1_kernellinear,0.10126624538885598,0.022755793684242697
27,0,SVR_C1_gamma1_kernellinear,-0.6511718382811895,0.02521066086270181
28,0,SVR_C1_gamma1_kernellinear,-0.9785302511039369,0.05211435565057991
32,0,SVR_C1_gamma1_kernellinear,-1.9043317415142909,0.034776782836274146
33,0,SVR_C1_gamma1_kernellinear,-0.13029762530734246,0.07679869375411132
21,0,SVR_C1_gamma1_kernelrbf,-0.0528989589048523,0.026659231787237534
27,0,SVR_C1_gamma1_kernelrbf,-0.8789510641021434,0.028688472608642525
28,0,SVR_C1_gamma1_kernelrbf,-1.147598708616342,0.05656760761333375
32,0,SVR_C1_gamma1_kernelrbf,-2.1192413726669814,0.037350134036204255
33,0,SVR_C1_gamma1_kernelrbf,-0.14564601466222094,0.07784154850961315
21,0,SVR_C1_gamma0.1_kernellinear,0.10126624538885598,0.022755793684242697
27,0,SVR_C1_gamma0.1_kernellinear,-0.6511718382811895,0.02521066086270181
28,0,SVR_C1_gamma0.1_kernellinear,-0.9785302511039369,0.05211435565057991
32,0,SVR_C1_gamma0.1_kernellinear,-1.9043317415142909,0.034776782836274146
33,0,SVR_C1_gamma0.1_kernellinear,-0.13029762530734246,0.07679869375411132
21,0,SVR_C1_gamma0.1_kernelrbf,-0.11444768667220817,0.028217635645349626
27,0,SVR_C1_gamma0.1_kernelrbf,-0.4213637750764261,0.02170187212815037
28,0,SVR_C1_gamma0.1_kernelrbf,-0.35647404560211293,0.03572943643588286
32,0,SVR_C1_gamma0.1_kernelrbf,-1.1197367554552407,0.02538195749501384
33,0,SVR_C1_gamma0.1_kernelrbf,-0.018727773572000173,0.06921801882056512
21,0,SVR_C1_gamma0.01_kernellinear,0.10126624538885598,0.022755793684242697
27,0,SVR_C1_gamma0.01_kernellinear,-0.6511718382811895,0.02521066086270181
28,0,SVR_C1_gamma0.01_kernellinear,-0.9785302511039369,0.05211435565057991
32,0,SVR_C1_gamma0.01_kernellinear,-1.9043317415142909,0.034776782836274146
33,0,SVR_C1_gamma0.01_kernellinear,-0.13029762530734246,0.07679869375411132
21,0,SVR_C1_gamma0.01_kernelrbf,-0.2189043210651922,0.03086246077737726
27,0,SVR_C1_gamma0.01_kernelrbf,-0.445077205474778,0.022063936958596153
28,0,SVR_C1_gamma0.01_kernelrbf,-0.16093364117741604,0.030578915146374633
32,0,SVR_C1_gamma0.01_kernelrbf,-0.988176203266564,0.023806637194000148
33,0,SVR_C1_gamma0.01_kernelrbf,-0.12133281688692077,0.07618957491582568
21,0,SVR_C1_gamma0.001_kernellinear,0.10126624538885598,0.022755793684242697
27,0,SVR_C1_gamma0.001_kernellinear,-0.6511718382811895,0.02521066086270181
28,0,SVR_C1_gamma0.001_kernellinear,-0.9785302511039369,0.05211435565057991
32,0,SVR_C1_gamma0.001_kernellinear,-1.9043317415142909,0.034776782836274146
33,0,SVR_C1_gamma0.001_kernellinear,-0.13029762530734246,0.07679869375411132
21,0,SVR_C1_gamma0.001_kernelrbf,-0.16108605307791102,0.02939851155910395
27,0,SVR_C1_gamma0.001_kernelrbf,-0.5643901813853147,0.023885648607537207
28,0,SVR_C1_gamma0.001_kernelrbf,-0.14788821312161082,0.030235299436210505
32,0,SVR_C1_gamma0.001_kernelrbf,-0.6727013979412912,0.020029107706479348
33,0,SVR_C1_gamma0.001_kernelrbf,-0.1416661050294159,0.07757113136087701
21,0,SVR_C1_gamma0.0001_kernellinear,0.10126624538885598,0.022755793684242697
27,0,SVR_C1_gamma0.0001_kernellinear,-0.6511718382811895,0.02521066086270181
28,0,SVR_C1_gamma0.0001_kernellinear,-0.9785302511039369,0.05211435565057991
32,0,SVR_C1_gamma0.0001_kernellinear,-1.9043317415142909,0.034776782836274146
33,0,SVR_C1_gamma0.0001_kernellinear,-0.13029762530734246,0.07679869375411132
21,0,SVR_C1_gamma0.0001_kernelrbf,-0.12490096862253353,0.028482311058022583
27,0,SVR_C1_gamma0.0001_kernelrbf,-0.6451320448330926,0.025118443214138204
28,0,SVR_C1_gamma0.0001_kernelrbf,-0.11003211067184249,0.029238172207293363
32,0,SVR_C1_gamma0.0001_kernelrbf,-0.6184336211967902,0.019379299470087274
33,0,SVR_C1_gamma0.0001_kernelrbf,-0.12256531427716744,0.07627331762881293
21,0,SVR_C10_gammascale_kernellinear,0.186613041254587,0.02059482658095185
27,0,SVR_C10_gammascale_kernellinear,-0.88613966372515,0.028798230625931637
28,0,SVR_C10_gammascale_kernellinear,-1.3374480281043706,0.0615682261028915
32,0,SVR_C10_gammascale_kernellinear,-2.2594365102764,0.03902884579824362
33,0,SVR_C10_gammascale_kernellinear,-0.22882304496637196,0.08349305757649983
21,0,SVR_C10_gammascale_kernelrbf,0.050744497501873376,0.024034996190641186
27,0,SVR_C10_gammascale_kernelrbf,-1.2260759591689419,0.03398849517663868
28,0,SVR_C10_gammascale_kernelrbf,-1.8145075331228022,0.07413394183918029
32,0,SVR_C10_gammascale_kernelrbf,-3.063402223567481,0.048655618325391795
33,0,SVR_C10_gammascale_kernelrbf,-0.3665663571636806,0.09285210267512296
21,0,SVR_C10_gamma1_kernellinear,0.186613041254587,0.02059482658095185
27,0,SVR_C10_gamma1_kernellinear,-0.88613966372515,0.028798230625931637
28,0,SVR_C10_gamma1_kernellinear,-1.3374480281043706,0.0615682261028915
32,0,SVR_C10_gamma1_kernellinear,-2.2594365102764,0.03902884579824362
33,0,SVR_C10_gamma1_kernellinear,-0.22882304496637196,0.08349305757649983
21,0,SVR_C10_gamma1_kernelrbf,-0.015710464657463286,0.025717625112091146
27,0,SVR_C10_gamma1_kernelrbf,-1.5436879082562296,0.03883790391093283
28,0,SVR_C10_gamma1_kernelrbf,-1.938253737494322,0.07739340865876948
32,0,SVR_C10_gamma1_kernelrbf,-2.862207441611517,0.04624649021517598
33,0,SVR_C10_gamma1_kernelrbf,-0.6191265270022042,0.11001244230924456
21,0,SVR_C10_gamma0.1_kernellinear,0.186613041254587,0.02059482658095185
27,0,SVR_C10_gamma0.1_kernellinear,-0.88613966372515,0.028798230625931637
28,0,SVR_C10_gamma0.1_kernellinear,-1.3374480281043706,0.0615682261028915
32,0,SVR_C10_gamma0.1_kernellinear,-2.2594365102764,0.03902884579824362
33,0,SVR_C10_gamma0.1_kernellinear,-0.22882304496637196,0.08349305757649983
21,0,SVR_C10_gamma0.1_kernelrbf,0.08899790908156913,0.02306642598043181
27,0,SVR_C10_gamma0.1_kernelrbf,-0.7924105381780586,0.027367142024284283
28,0,SVR_C10_gamma0.1_kernelrbf,-1.0829536634296035,0.0548648614086549
32,0,SVR_C10_gamma0.1_kernelrbf,-1.9920264533662086,0.035826848814058655
33,0,SVR_C10_gamma0.1_kernelrbf,-0.12334182459057175,0.0763260780490959
21,0,SVR_C10_gamma0.01_kernellinear,0.186613041254587,0.02059482658095185
27,0,SVR_C10_gamma0.01_kernellinear,-0.88613966372515,0.028798230625931637
28,0,SVR_C10_gamma0.01_kernellinear,-1.3374480281043706,0.0615682261028915
32,0,SVR_C10_gamma0.01_kernellinear,-2.2594365102764,0.03902884579824362
33,0,SVR_C10_gamma0.01_kernellinear,-0.22882304496637196,0.08349305757649983
21,0,SVR_C10_gamma0.01_kernelrbf,-0.06291412256229667,0.026912814115411396
27,0,SVR_C10_gamma0.01_kernelrbf,-0.4099211392811475,0.021527162020018635
28,0,SVR_C10_gamma0.01_kernelrbf,-0.42180750156804914,0.037450315334848674
32,0,SVR_C10_gamma0.01_kernelrbf,-1.2069701543223026,0.026426499661153634
33,0,SVR_C10_gamma0.01_kernelrbf,-0.04622051718355569,0.07108602840477535
21,0,SVR_C10_gamma0.001_kernellinear,0.186613041254587,0.02059482658095185
27,0,SVR_C10_gamma0.001_kernellinear,-0.88613966372515,0.028798230625931637
28,0,SVR_C10_gamma0.001_kernellinear,-1.3374480281043706,0.0615682261028915
32,0,SVR_C10_gamma0.001_kernellinear,-2.2594365102764,0.03902884579824362
33,0,SVR_C10_gamma0.001_kernellinear,-0.22882304496637196,0.08349305757649983
21,0,SVR_C10_gamma0.001_kernelrbf,-0.2168163285030753,0.030809593142536597
27,0,SVR_C10_gamma0.001_kernelrbf,-0.4389681458460901,0.021970661730108008
28,0,SVR_C10_gamma0.001_kernelrbf,-0.1577690879705198,0.030495561024693977
32,0,SVR_C10_gamma0.001_kernelrbf,-0.9938845363285647,0.023874989392344687
33,0,SVR_C10_gamma0.001_kernelrbf,-0.12039534477024283,0.07612587785729899
21,0,SVR_C10_gamma0.0001_kernellinear,0.186613041254587,0.02059482658095185
27,0,SVR_C10_gamma0.0001_kernellinear,-0.88613966372515,0.028798230625931637
28,0,SVR_C10_gamma0.0001_kernellinear,-1.3374480281043706,0.0615682261028915
32,0,SVR_C10_gamma0.0001_kernellinear,-2.2594365102764,0.03902884579824362
33,0,SVR_C10_gamma0.0001_kernellinear,-0.22882304496637196,0.08349305757649983
21,0,SVR_C10_gamma0.0001_kernelrbf,-0.16143445538166645,0.02940733304923125
27,0,SVR_C10_gamma0.0001_kernelrbf,-0.5643109167436535,0.02388443836766211
28,0,SVR_C10_gamma0.0001_kernelrbf,-0.14747151844709316,0.03022432372610782
32,0,SVR_C10_gamma0.0001_kernelrbf,-0.671461567724766,0.020014261845182707
33,0,SVR_C10_gamma0.0001_kernelrbf,-0.14128640521971336,0.07754533244849239
21,0,SVR_C100_gammascale_kernellinear,0.18144240383947607,0.020725746286182234
27,0,SVR_C100_gammascale_kernellinear,-1.0419743494570342,0.031177568331159144
28,0,SVR_C100_gammascale_kernellinear,-1.6878409371603333,0.0707975520986882
32,0,SVR_C100_gammascale_kernellinear,-2.5224020468511377,0.0421776236145532
33,0,SVR_C100_gammascale_kernellinear,-0.3168468657096237,0.089473884485244
21,0,SVR_C100_gammascale_kernelrbf,-0.020113141888620234,0.025829100189350116
27,0,SVR_C100_gammascale_kernelrbf,-1.619534230621881,0.03999595170857094
28,0,SVR_C100_gammascale_kernelrbf,-2.2922383033947047,0.08671733865774506
32,0,SVR_C100_gammascale_kernelrbf,-3.3933278666592095,0.05260618370947454
33,0,SVR_C100_gammascale_kernelrbf,-0.7163147268238184,0.11661594799438124
21,0,SVR_C100_gamma1_kernellinear,0.18144240383947607,0.020725746286182234
27,0,SVR_C100_gamma1_kernellinear,-1.0419743494570342,0.031177568331159144
28,0,SVR_C100_gamma1_kernellinear,-1.6878409371603333,0.0707975520986882
32,0,SVR_C100_gamma1_kernellinear,-2.5224020468511377,0.0421776236145532
33,0,SVR_C100_gamma1_kernellinear,-0.3168468657096237,0.089473884485244
21,0,SVR_C100_gamma1_kernelrbf,-0.3483565405132698,0.034140170090745964
27,0,SVR_C100_gamma1_kernelrbf,-2.2485006022511373,0.0495992271046045
28,0,SVR_C100_gamma1_kernelrbf,-2.8815027627417504,0.1022385254526016
32,0,SVR_C100_gamma1_kernelrbf,-2.9303014815921293,0.047061855625057034
33,0,SVR_C100_gamma1_kernelrbf,-0.7892356597636425,0.12157060088554951
21,0,SVR_C100_gamma0.1_kernellinear,0.18144240383947607,0.020725746286182234
27,0,SVR_C100_gamma0.1_kernellinear,-1.0419743494570342,0.031177568331159144
28,0,SVR_C100_gamma0.1_kernellinear,-1.6878409371603333,0.0707975520986882
32,0,SVR_C100_gamma0.1_kernellinear,-2.5224020468511377,0.0421776236145532
33,0,SVR_C100_gamma0.1_kernellinear,-0.3168468657096237,0.089473884485244
21,0,SVR_C100_gamma0.1_kernelrbf,0.09218536122888688,0.022985720206257186
27,0,SVR_C100_gamma0.1_kernelrbf,-1.3564468468140167,0.03597904283411978
28,0,SVR_C100_gamma0.1_kernelrbf,-1.9596913131556164,0.07795807298051818
32,0,SVR_C100_gamma0.1_kernelrbf,-3.381970664463392,0.05247019134030197
33,0,SVR_C100_gamma0.1_kernelrbf,-0.5237175837014438,0.10352982918691223
21,0,SVR_C100_gamma0.01_kernellinear,0.18144240383947607,0.020725746286182234
27,0,SVR_C100_gamma0.01_kernellinear,-1.0419743494570342,0.031177568331159144
28,0,SVR_C100_gamma0.01_kernellinear,-1.6878409371603333,0.0707975520986882
32,0,SVR_C100_gamma0.01_kernellinear,-2.5224020468511377,0.0421776236145532
33,0,SVR_C100_gamma0.01_kernellinear,-0.3168468657096237,0.089473884485244
21,0,SVR_C100_gamma0.01_kernelrbf,0.13404960400127186,0.021925724332743316
27,0,SVR_C100_gamma0.01_kernelrbf,-0.7445761984119887,0.026636790834011454
28,0,SVR_C100_gamma0.01_kernelrbf,-1.0973103583523844,0.055243015801166834
32,0,SVR_C100_gamma0.01_kernelrbf,-2.11783141920545,0.037333251100746145
33,0,SVR_C100_gamma0.01_kernelrbf,-0.15015787918219958,0.07814810962570472
21,0,SVR_C100_gamma0.001_kernellinear,0.18144240383947607,0.020725746286182234
27,0,SVR_C100_gamma0.001_kernellinear,-1.0419743494570342,0.031177568331159144
28,0,SVR_C100_gamma0.001_kernellinear,-1.6878409371603333,0.0707975520986882
32,0,SVR_C100_gamma0.001_kernellinear,-2.5224020468511377,0.0421776236145532
33,0,SVR_C100_gamma0.001_kernellinear,-0.3168468657096237,0.089473884485244
21,0,SVR_C100_gamma0.001_kernelrbf,-0.052399477555094665,0.026646585000037325
27,0,SVR_C100_gamma0.001_kernelrbf,-0.4017011663146586,0.02140165663895881
28,0,SVR_C100_gamma0.001_kernelrbf,-0.4396169345983294,0.03791941462021839
32,0,SVR_C100_gamma0.001_kernelrbf,-1.2385264631931903,0.026804358321385426
33,0,SVR_C100_gamma0.001_kernelrbf,-0.06320429014534024,0.07224000019882099
21,0,SVR_C100_gamma0.0001_kernellinear,0.18144240383947607,0.020725746286182234
27,0,SVR_C100_gamma0.0001_kernellinear,-1.0419743494570342,0.031177568331159144
28,0,SVR_C100_gamma0.0001_kernellinear,-1.6878409371603333,0.0707975520986882
32,0,SVR_C100_gamma0.0001_kernellinear,-2.5224020468511377,0.0421776236145532
33,0,SVR_C100_gamma0.0001_kernellinear,-0.3168468657096237,0.089473884485244
21,0,SVR_C100_gamma0.0001_kernelrbf,-0.21696209690116608,0.03081328397486109
27,0,SVR_C100_gamma0.0001_kernelrbf,-0.4394150681932665,0.02197748549457964
28,0,SVR_C100_gamma0.0001_kernelrbf,-0.157443967579737,0.030486997375154094
32,0,SVR_C100_gamma0.0001_kernelrbf,-0.9903186908628059,0.023832291572526847
33,0,SVR_C100_gamma0.0001_kernelrbf,-0.11972445071128934,0.07608029359150792
21,0,SVR_C1000_gammascale_kernellinear,0.17178480719968736,0.02097027507515128
27,0,SVR_C1000_gammascale_kernellinear,-1.0679272076774886,0.03157382551762784
28,0,SVR_C1000_gammascale_kernellinear,-1.7027591220411282,0.07119049609947115
32,0,SVR_C1000_gammascale_kernellinear,-2.569300197659818,0.04273918715179772
33,0,SVR_C1000_gammascale_kernellinear,-0.33023040000114734,0.09038323608290207
21,0,SVR_C1000_gammascale_kernelrbf,-0.40409235882293837,0.03555139201912008
27,0,SVR_C1000_gammascale_kernelrbf,-2.2446868904827753,0.04954099803856111
28,0,SVR_C1000_gammascale_kernelrbf,-2.9282643369431964,0.10347022221708393
32,0,SVR_C1000_gammascale_kernelrbf,-2.911012503928342,0.04683088731735348
33,0,SVR_C1000_gammascale_kernelrbf,-0.7252933638137651,0.11722600642242825
21,0,SVR_C1000_gamma1_kernellinear,0.17178480719968736,0.02097027507515128
27,0,SVR_C1000_gamma1_kernellinear,-1.0679272076774886,0.03157382551762784
28,0,SVR_C1000_gamma1_kernellinear,-1.7027591220411282,0.07119049609947115
32,0,SVR_C1000_gamma1_kernellinear,-2.569300197659818,0.04273918715179772
33,0,SVR_C1000_gamma1_kernellinear,-0.33023040000114734,0.09038323608290207
21,0,SVR_C1000_gamma1_kernelrbf,-0.6628316158449858,0.04210262826745199
27,0,SVR_C1000_gamma1_kernelrbf,-3.0088123171261474,0.061207928482170555
28,0,SVR_C1000_gamma1_kernelrbf,-3.4852995399529103,0.11814249253660214
32,0,SVR_C1000_gamma1_kernelrbf,-4.082129610390224,0.06085397039189082
33,0,SVR_C1000_gamma1_kernelrbf,-0.8993096034857793,0.1290496355264699
21,0,SVR_C1000_gamma0.1_kernellinear,0.17178480719968736,0.02097027507515128
27,0,SVR_C1000_gamma0.1_kernellinear,-1.0679272076774886,0.03157382551762784
28,0,SVR_C1000_gamma0.1_kernellinear,-1.7027591220411282,0.07119049609947115
32,0,SVR_C1000_gamma0.1_kernellinear,-2.569300197659818,0.04273918715179772
33,0,SVR_C1000_gamma0.1_kernellinear,-0.33023040000114734,0.09038323608290207
21,0,SVR_C1000_gamma0.1_kernelrbf,-0.08365339200805666,0.027437929072147198
27,0,SVR_C1000_gamma0.1_kernelrbf,-1.8898828588282748,0.04412372776578792
28,0,SVR_C1000_gamma0.1_kernelrbf,-2.521050776462155,0.09274424402958484
32,0,SVR_C1000_gamma0.1_kernelrbf,-3.628382391309426,0.05542075204600422
33,0,SVR_C1000_gamma0.1_kernelrbf,-0.8537359221101124,0.1259531066823386
21,0,SVR_C1000_gamma0.01_kernellinear,0.17178480719968736,0.02097027507515128
27,0,SVR_C1000_gamma0.01_kernellinear,-1.0679272076774886,0.03157382551762784
28,0,SVR_C1000_gamma0.01_kernellinear,-1.7027591220411282,0.07119049609947115
32,0,SVR_C1000_gamma0.01_kernellinear,-2.569300197659818,0.04273918715179772
33,0,SVR_C1000_gamma0.01_kernellinear,-0.33023040000114734,0.09038323608290207
21,0,SVR_C1000_gamma0.01_kernelrbf,0.1437605928297686,0.021679843662169337
27,0,SVR_C1000_gamma0.01_kernelrbf,-1.2302818964834152,0.03405271287753852
28,0,SVR_C1000_gamma0.01_kernelrbf,-1.7814092435213982,0.07326213508527747
32,0,SVR_C1000_gamma0.01_kernelrbf,-3.082386036390692,0.04888293255624238
33,0,SVR_C1000_gamma0.01_kernelrbf,-0.3915670300866072,0.09455078714589009
21,0,SVR_C1000_gamma0.001_kernellinear,0.17178480719968736,0.02097027507515128
27,0,SVR_C1000_gamma0.001_kernellinear,-1.0679272076774886,0.03157382551762784
28,0,SVR_C1000_gamma0.001_kernellinear,-1.7027591220411282,0.07119049609947115
32,0,SVR_C1000_gamma0.001_kernellinear,-2.569300197659818,0.04273918715179772
33,0,SVR_C1000_gamma0.001_kernellinear,-0.33023040000114734,0.09038323608290207
21,0,SVR_C1000_gamma0.001_kernelrbf,0.13284269509421098,0.02195628307157319
27,0,SVR_C1000_gamma0.001_kernelrbf,-0.8391530912735876,0.028080823439281585
28,0,SVR_C1000_gamma0.001_kernelrbf,-1.261993708865297,0.05958076433625769
32,0,SVR_C1000_gamma0.001_kernelrbf,-2.1593050751642333,0.0378298611491399
33,0,SVR_C1000_gamma0.001_kernelrbf,-0.17090796919769824,0.0795579859032358
21,0,SVR_C1000_gamma0.0001_kernellinear,0.17178480719968736,0.02097027507515128
27,0,SVR_C1000_gamma0.0001_kernellinear,-1.0679272076774886,0.03157382551762784
28,0,SVR_C1000_gamma0.0001_kernellinear,-1.7027591220411282,0.07119049609947115
32,0,SVR_C1000_gamma0.0001_kernellinear,-2.569300197659818,0.04273918715179772
33,0,SVR_C1000_gamma0.0001_kernellinear,-0.33023040000114734,0.09038323608290207
21,0,SVR_C1000_gamma0.0001_kernelrbf,-0.05871425010289655,0.02680647402225712
27,0,SVR_C1000_gamma0.0001_kernelrbf,-0.40081958105319027,0.02138819629126322
28,0,SVR_C1000_gamma0.0001_kernelrbf,-0.4367472439170441,0.037843827157914886
32,0,SVR_C1000_gamma0.0001_kernelrbf,-1.2337255367794628,0.02674687150852703
33,0,SVR_C1000_gamma0.0001_kernelrbf,-0.06306838556026717,0.07223076608704802
21,0,NearestNeighbors_n_neighbors5_weightsuniform_metricminkowski,-1.198877643698121,0.055675227218474524
27,0,NearestNeighbors_n_neighbors5_weightsuniform_metricminkowski,-2.497839891332764,0.05340622532916698
28,0,NearestNeighbors_n_neighbors5_weightsuniform_metricminkowski,-2.855577208972033,0.10155564808500035
32,0,NearestNeighbors_n_neighbors5_weightsuniform_metricminkowski,-6.393440182328853,0.08852985351452095
33,0,NearestNeighbors_n_neighbors5_weightsuniform_metricminkowski,-0.899675355037594,0.12907448671680152
21,0,NearestNeighbors_n_neighbors5_weightsuniform_metriceuclidean,-1.198877643698121,0.055675227218474524
27,0,NearestNeighbors_n_neighbors5_weightsuniform_metriceuclidean,-2.497839891332764,0.05340622532916698
28,0,NearestNeighbors_n_neighbors5_weightsuniform_metriceuclidean,-2.855577208972033,0.10155564808500035
32,0,NearestNeighbors_n_neighbors5_weightsuniform_metriceuclidean,-6.393440182328853,0.08852985351452095
33,0,NearestNeighbors_n_neighbors5_weightsuniform_metriceuclidean,-0.899675355037594,0.12907448671680152
21,0,NearestNeighbors_n_neighbors5_weightsuniform_metricmanhattan,-1.3693217373883795,0.05999084417490163
27,0,NearestNeighbors_n_neighbors5_weightsuniform_metricmanhattan,-2.307250057261528,0.05049623403737614
28,0,NearestNeighbors_n_neighbors5_weightsuniform_metricmanhattan,-2.383549077529482,0.08912245839515338
32,0,NearestNeighbors_n_neighbors5_weightsuniform_metricmanhattan,-6.92572778278248,0.09490352289354499
33,0,NearestNeighbors_n_neighbors5_weightsuniform_metricmanhattan,-0.84957283157018,0.1256702432061281
21,0,NearestNeighbors_n_neighbors5_weightsdistance_metricminkowski,-1.978624245476801,0.0754182853878455
27,0,NearestNeighbors_n_neighbors5_weightsdistance_metricminkowski,-2.379702664096955,0.051602465416326994
28,0,NearestNeighbors_n_neighbors5_weightsdistance_metricminkowski,-3.5468945887742054,0.11976490203920984
32,0,NearestNeighbors_n_neighbors5_weightsdistance_metricminkowski,-5.330904625710461,0.07580693767809817
33,0,NearestNeighbors_n_neighbors5_weightsdistance_metricminkowski,-0.8980245008185699,0.12896231851900933
21,0,NearestNeighbors_n_neighbors5_weightsdistance_metriceuclidean,-1.978624245476801,0.0754182853878455
27,0,NearestNeighbors_n_neighbors5_weightsdistance_metriceuclidean,-2.379702664096955,0.051602465416326994
28,0,NearestNeighbors_n_neighbors5_weightsdistance_metriceuclidean,-3.5468945887742054,0.11976490203920984
32,0,NearestNeighbors_n_neighbors5_weightsdistance_metriceuclidean,-5.330904625710461,0.07580693767809817
33,0,NearestNeighbors_n_neighbors5_weightsdistance_metriceuclidean,-0.8980245008185699,0.12896231851900933
21,0,NearestNeighbors_n_neighbors5_weightsdistance_metricmanhattan,-2.1129075274412323,0.0788183164247878
27,0,NearestNeighbors_n_neighbors5_weightsdistance_metricmanhattan,-2.3298269991385854,0.05084094656927828
28,0,NearestNeighbors_n_neighbors5_weightsdistance_metricmanhattan,-3.096371742096321,0.10789816012440574
32,0,NearestNeighbors_n_neighbors5_weightsdistance_metricmanhattan,-5.393350391528694,0.07655467004140362
33,0,NearestNeighbors_n_neighbors5_weightsdistance_metricmanhattan,-0.8955622819934426,0.12879502170684878
21,0,NearestNeighbors_n_neighbors7_weightsuniform_metricminkowski,-0.5652877710220672,0.03963283385217655
27,0,NearestNeighbors_n_neighbors7_weightsuniform_metricminkowski,-1.7523122026634028,0.04202325156045107
28,0,NearestNeighbors_n_neighbors7_weightsuniform_metricminkowski,-1.9898343071479725,0.07875203744399527
32,0,NearestNeighbors_n_neighbors7_weightsuniform_metricminkowski,-4.000320200755485,0.059874375660282184
33,0,NearestNeighbors_n_neighbors7_weightsuniform_metricminkowski,-0.7091235239596521,0.11612733776100255
21,0,NearestNeighbors_n_neighbors7_weightsuniform_metriceuclidean,-0.5652877710220672,0.03963283385217655
27,0,NearestNeighbors_n_neighbors7_weightsuniform_metriceuclidean,-1.7523122026634028,0.04202325156045107
28,0,NearestNeighbors_n_neighbors7_weightsuniform_metriceuclidean,-1.9898343071479725,0.07875203744399527
32,0,NearestNeighbors_n_neighbors7_weightsuniform_metriceuclidean,-4.000320200755485,0.059874375660282184
33,0,NearestNeighbors_n_neighbors7_weightsuniform_metriceuclidean,-0.7091235239596521,0.11612733776100255
21,0,NearestNeighbors_n_neighbors7_weightsuniform_metricmanhattan,-0.722345358320579,0.04360950662625771
27,0,NearestNeighbors_n_neighbors7_weightsuniform_metricmanhattan,-1.5911966563771123,0.03956328385572034
28,0,NearestNeighbors_n_neighbors7_weightsuniform_metricmanhattan,-1.7462471360839,0.07233596750638943
32,0,NearestNeighbors_n_neighbors7_weightsuniform_metricmanhattan,-5.381447914365341,0.07641214849071196
33,0,NearestNeighbors_n_neighbors7_weightsuniform_metricmanhattan,-0.6920747514939631,0.11496894953991792
21,0,NearestNeighbors_n_neighbors7_weightsdistance_metricminkowski,-1.12734212357199,0.05386395938889406
27,0,NearestNeighbors_n_neighbors7_weightsdistance_metricminkowski,-1.8306689264109912,0.04321962903184085
28,0,NearestNeighbors_n_neighbors7_weightsdistance_metricminkowski,-2.7580668695704667,0.09898723220945506
32,0,NearestNeighbors_n_neighbors7_weightsdistance_metricminkowski,-3.9681666578375268,0.05948936565488534
33,0,NearestNeighbors_n_neighbors7_weightsdistance_metricminkowski,-0.7797538792336483,0.12092635609297221
21,0,NearestNeighbors_n_neighbors7_weightsdistance_metriceuclidean,-1.12734212357199,0.05386395938889406
27,0,NearestNeighbors_n_neighbors7_weightsdistance_metriceuclidean,-1.8306689264109912,0.04321962903184085
28,0,NearestNeighbors_n_neighbors7_weightsdistance_metriceuclidean,-2.7580668695704667,0.09898723220945506
32,0,NearestNeighbors_n_neighbors7_weightsdistance_metriceuclidean,-3.9681666578375268,0.05948936565488534
33,0,NearestNeighbors_n_neighbors7_weightsdistance_metriceuclidean,-0.7797538792336483,0.12092635609297221
21,0,NearestNeighbors_n_neighbors7_weightsdistance_metricmanhattan,-1.1659178029092048,0.054840689366736015
27,0,NearestNeighbors_n_neighbors7_weightsdistance_metricmanhattan,-1.7212729394491375,0.0415493333890162
28,0,NearestNeighbors_n_neighbors7_weightsdistance_metricmanhattan,-2.4923426176091477,0.09198807302855809
32,0,NearestNeighbors_n_neighbors7_weightsdistance_metricmanhattan,-4.239256158797712,0.06273542070063945
33,0,NearestNeighbors_n_neighbors7_weightsdistance_metricmanhattan,-0.7233854167162512,0.11709636990761989
21,0,NearestNeighbors_n_neighbors9_weightsuniform_metricminkowski,-0.5289402397331535,0.03871252022347575
27,0,NearestNeighbors_n_neighbors9_weightsuniform_metricminkowski,-1.598707143506267,0.039677956562422935
28,0,NearestNeighbors_n_neighbors9_weightsuniform_metricminkowski,-1.674043781843607,0.07043413594230596
32,0,NearestNeighbors_n_neighbors9_weightsuniform_metricminkowski,-3.762653285274663,0.0570285262730031
33,0,NearestNeighbors_n_neighbors9_weightsuniform_metricminkowski,-0.49205405148200043,0.10137843307703076
21,0,NearestNeighbors_n_neighbors9_weightsuniform_metriceuclidean,-0.5289402397331535,0.03871252022347575
27,0,NearestNeighbors_n_neighbors9_weightsuniform_metriceuclidean,-1.598707143506267,0.039677956562422935
28,0,NearestNeighbors_n_neighbors9_weightsuniform_metriceuclidean,-1.674043781843607,0.07043413594230596
32,0,NearestNeighbors_n_neighbors9_weightsuniform_metriceuclidean,-3.762653285274663,0.0570285262730031
33,0,NearestNeighbors_n_neighbors9_weightsuniform_metriceuclidean,-0.49205405148200043,0.10137843307703076
21,0,NearestNeighbors_n_neighbors9_weightsuniform_metricmanhattan,-0.30143306876245646,0.032952075355646246
27,0,NearestNeighbors_n_neighbors9_weightsuniform_metricmanhattan,-1.3578077537365107,0.035999821630180416
28,0,NearestNeighbors_n_neighbors9_weightsuniform_metricmanhattan,-1.3604584219703484,0.06217431835188411
32,0,NearestNeighbors_n_neighbors9_weightsuniform_metricmanhattan,-3.713646295448486,0.056441711268958195
33,0,NearestNeighbors_n_neighbors9_weightsuniform_metricmanhattan,-0.48706184747186465,0.10103923503011969
21,0,NearestNeighbors_n_neighbors9_weightsdistance_metricminkowski,-0.8423414351928302,0.046647787935058596
27,0,NearestNeighbors_n_neighbors9_weightsdistance_metricminkowski,-1.6945495524054648,0.04114131150283743
28,0,NearestNeighbors_n_neighbors9_weightsdistance_metricminkowski,-2.3073489476058513,0.08711535202453068
32,0,NearestNeighbors_n_neighbors9_weightsdistance_metricminkowski,-3.6964826618185764,0.056236192060908796
33,0,NearestNeighbors_n_neighbors9_weightsdistance_metricminkowski,-0.59744280545011,0.10853912992351263
21,0,NearestNeighbors_n_neighbors9_weightsdistance_metriceuclidean,-0.8423414351928302,0.046647787935058596
27,0,NearestNeighbors_n_neighbors9_weightsdistance_metriceuclidean,-1.6945495524054648,0.04114131150283743
28,0,NearestNeighbors_n_neighbors9_weightsdistance_metriceuclidean,-2.3073489476058513,0.08711535202453068
32,0,NearestNeighbors_n_neighbors9_weightsdistance_metriceuclidean,-3.6964826618185764,0.056236192060908796
33,0,NearestNeighbors_n_neighbors9_weightsdistance_metriceuclidean,-0.59744280545011,0.10853912992351263
21,0,NearestNeighbors_n_neighbors9_weightsdistance_metricmanhattan,-0.6602444579448945,0.04203712184677848
27,0,NearestNeighbors_n_neighbors9_weightsdistance_metricmanhattan,-1.5480637555925534,0.038904715856622175
28,0,NearestNeighbors_n_neighbors9_weightsdistance_metricmanhattan,-2.070830967091156,0.08088548409735474
32,0,NearestNeighbors_n_neighbors9_weightsdistance_metricmanhattan,-3.4046735080313653,0.052742037648092446
33,0,NearestNeighbors_n_neighbors9_weightsdistance_metricmanhattan,-0.6050360436957014,0.10905505667197997
21,0,NearestNeighbors_n_neighbors11_weightsuniform_metricminkowski,-0.5074308353066164,0.038167905573263806
27,0,NearestNeighbors_n_neighbors11_weightsuniform_metricminkowski,-1.4458708655382675,0.03734439958062521
28,0,NearestNeighbors_n_neighbors11_weightsuniform_metricminkowski,-1.3169202162765048,0.06102752490020396
32,0,NearestNeighbors_n_neighbors11_weightsuniform_metricminkowski,-3.040309069681082,0.048379098399574626
33,0,NearestNeighbors_n_neighbors11_weightsuniform_metricminkowski,-0.3547741062506511,0.09205087170173652
21,0,NearestNeighbors_n_neighbors11_weightsuniform_metriceuclidean,-0.5074308353066164,0.038167905573263806
27,0,NearestNeighbors_n_neighbors11_weightsuniform_metriceuclidean,-1.4458708655382675,0.03734439958062521
28,0,NearestNeighbors_n_neighbors11_weightsuniform_metriceuclidean,-1.3169202162765048,0.06102752490020396
32,0,NearestNeighbors_n_neighbors11_weightsuniform_metriceuclidean,-3.040309069681082,0.048379098399574626
33,0,NearestNeighbors_n_neighbors11_weightsuniform_metriceuclidean,-0.3547741062506511,0.09205087170173652
21,0,NearestNeighbors_n_neighbors11_weightsuniform_metricmanhattan,-0.6060411760002287,0.040664703491939534
27,0,NearestNeighbors_n_neighbors11_weightsuniform_metricmanhattan,-1.4631455239961002,0.037608155021338616
28,0,NearestNeighbors_n_neighbors11_weightsuniform_metricmanhattan,-1.0529254202137546,0.054073919473023785
32,0,NearestNeighbors_n_neighbors11_weightsuniform_metricmanhattan,-2.8847151977770413,0.04651600052527993
33,0,NearestNeighbors_n_neighbors11_weightsuniform_metricmanhattan,-0.3015584484983189,0.08843510457001873
21,0,NearestNeighbors_n_neighbors11_weightsdistance_metricminkowski,-0.6299561641485887,0.041270227133922525
27,0,NearestNeighbors_n_neighbors11_weightsdistance_metricminkowski,-1.5417461155805197,0.038808255950933734
28,0,NearestNeighbors_n_neighbors11_weightsdistance_metricminkowski,-2.0095785853660386,0.0792721004233438
32,0,NearestNeighbors_n_neighbors11_weightsdistance_metricminkowski,-3.0838906839950395,0.048900949369622734
33,0,NearestNeighbors_n_neighbors11_weightsdistance_metricminkowski,-0.4726963140714242,0.10006316096295982
21,0,NearestNeighbors_n_neighbors11_weightsdistance_metriceuclidean,-0.6299561641485887,0.041270227133922525
27,0,NearestNeighbors_n_neighbors11_weightsdistance_metriceuclidean,-1.5417461155805197,0.038808255950933734
28,0,NearestNeighbors_n_neighbors11_weightsdistance_metriceuclidean,-2.0095785853660386,0.0792721004233438
32,0,NearestNeighbors_n_neighbors11_weightsdistance_metriceuclidean,-3.0838906839950395,0.048900949369622734
33,0,NearestNeighbors_n_neighbors11_weightsdistance_metriceuclidean,-0.4726963140714242,0.10006316096295982
21,0,NearestNeighbors_n_neighbors11_weightsdistance_metricmanhattan,-0.6966623651715722,0.042959217382870514
27,0,NearestNeighbors_n_neighbors11_weightsdistance_metricmanhattan,-1.5407910774346454,0.0387936740992764
28,0,NearestNeighbors_n_neighbors11_weightsdistance_metricmanhattan,-1.7612832319085365,0.07273201727361643
32,0,NearestNeighbors_n_neighbors11_weightsdistance_metricmanhattan,-2.8593703746769865,0.04621251886842388
33,0,NearestNeighbors_n_neighbors11_weightsdistance_metricmanhattan,-0.4385833947205646,0.09774533989740375
21,0,NearestNeighbors_n_neighbors13_weightsuniform_metricminkowski,-0.5137823582716732,0.03832872511011997
27,0,NearestNeighbors_n_neighbors13_weightsuniform_metricminkowski,-1.0366759483174253,0.031096670515953984
28,0,NearestNeighbors_n_neighbors13_weightsuniform_metricminkowski,-1.1315952738066306,0.056146078201368056
32,0,NearestNeighbors_n_neighbors13_weightsuniform_metricminkowski,-2.7170340756508575,0.04450816860767516
33,0,NearestNeighbors_n_neighbors13_weightsuniform_metricminkowski,-0.2070903917938265,0.08201642050490658
21,0,NearestNeighbors_n_neighbors13_weightsuniform_metriceuclidean,-0.5137823582716732,0.03832872511011997
27,0,NearestNeighbors_n_neighbors13_weightsuniform_metriceuclidean,-1.0366759483174253,0.031096670515953984
28,0,NearestNeighbors_n_neighbors13_weightsuniform_metriceuclidean,-1.1315952738066306,0.056146078201368056
32,0,NearestNeighbors_n_neighbors13_weightsuniform_metriceuclidean,-2.7170340756508575,0.04450816860767516
33,0,NearestNeighbors_n_neighbors13_weightsuniform_metriceuclidean,-0.2070903917938265,0.08201642050490658
21,0,NearestNeighbors_n_neighbors13_weightsuniform_metricmanhattan,-0.7219867287904962,0.043600426184409645
27,0,NearestNeighbors_n_neighbors13_weightsuniform_metricmanhattan,-1.1622250899014195,0.0330135980922941
28,0,NearestNeighbors_n_neighbors13_weightsuniform_metricmanhattan,-0.8926082876700494,0.04985117682979043
32,0,NearestNeighbors_n_neighbors13_weightsuniform_metricmanhattan,-2.393966065911013,0.04063971726808682
33,0,NearestNeighbors_n_neighbors13_weightsuniform_metricmanhattan,-0.20808425446782164,0.08208394905086193
21,0,NearestNeighbors_n_neighbors13_weightsdistance_metricminkowski,-0.5564093678706463,0.039408034116634544
27,0,NearestNeighbors_n_neighbors13_weightsdistance_metricminkowski,-1.2614722467354058,0.03452893789795212
28,0,NearestNeighbors_n_neighbors13_weightsdistance_metricminkowski,-1.77157464072926,0.07300309229970181
32,0,NearestNeighbors_n_neighbors13_weightsdistance_metricminkowski,-2.7441581976300866,0.04483295578202338
33,0,NearestNeighbors_n_neighbors13_weightsdistance_metricminkowski,-0.3608396028545018,0.09246299520418046
21,0,NearestNeighbors_n_neighbors13_weightsdistance_metriceuclidean,-0.5564093678706463,0.039408034116634544
27,0,NearestNeighbors_n_neighbors13_weightsdistance_metriceuclidean,-1.2614722467354058,0.03452893789795212
28,0,NearestNeighbors_n_neighbors13_weightsdistance_metriceuclidean,-1.77157464072926,0.07300309229970181
32,0,NearestNeighbors_n_neighbors13_weightsdistance_metriceuclidean,-2.7441581976300866,0.04483295578202338
33,0,NearestNeighbors_n_neighbors13_weightsdistance_metriceuclidean,-0.3608396028545018,0.09246299520418046
21,0,NearestNeighbors_n_neighbors13_weightsdistance_metricmanhattan,-0.7343965279821791,0.043914640298011065
27,0,NearestNeighbors_n_neighbors13_weightsdistance_metricmanhattan,-1.3549771233638315,0.03595660258980024
28,0,NearestNeighbors_n_neighbors13_weightsdistance_metricmanhattan,-1.5477161300532472,0.06710667396883747
32,0,NearestNeighbors_n_neighbors13_weightsdistance_metricmanhattan,-2.532410777661272,0.04229746924130288
33,0,NearestNeighbors_n_neighbors13_weightsdistance_metricmanhattan,-0.3620095607429499,0.09254248863632468
21,0,NearestNeighbors_n_neighbors15_weightsuniform_metricminkowski,-0.6475348396380578,0.04171531636154778
27,0,NearestNeighbors_n_neighbors15_weightsuniform_metricminkowski,-0.9633349900568509,0.029976875481187874
28,0,NearestNeighbors_n_neighbors15_weightsuniform_metricminkowski,-0.8851434672496352,0.04965455395478504
32,0,NearestNeighbors_n_neighbors15_weightsuniform_metricminkowski,-2.441083085232313,0.04120390156060674
33,0,NearestNeighbors_n_neighbors15_weightsuniform_metricminkowski,-0.21680182374168377,0.08267626908936644
21,0,NearestNeighbors_n_neighbors15_weightsuniform_metriceuclidean,-0.6475348396380578,0.04171531636154778
27,0,NearestNeighbors_n_neighbors15_weightsuniform_metriceuclidean,-0.9633349900568509,0.029976875481187874
28,0,NearestNeighbors_n_neighbors15_weightsuniform_metriceuclidean,-0.8851434672496352,0.04965455395478504
32,0,NearestNeighbors_n_neighbors15_weightsuniform_metriceuclidean,-2.441083085232313,0.04120390156060674
33,0,NearestNeighbors_n_neighbors15_weightsuniform_metriceuclidean,-0.21680182374168377,0.08267626908936644
21,0,NearestNeighbors_n_neighbors15_weightsuniform_metricmanhattan,-0.5709828415635398,0.039777032119565583
27,0,NearestNeighbors_n_neighbors15_weightsuniform_metricmanhattan,-0.8916936061537672,0.028883030133634358
28,0,NearestNeighbors_n_neighbors15_weightsuniform_metricmanhattan,-0.9507313030499214,0.05138213320172393
32,0,NearestNeighbors_n_neighbors15_weightsuniform_metricmanhattan,-2.104130458051004,0.03716919430795429
33,0,NearestNeighbors_n_neighbors15_weightsuniform_metricmanhattan,-0.22823424249445412,0.08345305106873584
21,0,NearestNeighbors_n_neighbors15_weightsdistance_metricminkowski,-0.5957147261597486,0.04040323944782747
27,0,NearestNeighbors_n_neighbors15_weightsdistance_metricminkowski,-1.1995638409191445,0.03358369901523899
28,0,NearestNeighbors_n_neighbors15_weightsdistance_metricminkowski,-1.5225197960381842,0.06644300420123136
32,0,NearestNeighbors_n_neighbors15_weightsdistance_metricminkowski,-2.4616149111097436,0.04144975186743131
33,0,NearestNeighbors_n_neighbors15_weightsdistance_metricminkowski,-0.318807843657535,0.08960712421034671
21,0,NearestNeighbors_n_neighbors15_weightsdistance_metriceuclidean,-0.5957147261597486,0.04040323944782747
27,0,NearestNeighbors_n_neighbors15_weightsdistance_metriceuclidean,-1.1995638409191445,0.03358369901523899
28,0,NearestNeighbors_n_neighbors15_weightsdistance_metriceuclidean,-1.5225197960381842,0.06644300420123136
32,0,NearestNeighbors_n_neighbors15_weightsdistance_metriceuclidean,-2.4616149111097436,0.04144975186743131
33,0,NearestNeighbors_n_neighbors15_weightsdistance_metriceuclidean,-0.318807843657535,0.08960712421034671
21,0,NearestNeighbors_n_neighbors15_weightsdistance_metricmanhattan,-0.5857580984727087,0.040151139240981314
27,0,NearestNeighbors_n_neighbors15_weightsdistance_metricmanhattan,-1.1702455771191946,0.03313605765617054
28,0,NearestNeighbors_n_neighbors15_weightsdistance_metricmanhattan,-1.4652087202625048,0.06493343426464605
32,0,NearestNeighbors_n_neighbors15_weightsdistance_metricmanhattan,-2.06075433755461,0.03664980394313438
33,0,NearestNeighbors_n_neighbors15_weightsdistance_metricmanhattan,-0.33723310470111345,0.09085903870485039
21,0,"MLPRegressor_hidden_layer_sizes(50,)_learning_rate_init0.001_max_iter200",0.12164840132724974,0.022239720783904345
27,0,"MLPRegressor_hidden_layer_sizes(50,)_learning_rate_init0.001_max_iter200",-0.28009130444390506,0.019544875343333618
28,0,"MLPRegressor_hidden_layer_sizes(50,)_learning_rate_init0.001_max_iter200",-0.6877098204475052,0.04445416478656471
32,0,"MLPRegressor_hidden_layer_sizes(50,)_learning_rate_init0.001_max_iter200",-0.38249221956679436,0.01655411157254553
33,0,"MLPRegressor_hidden_layer_sizes(50,)_learning_rate_init0.001_max_iter200",0.11497773410369161,0.06013332457073751
21,0,"MLPRegressor_hidden_layer_sizes(50,)_learning_rate_init0.001_max_iter500",0.0010001183640296896,0.025294515845715553
27,0,"MLPRegressor_hidden_layer_sizes(50,)_learning_rate_init0.001_max_iter500",-0.038570185070726515,0.015857247629166897
28,0,"MLPRegressor_hidden_layer_sizes(50,)_learning_rate_init0.001_max_iter500",-0.24903909931821389,0.03289960707299285
32,0,"MLPRegressor_hidden_layer_sizes(50,)_learning_rate_init0.001_max_iter500",-0.7495835321619162,0.0209497027086143
33,0,"MLPRegressor_hidden_layer_sizes(50,)_learning_rate_init0.001_max_iter500",0.12910232611409844,0.05917362139882821
21,0,"MLPRegressor_hidden_layer_sizes(50,)_learning_rate_init0.001_max_iter1000",0.10268508941627741,0.022719868782354383
27,0,"MLPRegressor_hidden_layer_sizes(50,)_learning_rate_init0.001_max_iter1000",-0.12733528089472457,0.017212543713669856
28,0,"MLPRegressor_hidden_layer_sizes(50,)_learning_rate_init0.001_max_iter1000",-0.15650572434657706,0.030462284110591997
32,0,"MLPRegressor_hidden_layer_sizes(50,)_learning_rate_init0.001_max_iter1000",-0.7092033616642861,0.020466186173565992
33,0,"MLPRegressor_hidden_layer_sizes(50,)_learning_rate_init0.001_max_iter1000",0.18759771134879533,0.055199120279756396
21,0,"MLPRegressor_hidden_layer_sizes(50,)_learning_rate_init0.01_max_iter200",0.13013186357618844,0.02202492088830185
27,0,"MLPRegressor_hidden_layer_sizes(50,)_learning_rate_init0.01_max_iter200",-1.2243044585236862,0.03396144729406815
28,0,"MLPRegressor_hidden_layer_sizes(50,)_learning_rate_init0.01_max_iter200",-1.4918237579686733,0.06563447259342518
32,0,"MLPRegressor_hidden_layer_sizes(50,)_learning_rate_init0.01_max_iter200",-2.1658798048427657,0.037908587674408786
33,0,"MLPRegressor_hidden_layer_sizes(50,)_learning_rate_init0.01_max_iter200",-0.4382665969888948,0.09772381490130382
21,0,"MLPRegressor_hidden_layer_sizes(50,)_learning_rate_init0.01_max_iter500",-0.02790206871708434,0.0260263145601477
27,0,"MLPRegressor_hidden_layer_sizes(50,)_learning_rate_init0.01_max_iter500",-2.169658932506183,0.04839544531054347
28,0,"MLPRegressor_hidden_layer_sizes(50,)_learning_rate_init0.01_max_iter500",-1.973590940623088,0.07832418824655782
32,0,"MLPRegressor_hidden_layer_sizes(50,)_learning_rate_init0.01_max_iter500",-1.4039618185683125,0.028785299184677697
33,0,"MLPRegressor_hidden_layer_sizes(50,)_learning_rate_init0.01_max_iter500",-0.9629093055171831,0.13337095225739234
21,0,"MLPRegressor_hidden_layer_sizes(50,)_learning_rate_init0.01_max_iter1000",-0.06879512316627978,0.027061720101989203
27,0,"MLPRegressor_hidden_layer_sizes(50,)_learning_rate_init0.01_max_iter1000",-2.7727802761656424,0.05760410990954947
28,0,"MLPRegressor_hidden_layer_sizes(50,)_learning_rate_init0.01_max_iter1000",-0.7334205072470856,0.045658181246548794
32,0,"MLPRegressor_hidden_layer_sizes(50,)_learning_rate_init0.01_max_iter1000",-3.5991729738008713,0.05507099531713294
33,0,"MLPRegressor_hidden_layer_sizes(50,)_learning_rate_init0.01_max_iter1000",-0.21003917882063727,0.08221677746111673
21,0,"MLPRegressor_hidden_layer_sizes(50,)_learning_rate_init0.1_max_iter200",-0.5263239259401666,0.038646275580297526
27,0,"MLPRegressor_hidden_layer_sizes(50,)_learning_rate_init0.1_max_iter200",-1.1997551572714253,0.03358662009926128
28,0,"MLPRegressor_hidden_layer_sizes(50,)_learning_rate_init0.1_max_iter200",-1.337826646379399,0.061578198883155855
32,0,"MLPRegressor_hidden_layer_sizes(50,)_learning_rate_init0.1_max_iter200",-0.6503830016860987,0.019761864812450975
33,0,"MLPRegressor_hidden_layer_sizes(50,)_learning_rate_init0.1_max_iter200",-0.9182320298474036,0.13033533019192226
21,0,"MLPRegressor_hidden_layer_sizes(50,)_learning_rate_init0.1_max_iter500",0.1197724972414067,0.022287218372739583
27,0,"MLPRegressor_hidden_layer_sizes(50,)_learning_rate_init0.1_max_iter500",-1.6637028996574874,0.04067033417440365
28,0,"MLPRegressor_hidden_layer_sizes(50,)_learning_rate_init0.1_max_iter500",-1.2328693947585463,0.05881363183343569
32,0,"MLPRegressor_hidden_layer_sizes(50,)_learning_rate_init0.1_max_iter500",-1.5954425018417293,0.031078109625150667
33,0,"MLPRegressor_hidden_layer_sizes(50,)_learning_rate_init0.1_max_iter500",0.028617457803238322,0.0660011210374562
21,0,"MLPRegressor_hidden_layer_sizes(50,)_learning_rate_init0.1_max_iter1000",-0.21793394835338753,0.03083789109685358
27,0,"MLPRegressor_hidden_layer_sizes(50,)_learning_rate_init0.1_max_iter1000",-0.4008264634198262,0.02138830137360969
28,0,"MLPRegressor_hidden_layer_sizes(50,)_learning_rate_init0.1_max_iter1000",0.2161959641090403,0.020645346344333234
32,0,"MLPRegressor_hidden_layer_sizes(50,)_learning_rate_init0.1_max_iter1000",-1.5919500224418854,0.03103629029855225
33,0,"MLPRegressor_hidden_layer_sizes(50,)_learning_rate_init0.1_max_iter1000",-0.47792001849356414,0.10041808843267723
21,0,"MLPRegressor_hidden_layer_sizes(100,)_learning_rate_init0.001_max_iter200",0.0299199447155315,0.024562270507802728
27,0,"MLPRegressor_hidden_layer_sizes(100,)_learning_rate_init0.001_max_iter200",-0.20672987719133662,0.01842476778094113
28,0,"MLPRegressor_hidden_layer_sizes(100,)_learning_rate_init0.001_max_iter200",-0.5627647848512816,0.041163120831991425
32,0,"MLPRegressor_hidden_layer_sizes(100,)_learning_rate_init0.001_max_iter200",-1.3212696203929166,0.02779513384746987
33,0,"MLPRegressor_hidden_layer_sizes(100,)_learning_rate_init0.001_max_iter200",0.020454555579124012,0.06655575391822868
21,0,"MLPRegressor_hidden_layer_sizes(100,)_learning_rate_init0.001_max_iter500",0.16801645097728912,0.021065689246796287
27,0,"MLPRegressor_hidden_layer_sizes(100,)_learning_rate_init0.001_max_iter500",-0.31168065833785175,0.02002719248890774
28,0,"MLPRegressor_hidden_layer_sizes(100,)_learning_rate_init0.001_max_iter500",-0.4825513627510951,0.03905030461149301
32,0,"MLPRegressor_hidden_layer_sizes(100,)_learning_rate_init0.001_max_iter500",-1.4856836699361464,0.029763845484115113
33,0,"MLPRegressor_hidden_layer_sizes(100,)_learning_rate_init0.001_max_iter500",-0.17340885150452,0.0797279097269229
21,0,"MLPRegressor_hidden_layer_sizes(100,)_learning_rate_init0.001_max_iter1000",0.049121570097209966,0.024076088450718812
27,0,"MLPRegressor_hidden_layer_sizes(100,)_learning_rate_init0.001_max_iter1000",-0.7880192190496653,0.027300093849939772
28,0,"MLPRegressor_hidden_layer_sizes(100,)_learning_rate_init0.001_max_iter1000",-0.09936711253980879,0.028957256863514583
32,0,"MLPRegressor_hidden_layer_sizes(100,)_learning_rate_init0.001_max_iter1000",-1.3398102677039216,0.028017141566478786
33,0,"MLPRegressor_hidden_layer_sizes(100,)_learning_rate_init0.001_max_iter1000",-0.2372141666571479,0.08406319695444302
21,0,"MLPRegressor_hidden_layer_sizes(100,)_learning_rate_init0.01_max_iter200",0.05878886337942035,0.0238313141443279
27,0,"MLPRegressor_hidden_layer_sizes(100,)_learning_rate_init0.01_max_iter200",-2.088742879207826,0.04715999111325247
28,0,"MLPRegressor_hidden_layer_sizes(100,)_learning_rate_init0.01_max_iter200",-1.1846191101274068,0.05754272253492689
32,0,"MLPRegressor_hidden_layer_sizes(100,)_learning_rate_init0.01_max_iter200",-2.6795148236486064,0.04405890902055189
33,0,"MLPRegressor_hidden_layer_sizes(100,)_learning_rate_init0.01_max_iter200",-0.389231478901751,0.09439209683620813
21,0,"MLPRegressor_hidden_layer_sizes(100,)_learning_rate_init0.01_max_iter500",-0.4026058702334985,0.035513754367833786
27,0,"MLPRegressor_hidden_layer_sizes(100,)_learning_rate_init0.01_max_iter500",-1.4122787572178122,0.036831503690024435
28,0,"MLPRegressor_hidden_layer_sizes(100,)_learning_rate_init0.01_max_iter500",-1.4952645254396453,0.0657251021805104
32,0,"MLPRegressor_hidden_layer_sizes(100,)_learning_rate_init0.01_max_iter500",-2.753130854719221,0.04494039534982236
33,0,"MLPRegressor_hidden_layer_sizes(100,)_learning_rate_init0.01_max_iter500",-0.07346198560681039,0.07293696495812867
21,0,"MLPRegressor_hidden_layer_sizes(100,)_learning_rate_init0.01_max_iter1000",-0.026720001841676666,0.025996384817551805
27,0,"MLPRegressor_hidden_layer_sizes(100,)_learning_rate_init0.01_max_iter1000",-1.2015001704123227,0.03361326356148379
28,0,"MLPRegressor_hidden_layer_sizes(100,)_learning_rate_init0.01_max_iter1000",-0.8045122020549815,0.047530731774878605
32,0,"MLPRegressor_hidden_layer_sizes(100,)_learning_rate_init0.01_max_iter1000",-3.4707914637309436,0.05353374121076595
33,0,"MLPRegressor_hidden_layer_sizes(100,)_learning_rate_init0.01_max_iter1000",-0.5867126463032424,0.10781006335927112
21,0,"MLPRegressor_hidden_layer_sizes(100,)_learning_rate_init0.1_max_iter200",0.09651736999703031,0.02287603444308158
27,0,"MLPRegressor_hidden_layer_sizes(100,)_learning_rate_init0.1_max_iter200",-0.7420287775557135,0.026597895934163247
28,0,"MLPRegressor_hidden_layer_sizes(100,)_learning_rate_init0.1_max_iter200",-2.196048757751338,0.08418371240223083
32,0,"MLPRegressor_hidden_layer_sizes(100,)_learning_rate_init0.1_max_iter200",-1.4466645537670413,0.029296626361010113
33,0,"MLPRegressor_hidden_layer_sizes(100,)_learning_rate_init0.1_max_iter200",-0.3072703795588294,0.08882320486717848
21,0,"MLPRegressor_hidden_layer_sizes(100,)_learning_rate_init0.1_max_iter500",0.16874649147912113,0.021047204739059043
27,0,"MLPRegressor_hidden_layer_sizes(100,)_learning_rate_init0.1_max_iter500",-0.9346450003526761,0.029538826827609044
28,0,"MLPRegressor_hidden_layer_sizes(100,)_learning_rate_init0.1_max_iter500",-0.6934879309295001,0.04460635983360986
32,0,"MLPRegressor_hidden_layer_sizes(100,)_learning_rate_init0.1_max_iter500",-2.581291434323375,0.04288277151835822
33,0,"MLPRegressor_hidden_layer_sizes(100,)_learning_rate_init0.1_max_iter500",0.029726454573436145,0.06592576964201682
21,0,"MLPRegressor_hidden_layer_sizes(100,)_learning_rate_init0.1_max_iter1000",-0.23232811118413443,0.03120234897768125
27,0,"MLPRegressor_hidden_layer_sizes(100,)_learning_rate_init0.1_max_iter1000",-1.1642742039433966,0.03304488467191204
28,0,"MLPRegressor_hidden_layer_sizes(100,)_learning_rate_init0.1_max_iter1000",-1.4635067606083672,0.06488860476018475
32,0,"MLPRegressor_hidden_layer_sizes(100,)_learning_rate_init0.1_max_iter1000",-4.198055389783815,0.0622420782300797
33,0,"MLPRegressor_hidden_layer_sizes(100,)_learning_rate_init0.1_max_iter1000",-0.2995320613602679,0.08829742058152044
21,0,"MLPRegressor_hidden_layer_sizes(50, 50)_learning_rate_init0.001_max_iter200",-0.006549708521594422,0.02548567624453171
27,0,"MLPRegressor_hidden_layer_sizes(50, 50)_learning_rate_init0.001_max_iter200",-1.2994225698104156,0.035108376513905006
28,0,"MLPRegressor_hidden_layer_sizes(50, 50)_learning_rate_init0.001_max_iter200",-1.2019474546839644,0.057999149981791745
32,0,"MLPRegressor_hidden_layer_sizes(50, 50)_learning_rate_init0.001_max_iter200",-2.100736666779828,0.0371285566836973
33,0,"MLPRegressor_hidden_layer_sizes(50, 50)_learning_rate_init0.001_max_iter200",-0.45145456520715777,0.09861987865456344
21,0,"MLPRegressor_hidden_layer_sizes(50, 50)_learning_rate_init0.001_max_iter500",0.13314735005519007,0.02194856925710772
27,0,"MLPRegressor_hidden_layer_sizes(50, 50)_learning_rate_init0.001_max_iter500",-0.8753785348414085,0.02863392600027242
28,0,"MLPRegressor_hidden_layer_sizes(50, 50)_learning_rate_init0.001_max_iter500",-1.3830648310522942,0.06276976966844684
32,0,"MLPRegressor_hidden_layer_sizes(50, 50)_learning_rate_init0.001_max_iter500",-2.65412558699361,0.0437548955509786
33,0,"MLPRegressor_hidden_layer_sizes(50, 50)_learning_rate_init0.001_max_iter500",-0.1452326768695238,0.07781346404597489
21,0,"MLPRegressor_hidden_layer_sizes(50, 50)_learning_rate_init0.001_max_iter1000",0.1062216160258781,0.02263032449910697
27,0,"MLPRegressor_hidden_layer_sizes(50, 50)_learning_rate_init0.001_max_iter1000",-0.9169917248623312,0.029269290531516317
28,0,"MLPRegressor_hidden_layer_sizes(50, 50)_learning_rate_init0.001_max_iter1000",-1.5325792247736194,0.06670796888724899
32,0,"MLPRegressor_hidden_layer_sizes(50, 50)_learning_rate_init0.001_max_iter1000",-1.4362577554568579,0.029172014230900812
33,0,"MLPRegressor_hidden_layer_sizes(50, 50)_learning_rate_init0.001_max_iter1000",-0.08369455920941005,0.07363222279891975
21,0,"MLPRegressor_hidden_layer_sizes(50, 50)_learning_rate_init0.01_max_iter200",-0.18656649202320463,0.0300436721627289
27,0,"MLPRegressor_hidden_layer_sizes(50, 50)_learning_rate_init0.01_max_iter200",-2.159521568352239,0.048240664539819546
28,0,"MLPRegressor_hidden_layer_sizes(50, 50)_learning_rate_init0.01_max_iter200",-0.8238756811839729,0.04804076453146536
32,0,"MLPRegressor_hidden_layer_sizes(50, 50)_learning_rate_init0.01_max_iter200",-4.859369973422668,0.07016073068046344
33,0,"MLPRegressor_hidden_layer_sizes(50, 50)_learning_rate_init0.01_max_iter200",-0.47811796007925356,0.10043153768257407
21,0,"MLPRegressor_hidden_layer_sizes(50, 50)_learning_rate_init0.01_max_iter500",-0.23527337128962356,0.03127692248842687
27,0,"MLPRegressor_hidden_layer_sizes(50, 50)_learning_rate_init0.01_max_iter500",-0.7273806870250277,0.026374243838061796
28,0,"MLPRegressor_hidden_layer_sizes(50, 50)_learning_rate_init0.01_max_iter500",-2.249385358770506,0.08558859493721106
32,0,"MLPRegressor_hidden_layer_sizes(50, 50)_learning_rate_init0.01_max_iter500",-5.054339035366376,0.07249531134495503
33,0,"MLPRegressor_hidden_layer_sizes(50, 50)_learning_rate_init0.01_max_iter500",-0.32030301985909837,0.08970871477962804
21,0,"MLPRegressor_hidden_layer_sizes(50, 50)_learning_rate_init0.01_max_iter1000",0.15421871256485442,0.021415045757566666
27,0,"MLPRegressor_hidden_layer_sizes(50, 50)_learning_rate_init0.01_max_iter1000",-1.4660166294350172,0.03765199204898374
28,0,"MLPRegressor_hidden_layer_sizes(50, 50)_learning_rate_init0.01_max_iter1000",-2.0974737186580263,0.08158725240738751
32,0,"MLPRegressor_hidden_layer_sizes(50, 50)_learning_rate_init0.01_max_iter1000",-3.535638378082127,0.05431022518666939
33,0,"MLPRegressor_hidden_layer_sizes(50, 50)_learning_rate_init0.01_max_iter1000",0.13825663957424983,0.05855162653640059
21,0,"MLPRegressor_hidden_layer_sizes(50, 50)_learning_rate_init0.1_max_iter200",0.21878909944265357,0.019780133978228108
27,0,"MLPRegressor_hidden_layer_sizes(50, 50)_learning_rate_init0.1_max_iter200",-0.07320695574215597,0.0163860937846861
28,0,"MLPRegressor_hidden_layer_sizes(50, 50)_learning_rate_init0.1_max_iter200",-1.1432469726774586,0.056452983177194924
32,0,"MLPRegressor_hidden_layer_sizes(50, 50)_learning_rate_init0.1_max_iter200",-18.25457746451223,0.23055639599160616
33,0,"MLPRegressor_hidden_layer_sizes(50, 50)_learning_rate_init0.1_max_iter200",-0.3753587571125978,0.0934495071249969
21,0,"MLPRegressor_hidden_layer_sizes(50, 50)_learning_rate_init0.1_max_iter500",0.08004871332179242,0.023293018173397226
27,0,"MLPRegressor_hidden_layer_sizes(50, 50)_learning_rate_init0.1_max_iter500",-0.6407934650916149,0.02505220028293485
28,0,"MLPRegressor_hidden_layer_sizes(50, 50)_learning_rate_init0.1_max_iter500",-1.802739574119712,0.07382397457917692
32,0,"MLPRegressor_hidden_layer_sizes(50, 50)_learning_rate_init0.1_max_iter500",-1.3503744981694683,0.028143638806267624
33,0,"MLPRegressor_hidden_layer_sizes(50, 50)_learning_rate_init0.1_max_iter500",-0.6124698752731017,0.10956015244671202
21,0,"MLPRegressor_hidden_layer_sizes(50, 50)_learning_rate_init0.1_max_iter1000",-0.12178308011418082,0.02840336662396464
27,0,"MLPRegressor_hidden_layer_sizes(50, 50)_learning_rate_init0.1_max_iter1000",-0.9285951321302242,0.02944645535391734
28,0,"MLPRegressor_hidden_layer_sizes(50, 50)_learning_rate_init0.1_max_iter1000",-1.139938695783143,0.05636584338311557
32,0,"MLPRegressor_hidden_layer_sizes(50, 50)_learning_rate_init0.1_max_iter1000",-2.376110607902078,0.040425914079992624
33,0,"MLPRegressor_hidden_layer_sizes(50, 50)_learning_rate_init0.1_max_iter1000",-0.43974986002963856,0.09782459602432166
