pid,visit,model,r2,mse,pred,gt,seed
22,0,CausalForestDML,0.09578829163600866,0.6949548662274052,"[1.21230929 2.01581014 1.46676877 1.57702281 2.21004951 1.11493908
 1.99502574 1.68342601 2.50582158 1.83593321 2.22804276 2.07270294
 2.5702138  2.65601455 1.96443878 2.1149528  2.3650923  2.11932367
 1.84768237 2.58267644 1.23828112 2.31230213 2.19677044 1.53461344
 1.6779698  1.80585768 1.57343459 2.12739121 2.41364641 1.82054922
 2.0088865  2.04003237 1.19572497 1.2222341  1.62516604 1.04595916
 1.25306421 1.05520532 1.65638328 2.09740556 0.95271321 2.30601554
 1.24101694 1.70915986 2.72753908 1.88441782 1.76560529 1.90853877
 1.53661808 0.97024525 1.96895803 2.24007464 1.4510195 ]","[1.750125   2.41409231 1.20335673 1.44268873 2.54261111 0.902
 1.564      0.669375   2.94529167 3.20660714 2.04175    2.126625
 1.97736957 0.868      2.08740097 1.58023333 2.71267826 2.37477174
 2.53027273 1.97736957 0.949725   0.80315    1.83787879 3.9121
 0.6960625  3.10982667 1.55395238 1.461      2.194      0.819
 3.26355882 2.28575    1.68560943 0.93408    2.24589899 1.70233333
 1.67356    0.9159     0.79975    1.469      0.77056    3.87884211
 0.65769091 0.7378     2.83789394 2.52508824 3.08004167 1.01485263
 2.34178804 0.81415385 0.68833333 0.75525    1.99110142]",111
23,0,CausalForestDML,-0.1947032943115512,0.12733953879131632,"[3.72230317 3.54551403 3.81942859 3.7470293  3.71041627 3.6849315
 3.97724991 4.01301951 3.65117556 3.556735   3.95155617 3.80456674
 3.78012167 3.76983418 3.73772253 3.57362208 3.57827559 3.83548581
 3.7500361  4.00151408 3.90196722 3.55618759 3.80219741 3.66861557
 3.65353493 3.87271064 3.83088871 3.89676481 3.81565991 3.78976581
 3.87961601 3.75339501 3.82976271 3.96403295 3.80632985 3.80255007
 3.78914027 3.60388836 3.70189998 3.74587322 3.71203191 3.71640848
 3.78185498 3.80650148 3.72076888 3.50025705 3.79195617 3.71854151
 3.52721168 3.78197728 3.71639202 3.7207934  3.8722147  3.79186087
 3.76645363 3.96036524 3.61210728 3.99874779 3.60560473 4.0078801 ]","[3.68939153 4.17154545 4.117      3.92479167 4.143      4.11066667
 4.1753     3.75880952 3.52813636 4.19       4.089375   4.212
 3.99723077 4.14683333 3.98370968 2.901      3.98875    3.92607692
 4.06194118 4.08383333 3.93418182 4.1718     3.924875   4.04222222
 4.06363158 3.69086957 3.97395455 4.12482353 3.96845238 3.81006061
 3.94888889 4.0615     3.85180952 3.94227273 4.01666667 3.99775
 4.141      2.24414035 3.86919853 4.127      4.18909677 3.6947517
 3.95323529 4.057      3.90406897 3.13875    4.13235294 4.0906
 4.1291875  3.7124     4.07877778 3.33701449 3.9758     4.04335
 4.03012    4.09222727 3.90634783 4.05036842 4.12651724 4.06866667]",111
25,0,CausalForestDML,0.28369998186596124,0.4661556502706145,"[1.62094238 2.46943715 1.83179061 1.7398709  1.65573936 2.39227504
 1.5270767  1.38818906 2.35440031 1.83951609 2.204978   1.90610563
 2.74434823 2.73605689 2.09644037 2.64759028 2.12604911 1.41478684
 1.65465617 1.18122674 2.14696295 1.92366402 1.51657459 1.91819624
 1.5089543  2.31065649 1.73420806 1.80756026 1.72280362 1.37578266
 2.03071727 1.77488942 2.42783662 2.12981999 1.86612242 1.70114171
 2.17627657 2.17728206 1.62883593 2.16147968 1.89323728 1.53201989
 2.65306    1.37039913 1.9164961  2.3851678  1.52956602 2.01533252
 2.27998659 2.12932558]","[1.878025   3.16918667 2.84516667 2.39346552 1.2684     2.40159649
 1.6801     0.94067647 2.23533333 1.20272727 2.58997368 1.5772987
 3.19253623 2.2585     1.91575    2.80725    2.46875    1.00478824
 0.77816667 0.58036364 1.2222     2.58397778 1.1935     2.5255
 1.51742105 2.1625     3.46066667 1.52365625 0.47916129 2.34592157
 2.24946377 0.83325    2.84246    1.19317391 1.82416667 2.835
 4.14594118 1.65513725 1.183      1.64516667 2.0811     1.639
 3.04514706 2.56972222 2.56652    3.13134848 1.16586207 1.43304
 2.27262338 2.30948333]",111
26,0,CausalForestDML,0.1564350335958995,0.5775587322356472,"[2.02041572 2.30448363 2.06343106 2.09860907 2.28824858 2.05632927
 2.28653642 2.24845632 2.79184826 2.05753587 2.10673717 2.06599635
 2.16693498 2.20100211 2.29921094 2.22435632 2.20892189 2.49619401
 2.04029936 2.08404542 2.31834252 2.35409996 2.41037695 1.90015714
 2.26718777 2.35597205 2.46161147 2.22826406 2.3217649  2.7072277
 1.94862087 2.29195046 2.28892244 1.9487082  2.11200286 2.3419272
 2.32556783 2.37070796 2.63543532 2.00507684]","[1.4714     2.29873778 1.3349     2.35533333 3.95421053 1.93879412
 2.766125   2.879      3.99041667 1.79616667 2.34264286 2.73331122
 2.0223     2.09134    2.21825    2.25259375 1.98961333 3.0218
 0.84105    2.17665333 2.18855645 3.18866667 3.51316667 2.71642105
 2.38993333 3.7875     1.05525    1.0227     1.927      3.99480769
 2.85704545 2.77283333 2.05292105 1.26028378 1.94366667 2.36769444
 4.11475    1.95558974 2.83598387 1.81468966]",111
29,0,CausalForestDML,0.3485096906533871,0.10977414722391779,"[0.78187572 0.67540156 0.76848484 0.62251675 0.75725745 0.65523994
 1.0197755  1.23892333 0.84222482 0.5850847  0.56418626 0.67798739
 0.82869614 0.68627642 0.67374506 1.07554725 0.88096776 1.10849097
 0.65274345 0.63181868 0.79287533 0.84598952 0.96557463 0.80197531
 0.8000892  1.30911709 0.82234244 0.7701793  0.63760132 0.88297002
 0.74235664 0.94831755 1.30153889 0.64555708 1.2451544  0.90841339
 0.72391365 0.77237594 1.14842524 0.80710314 0.97312148 0.92535337
 0.66975913 1.22861571 0.56840198 0.709818   0.89081511 0.91958968
 0.79197921 0.88053992 0.69746849 0.56201985 0.71313619 0.67795024
 1.22210407 0.9496023 ]","[0.763      0.66181818 1.1877     1.13319231 0.7084     0.92085
 1.18704444 2.3352963  1.22136    0.85170608 0.68342105 0.53694118
 0.749875   0.56986364 0.7133     0.56875    0.74445    0.75470769
 0.83547561 0.77601389 0.24952941 1.33107692 1.54455    0.57880952
 0.79004167 1.78329167 0.55525    0.86955556 0.126      0.72740769
 0.86365789 0.790125   2.12042029 0.81557609 1.17752174 1.20142105
 0.60408871 0.65825455 1.26807692 0.71729412 0.3110625  1.36856522
 0.5505     1.43535    0.88089474 0.5922     0.6886     1.13910714
 1.0703     0.7955     0.84273913 0.57695652 0.92283256 0.73808824
 1.38075    0.47618333]",111
30,0,CausalForestDML,0.08468970953126165,0.06644999099215072,"[1.21141847 1.05991694 1.08101399 1.40640425 1.08372182 1.10125053
 1.03707831 1.3538197  1.09350388 1.04859397 1.11833187 1.03189813
 1.16291455 1.13926763 1.21664478 0.97942317 1.06681504 1.06401024
 1.08199702 1.19364068 1.03838911 1.07145407 1.04827105 1.1404199
 1.07721675 1.05397483 1.06973379 1.2926964  1.04255219 1.01555566
 1.10513328 1.29219994 1.16162154 1.08979113 1.19608548 1.06027372
 1.02715387 1.08612174 1.07512495 1.01991066 1.09623536 1.04414133
 1.15170905 1.0040708  1.07485792 0.99549104 1.06286828 1.11777528
 1.0832317  1.01431846 1.14601154 1.07961876 1.06279183 1.12185589
 1.1782007  1.07741585 1.05588155 1.14190693 1.07985377 1.0957337 ]","[1.652      1.10641176 0.81736486 1.39183333 0.921      1.09807895
 1.06174359 0.78880952 0.69852632 1.42468421 1.17409091 1.08232258
 0.95992105 1.38310345 1.0621413  1.421      0.7336     0.93348718
 1.0417931  1.43904    0.46236111 0.772      1.17432    1.19511628
 1.34857059 1.20177273 0.94395    1.40761765 1.16931818 1.07927273
 1.37359091 1.65777241 0.9646875  0.88313077 0.9885     1.22037097
 0.58296    1.78092473 0.93234615 0.84365217 0.69405    1.31530952
 1.337      0.9835     0.98977273 0.83028    0.58527273 0.873
 1.05429545 1.03483333 1.34490476 1.25872174 0.93877778 1.06097727
 0.99567391 1.28568421 1.32175    1.37186538 1.14966667 1.09669231]",111
31,0,CausalForestDML,0.2552349402095577,0.013965862298172545,"[-0.01044512 -0.02692201 -0.0551659  -0.10558116  0.03787544  0.04417658
 -0.04041692 -0.01375899  0.04370042 -0.0052183   0.04542417 -0.03579418
 -0.10565908 -0.04647772  0.05034603  0.02864412  0.03144834  0.02462651
 -0.04967286 -0.0252629  -0.09129332 -0.01768111  0.05211116 -0.05636993
 -0.0026504  -0.01623898 -0.09265736 -0.10386714 -0.10061986 -0.0613488
  0.01531977 -0.00734867 -0.0938463  -0.12749232 -0.05636993 -0.06299469
 -0.00546061 -0.06202005  0.03036416 -0.10175923  0.02393889 -0.03959175
  0.00022208 -0.07382094 -0.05644094 -0.06333161  0.0090491  -0.08929834
 -0.017445    0.00429478 -0.02232647  0.02850503 -0.03884352 -0.08710553
  0.02435186 -0.06529486 -0.07857157 -0.08817672  0.04674703  0.01322846]","[-0.035      -0.18184091 -0.10432258 -0.20545     0.15188108 -0.00331579
  0.112       0.0448      0.0920625  -0.02907692  0.13416667 -0.03616667
 -0.17371774 -0.03226087  0.133       0.10223684  0.07617647  0.238
 -0.14368421  0.06172222 -0.07920909  0.0665      0.15283333 -0.42605
  0.0112     -0.11025     0.00735    -0.21845588 -0.04325     0.01336364
  0.11230435 -0.19554118 -0.1238125  -0.10332051 -0.42605    -0.20904545
 -0.0405     -0.06405    -0.03742742 -0.0864      0.03394737 -0.039
 -0.17051429 -0.23061111 -0.12438462 -0.42605    -0.10786364 -0.04875
  0.0075     -0.10047879 -0.05323784 -0.07161957 -0.04384615 -0.04165
  0.17590476  0.00536667 -0.111      -0.05090909  0.0842625   0.0132    ]",111
35,0,CausalForestDML,0.18455858096360445,0.058084989271562804,"[ 0.08836105  0.07232316  0.18732318  0.16426162  0.03449977  0.14800221
  0.05443327  0.11359859 -0.01593957  0.09486053  0.05828757  0.05250518
  0.1377171   0.0938429   0.05624441  0.06233361  0.12368296  0.07260434
  0.07099688  0.12241053  0.13655804  0.05980694  0.12002371  0.10346465
  0.12405904  0.05755194  0.05988642  0.07483686  0.03672635  0.17037358
  0.09315207  0.16911311  0.05835742  0.09788309  0.10435581  0.03908223
  0.14008969  0.09538014  0.30063169  0.03658524]","[ 0.30180769  0.04940727  0.14028    -0.09313043 -0.00409806  0.21080769
  0.18103448  0.01130769 -0.06191379  0.12025    -0.156625    0.02433333
  0.892      -0.05844167  0.04725     0.07228125  0.13125    -0.03605
 -0.12609524 -0.10521053 -0.3053      0.20165385  0.25095     0.0678
  0.168      -0.09372727 -0.11185101 -0.18422727 -0.065939    0.35761765
 -0.05844167  0.21488108 -0.16733957 -0.084      -0.05775    -0.04586667
  0.91184211  0.18316667  0.82483333 -0.0676734 ]",111
36,0,CausalForestDML,0.17132788370948604,0.3840741906906158,"[1.78260155 1.72616967 1.65612258 1.9729821  2.01461849 2.15216308
 1.5575659  1.56181145 1.68406537 1.81279941 1.80718563 1.96618989
 1.98243823 1.76524741 2.15248149 1.88058474 1.82440139 1.76757902
 1.6040051  1.77105475 1.65721837 1.95760994 1.60504664 1.6889005
 2.15131007 2.34014762 1.69060019 1.73064592 2.04665248 1.74131245
 2.38448142 1.77789738 1.76600654 1.52241493 1.54768782 2.32941572
 1.74129064 1.78258798 1.58534056 1.94024185 1.81052841 1.86426836
 1.75102424 2.2688356  1.83207977 1.7450941  1.91040912 1.84408255
 1.56214363 1.89281504 2.20833019 1.61818824 1.67682937 1.76477919]","[0.68522222 1.21961538 1.94548333 2.51757895 1.76675    2.36490476
 1.88053509 0.56813333 2.89497826 2.11736667 0.5662     1.41261207
 2.5199     2.07165333 2.18341667 2.0916     1.30742105 1.24595172
 1.74982143 1.45759091 1.3722549  1.87533333 1.042375   0.82171552
 1.75391111 2.65175439 1.81835294 1.162      2.73508824 1.69675
 2.7831875  2.2895     1.18084615 1.15797917 1.34513514 2.39562963
 1.29590476 0.9219     1.04511957 2.15518537 1.1865     0.99834677
 1.52536364 1.69805263 2.57489855 1.28485    4.13756    2.14489
 1.30651111 1.50315    1.90624194 2.21078788 1.9888     0.9432973 ]",111
22,0,RandomForestRegressor,-0.3468506223895804,1.0351562421200815,"[1.20998236 2.59674585 1.78430362 1.00504868 2.09722948 0.92054702
 2.53582571 2.60947409 3.20775595 1.58717915 2.20533971 1.77359196
 2.97122107 3.96774186 2.50327809 3.45895615 2.91317268 1.44125115
 2.08907941 3.15849032 1.1224424  2.22903147 1.58137903 1.83085008
 2.49587876 2.63951938 1.42074551 1.61090427 2.5455651  1.34883445
 2.16543806 1.87742925 1.23881893 1.01748271 1.47629726 0.50869246
 1.13272216 1.06384117 1.64569472 1.49887302 0.92857219 2.92552963
 0.91089001 2.10912808 3.09405638 2.39780979 2.16156619 1.9544035
 1.02161968 0.96961404 2.85414443 2.40159128 1.20894969]","[1.750125   2.41409231 1.20335673 1.44268873 2.54261111 0.902
 1.564      0.669375   2.94529167 3.20660714 2.04175    2.126625
 1.97736957 0.868      2.08740097 1.58023333 2.71267826 2.37477174
 2.53027273 1.97736957 0.949725   0.80315    1.83787879 3.9121
 0.6960625  3.10982667 1.55395238 1.461      2.194      0.819
 3.26355882 2.28575    1.68560943 0.93408    2.24589899 1.70233333
 1.67356    0.9159     0.79975    1.469      0.77056    3.87884211
 0.65769091 0.7378     2.83789394 2.52508824 3.08004167 1.01485263
 2.34178804 0.81415385 0.68833333 0.75525    1.99110142]",111
23,0,RandomForestRegressor,-1.35807549053574,0.251339597730801,"[3.55649892 3.63236142 3.83455092 3.66547855 3.748503   3.36492474
 3.58731698 4.06541851 3.79470759 2.0831981  4.15148055 3.95571441
 3.73246    3.84317867 3.75765894 3.62751381 3.34627439 3.88304185
 3.72365875 4.03296791 4.10086293 3.78482385 3.5455088  3.77696316
 3.19522685 3.36513521 3.98103597 4.02372295 3.97140879 4.1098255
 3.9099406  4.00647047 3.97914932 4.04406298 3.80007092 3.80036932
 3.76305192 3.9870522  3.73945392 3.31457992 3.71249792 3.689181
 3.66099    3.78895067 3.78245112 3.2912348  3.74638215 3.68881037
 3.29366889 3.54282135 3.732323   3.31494892 3.94041301 3.71056786
 3.75683329 4.18020874 3.22116236 4.13980316 3.94641273 3.96779674]","[3.68939153 4.17154545 4.117      3.92479167 4.143      4.11066667
 4.1753     3.75880952 3.52813636 4.19       4.089375   4.212
 3.99723077 4.14683333 3.98370968 2.901      3.98875    3.92607692
 4.06194118 4.08383333 3.93418182 4.1718     3.924875   4.04222222
 4.06363158 3.69086957 3.97395455 4.12482353 3.96845238 3.81006061
 3.94888889 4.0615     3.85180952 3.94227273 4.01666667 3.99775
 4.141      2.24414035 3.86919853 4.127      4.18909677 3.6947517
 3.95323529 4.057      3.90406897 3.13875    4.13235294 4.0906
 4.1291875  3.7124     4.07877778 3.33701449 3.9758     4.04335
 4.03012    4.09222727 3.90634783 4.05036842 4.12651724 4.06866667]",111
25,0,RandomForestRegressor,-0.0588865630838169,0.6891050424136468,"[1.55522649 3.1705932  1.29472939 1.8730324  1.59918648 2.83397594
 1.6696987  1.48465559 2.92663642 1.42341863 1.7775681  1.56435867
 2.71534136 3.732155   2.41880966 2.98177362 1.13163775 1.27419792
 1.03247156 0.93786658 1.98068052 1.91780892 0.5197549  2.46584307
 1.25830852 2.26750872 1.34720104 2.19961448 1.91293969 1.41431406
 2.23685449 2.0047056  3.37950487 1.59286968 1.39698626 1.26499971
 2.83602309 2.75421574 1.16810368 2.24766944 1.44283168 1.5189925
 3.72427278 0.87721217 1.9607233  1.99627922 1.52806568 2.35957274
 1.63977538 3.4099904 ]","[1.878025   3.16918667 2.84516667 2.39346552 1.2684     2.40159649
 1.6801     0.94067647 2.23533333 1.20272727 2.58997368 1.5772987
 3.19253623 2.2585     1.91575    2.80725    2.46875    1.00478824
 0.77816667 0.58036364 1.2222     2.58397778 1.1935     2.5255
 1.51742105 2.1625     3.46066667 1.52365625 0.47916129 2.34592157
 2.24946377 0.83325    2.84246    1.19317391 1.82416667 2.835
 4.14594118 1.65513725 1.183      1.64516667 2.0811     1.639
 3.04514706 2.56972222 2.56652    3.13134848 1.16586207 1.43304
 2.27262338 2.30948333]",111
26,0,RandomForestRegressor,0.12291976780154468,0.60050543485328,"[1.50595945 1.98063912 1.65752436 1.58156001 2.18381696 2.08233515
 2.38002485 1.91357858 3.12680332 2.0512689  1.80287998 2.04585631
 2.6044509  2.19996518 2.03179407 2.69033334 2.62763063 2.53239342
 1.44563584 2.15241413 1.97141233 2.30245799 2.68321971 1.66351873
 1.90208682 2.66945885 2.21082174 2.55340215 2.77001147 2.49540464
 1.69447962 2.37908869 2.24874285 1.63622338 2.16684996 2.76528906
 2.73517138 2.95369138 3.32446826 1.65051087]","[1.4714     2.29873778 1.3349     2.35533333 3.95421053 1.93879412
 2.766125   2.879      3.99041667 1.79616667 2.34264286 2.73331122
 2.0223     2.09134    2.21825    2.25259375 1.98961333 3.0218
 0.84105    2.17665333 2.18855645 3.18866667 3.51316667 2.71642105
 2.38993333 3.7875     1.05525    1.0227     1.927      3.99480769
 2.85704545 2.77283333 2.05292105 1.26028378 1.94366667 2.36769444
 4.11475    1.95558974 2.83598387 1.81468966]",111
29,0,RandomForestRegressor,0.23190638528470886,0.1294214516069623,"[0.89082302 0.63247367 0.43244878 0.77000362 0.77268098 0.64767954
 1.01530997 1.36113499 0.90131369 0.49682935 0.45090292 0.59534582
 1.06489423 0.67585616 0.63870423 1.27487631 1.00157232 0.89894497
 0.50537654 0.78516326 0.91459385 0.94748816 1.16357259 0.54972702
 0.73184914 1.24239689 1.03334611 0.35805137 0.52886051 0.98629519
 0.80286699 1.13707036 1.40470408 0.58949431 1.22511254 0.75447248
 0.75163315 0.71134269 1.11953048 0.84484171 0.93918919 1.01791599
 0.50453486 0.95592016 0.45720892 0.46640788 0.90776238 1.3089441
 0.71089868 1.18567078 0.67756804 0.46625948 0.44300998 0.67475779
 1.13738199 0.66329235]","[0.763      0.66181818 1.1877     1.13319231 0.7084     0.92085
 1.18704444 2.3352963  1.22136    0.85170608 0.68342105 0.53694118
 0.749875   0.56986364 0.7133     0.56875    0.74445    0.75470769
 0.83547561 0.77601389 0.24952941 1.33107692 1.54455    0.57880952
 0.79004167 1.78329167 0.55525    0.86955556 0.126      0.72740769
 0.86365789 0.790125   2.12042029 0.81557609 1.17752174 1.20142105
 0.60408871 0.65825455 1.26807692 0.71729412 0.3110625  1.36856522
 0.5505     1.43535    0.88089474 0.5922     0.6886     1.13910714
 1.0703     0.7955     0.84273913 0.57695652 0.92283256 0.73808824
 1.38075    0.47618333]",111
30,0,RandomForestRegressor,-0.2795565061213292,0.09289365496171506,"[1.87675633 1.12469611 0.89195107 1.78813199 1.24161967 1.01410893
 0.58030065 1.18819922 1.04992521 0.82339929 1.47161876 0.83474608
 1.02458834 1.24911487 1.16894203 0.67161299 1.13255902 1.05546461
 1.29634117 1.6828415  0.94356015 0.76476174 0.62988591 0.71288679
 1.02832825 0.90827559 1.04860185 1.42353141 0.58795501 0.87618469
 1.24327597 1.4244547  1.16998019 1.15940406 1.13519367 0.7439409
 0.96903638 1.56716031 1.04984707 0.63479952 1.03118764 1.02584952
 1.20985573 0.78820334 1.0930996  0.93936948 0.80560687 1.01923821
 1.05839051 0.88085659 1.12421386 1.190412   1.13711001 1.03325422
 1.21720382 0.83147385 0.7620241  1.06438278 0.73596588 1.02837336]","[1.652      1.10641176 0.81736486 1.39183333 0.921      1.09807895
 1.06174359 0.78880952 0.69852632 1.42468421 1.17409091 1.08232258
 0.95992105 1.38310345 1.0621413  1.421      0.7336     0.93348718
 1.0417931  1.43904    0.46236111 0.772      1.17432    1.19511628
 1.34857059 1.20177273 0.94395    1.40761765 1.16931818 1.07927273
 1.37359091 1.65777241 0.9646875  0.88313077 0.9885     1.22037097
 0.58296    1.78092473 0.93234615 0.84365217 0.69405    1.31530952
 1.337      0.9835     0.98977273 0.83028    0.58527273 0.873
 1.05429545 1.03483333 1.34490476 1.25872174 0.93877778 1.06097727
 0.99567391 1.28568421 1.32175    1.37186538 1.14966667 1.09669231]",111
31,0,RandomForestRegressor,-0.49046130715911795,0.027949186260692017,"[ 0.05969912 -0.00276128 -0.34152932  0.02823134  0.12781114  0.12411615
 -0.20803073  0.06012113 -0.00220624  0.01839304  0.06783553 -0.02507153
 -0.0646215   0.01717566  0.01946448  0.11569309  0.10243269  0.12098839
 -0.03481457 -0.09058475 -0.09264701 -0.01953164  0.12332905  0.02179677
  0.0636393   0.02101711 -0.01208505 -0.18013623  0.01347023 -0.05780026
  0.10637506 -0.01291287 -0.03307887 -0.78283329  0.02179677  0.12557308
  0.09128591 -0.32234452  0.08702049 -0.05883714  0.02654128  0.02836697
 -0.00208177 -0.34709444 -0.10594549 -0.30903304 -0.04921861  0.02022667
 -0.00802735  0.07757999 -0.00265239  0.03235673 -0.02350706  0.00621745
  0.08629854  0.02299471 -0.03871686 -0.19145203  0.01996416  0.07209923]","[-0.035      -0.18184091 -0.10432258 -0.20545     0.15188108 -0.00331579
  0.112       0.0448      0.0920625  -0.02907692  0.13416667 -0.03616667
 -0.17371774 -0.03226087  0.133       0.10223684  0.07617647  0.238
 -0.14368421  0.06172222 -0.07920909  0.0665      0.15283333 -0.42605
  0.0112     -0.11025     0.00735    -0.21845588 -0.04325     0.01336364
  0.11230435 -0.19554118 -0.1238125  -0.10332051 -0.42605    -0.20904545
 -0.0405     -0.06405    -0.03742742 -0.0864      0.03394737 -0.039
 -0.17051429 -0.23061111 -0.12438462 -0.42605    -0.10786364 -0.04875
  0.0075     -0.10047879 -0.05323784 -0.07161957 -0.04384615 -0.04165
  0.17590476  0.00536667 -0.111      -0.05090909  0.0842625   0.0132    ]",111
35,0,RandomForestRegressor,0.26097010355459616,0.05264209372283494,"[ 0.32818188  0.12207926  0.08343916 -0.06105962 -0.02162373  0.31948984
  0.1016223   0.24252744  0.04509178  0.08196429  0.03869365  0.03188742
  0.16967716  0.15239747 -0.03124279 -0.01200213  0.01814668  0.00827082
  0.15707159  0.17037239  0.09782222  0.19388227  0.2479978   0.11608478
  0.18544963  0.11891053  0.11930981 -0.02081626  0.01628013  0.28725241
  0.14777747  0.31624462  0.29972654  0.26999994  0.14144409  0.00508101
  0.22034185  0.19809526  0.8507777  -0.02081518]","[ 0.30180769  0.04940727  0.14028    -0.09313043 -0.00409806  0.21080769
  0.18103448  0.01130769 -0.06191379  0.12025    -0.156625    0.02433333
  0.892      -0.05844167  0.04725     0.07228125  0.13125    -0.03605
 -0.12609524 -0.10521053 -0.3053      0.20165385  0.25095     0.0678
  0.168      -0.09372727 -0.11185101 -0.18422727 -0.065939    0.35761765
 -0.05844167  0.21488108 -0.16733957 -0.084      -0.05775    -0.04586667
  0.91184211  0.18316667  0.82483333 -0.0676734 ]",111
36,0,RandomForestRegressor,0.020479736261028725,0.45398951547286487,"[ 1.78758206  1.41216331  1.63117835  1.85097583  2.2565931   2.30333647
  1.16683583  1.09028364  1.42609297  1.44973345 -0.0832115   2.37731224
  1.92519382  1.86356802  2.76046502  1.97093908  1.64179764  1.86168112
  1.07099456  1.55944401  0.78846632  1.85700608  0.77101109  1.70452396
  1.87289804  3.13815996  1.61603804  1.78370957  2.43820726  1.3789207
  3.59666574  1.77092091  1.96732715  1.08090573  0.89608895  3.37651202
  1.18586022  1.58897153  0.93176022  2.50736213  1.69968215  1.66356889
  1.88625447  2.53373741  1.86912741  1.55881829  1.69874423  2.04951747
  0.87802508  2.3994492   1.87610173  1.12478699  1.34629707  1.0566768 ]","[0.68522222 1.21961538 1.94548333 2.51757895 1.76675    2.36490476
 1.88053509 0.56813333 2.89497826 2.11736667 0.5662     1.41261207
 2.5199     2.07165333 2.18341667 2.0916     1.30742105 1.24595172
 1.74982143 1.45759091 1.3722549  1.87533333 1.042375   0.82171552
 1.75391111 2.65175439 1.81835294 1.162      2.73508824 1.69675
 2.7831875  2.2895     1.18084615 1.15797917 1.34513514 2.39562963
 1.29590476 0.9219     1.04511957 2.15518537 1.1865     0.99834677
 1.52536364 1.69805263 2.57489855 1.28485    4.13756    2.14489
 1.30651111 1.50315    1.90624194 2.21078788 1.9888     0.9432973 ]",111
22,0,GradientBoostingRegressor,0.06471217489384251,0.7188392047663236,"[1.48263708 1.76093214 1.78529236 1.66870643 1.92666362 1.48263708
 1.78529236 1.75154932 2.05166154 1.72773792 1.9637581  1.97713913
 2.0337412  2.144527   1.95725728 2.06904848 1.93637609 1.6654731
 1.69269069 2.53101654 1.48943877 2.0045925  1.6714205  1.62439678
 1.75154932 1.7878771  1.68016237 1.74490292 2.144527   1.69949238
 1.88591862 2.0067906  1.48943877 1.48943877 1.75228959 1.38131836
 1.54504288 1.44545372 1.78529236 1.67973063 1.44545372 2.12016677
 1.40027534 1.76093214 1.99280435 2.02380668 1.67726241 1.72773792
 1.62163764 1.43865204 2.09558149 2.144527   1.62163764]","[1.750125   2.41409231 1.20335673 1.44268873 2.54261111 0.902
 1.564      0.669375   2.94529167 3.20660714 2.04175    2.126625
 1.97736957 0.868      2.08740097 1.58023333 2.71267826 2.37477174
 2.53027273 1.97736957 0.949725   0.80315    1.83787879 3.9121
 0.6960625  3.10982667 1.55395238 1.461      2.194      0.819
 3.26355882 2.28575    1.68560943 0.93408    2.24589899 1.70233333
 1.67356    0.9159     0.79975    1.469      0.77056    3.87884211
 0.65769091 0.7378     2.83789394 2.52508824 3.08004167 1.01485263
 2.34178804 0.81415385 0.68833333 0.75525    1.99110142]",111
23,0,GradientBoostingRegressor,-0.29871891431671327,0.13842622545370037,"[3.80585755 3.80753141 3.85906783 3.88254352 3.85906783 3.70153227
 3.89623716 3.89023452 3.8333741  3.0121081  3.89023452 3.85906783
 3.85906783 3.85906783 3.74869167 3.81510938 3.80072229 3.88254352
 3.8554576  3.90849924 3.90608677 3.71806556 3.84104861 3.83142855
 3.80224732 3.8229233  3.88254352 3.95611166 3.87986921 3.90890401
 3.89767695 3.82339197 3.90608677 3.96211429 3.85906783 3.88254352
 3.85906783 3.89095334 3.80585755 3.80585755 3.85906783 3.8554576
 3.85611758 3.85611758 3.86918782 3.55384354 3.85906783 3.8884531
 3.44774729 3.85287649 3.85906783 3.84302688 3.95494232 3.74869167
 3.85927187 3.90849924 3.85287649 3.95611166 3.71806556 3.96211429]","[3.68939153 4.17154545 4.117      3.92479167 4.143      4.11066667
 4.1753     3.75880952 3.52813636 4.19       4.089375   4.212
 3.99723077 4.14683333 3.98370968 2.901      3.98875    3.92607692
 4.06194118 4.08383333 3.93418182 4.1718     3.924875   4.04222222
 4.06363158 3.69086957 3.97395455 4.12482353 3.96845238 3.81006061
 3.94888889 4.0615     3.85180952 3.94227273 4.01666667 3.99775
 4.141      2.24414035 3.86919853 4.127      4.18909677 3.6947517
 3.95323529 4.057      3.90406897 3.13875    4.13235294 4.0906
 4.1291875  3.7124     4.07877778 3.33701449 3.9758     4.04335
 4.03012    4.09222727 3.90634783 4.05036842 4.12651724 4.06866667]",111
25,0,GradientBoostingRegressor,0.17887119642316385,0.5343764089025398,"[2.28782622 2.55804765 1.70808819 1.85879399 1.85879399 2.00245301
 1.76454506 1.7101306  1.97493554 1.73649338 1.94877107 1.99137246
 2.74167805 2.77381557 2.01755173 1.9654023  1.99030668 1.75872334
 1.90364052 1.69339727 2.00504086 1.97237335 1.68659558 1.85879399
 1.68659558 2.04082971 1.99137246 2.14749864 1.99137246 1.69339727
 1.83799917 2.0476314  2.31075757 2.00504086 1.98638982 1.68790063
 2.28337555 2.01156002 1.70678314 2.56471432 1.72351647 1.76454506
 2.54105977 1.6711673  2.36545902 2.51911605 1.83141198 2.00475833
 2.48577962 2.22501424]","[1.878025   3.16918667 2.84516667 2.39346552 1.2684     2.40159649
 1.6801     0.94067647 2.23533333 1.20272727 2.58997368 1.5772987
 3.19253623 2.2585     1.91575    2.80725    2.46875    1.00478824
 0.77816667 0.58036364 1.2222     2.58397778 1.1935     2.5255
 1.51742105 2.1625     3.46066667 1.52365625 0.47916129 2.34592157
 2.24946377 0.83325    2.84246    1.19317391 1.82416667 2.835
 4.14594118 1.65513725 1.183      1.64516667 2.0811     1.639
 3.04514706 2.56972222 2.56652    3.13134848 1.16586207 1.43304
 2.27262338 2.30948333]",111
26,0,GradientBoostingRegressor,0.03933138175392237,0.6577354102529008,"[2.14446953 2.19572632 2.15374396 2.16870815 2.2483042  2.11097666
 2.22563061 2.24607724 2.46875068 2.20973373 2.22119079 2.22119079
 2.23166664 2.18847963 2.21528604 2.22255661 2.2084754  2.17041057
 2.12638691 2.20973373 2.21528604 2.21900816 2.24688471 2.14446953
 2.17813618 2.42917233 2.41702216 2.19993668 2.34307376 2.46875068
 2.18975991 2.24688471 2.20963335 2.20973373 2.12025109 2.18426927
 2.19916    2.3677225  2.52421556 2.14829816]","[1.4714     2.29873778 1.3349     2.35533333 3.95421053 1.93879412
 2.766125   2.879      3.99041667 1.79616667 2.34264286 2.73331122
 2.0223     2.09134    2.21825    2.25259375 1.98961333 3.0218
 0.84105    2.17665333 2.18855645 3.18866667 3.51316667 2.71642105
 2.38993333 3.7875     1.05525    1.0227     1.927      3.99480769
 2.85704545 2.77283333 2.05292105 1.26028378 1.94366667 2.36769444
 4.11475    1.95558974 2.83598387 1.81468966]",111
29,0,GradientBoostingRegressor,0.13710663907098175,0.14539492219947592,"[0.91150895 0.76908352 0.6370199  0.82371953 0.82481379 0.864639
 0.94541632 1.00466112 0.94638685 0.7294696  0.76288997 0.86362124
 0.94138286 0.76908352 0.75713391 0.89978656 0.96826915 0.91355335
 0.78057592 0.83156611 0.88420607 0.96826915 0.95790071 0.90423646
 0.93613895 0.9962513  0.91558246 0.86982617 0.73236848 0.92540603
 0.90423646 0.92760859 1.01531082 0.8043925  0.96522219 0.8768089
 0.81881115 0.86232377 0.87686796 0.87089808 0.97756281 0.89265589
 0.72744668 0.99095565 0.76288997 0.83707587 0.95790071 1.0542038
 0.86102877 0.89383048 0.79584103 0.76288997 0.78077996 0.85954773
 0.97363201 0.95382614]","[0.763      0.66181818 1.1877     1.13319231 0.7084     0.92085
 1.18704444 2.3352963  1.22136    0.85170608 0.68342105 0.53694118
 0.749875   0.56986364 0.7133     0.56875    0.74445    0.75470769
 0.83547561 0.77601389 0.24952941 1.33107692 1.54455    0.57880952
 0.79004167 1.78329167 0.55525    0.86955556 0.126      0.72740769
 0.86365789 0.790125   2.12042029 0.81557609 1.17752174 1.20142105
 0.60408871 0.65825455 1.26807692 0.71729412 0.3110625  1.36856522
 0.5505     1.43535    0.88089474 0.5922     0.6886     1.13910714
 1.0703     0.7955     0.84273913 0.57695652 0.92283256 0.73808824
 1.38075    0.47618333]",111
30,0,GradientBoostingRegressor,-0.10734783893624522,0.08039159472883063,"[1.14265613 1.15416915 1.13903572 1.34471543 1.13545409 1.12204469
 1.10551708 1.20396007 1.15968031 1.13344921 1.18550207 1.18923086
 1.17794503 1.1419774  1.19975607 1.07616697 1.13463276 1.14783125
 1.22690942 1.21538858 1.12291597 1.16533879 1.11406682 1.10012831
 1.10912731 1.14575933 1.13212068 1.20018896 0.98547468 1.12232884
 1.16871283 1.30565766 1.22130322 1.17503661 1.1991633  0.94777748
 1.16871283 1.03998859 1.21082898 1.14419774 1.15968031 1.21145841
 1.20161034 1.07990947 1.27245157 1.19540327 1.15307671 1.20035247
 1.1241721  1.09855919 1.17503572 1.22337058 1.13463276 1.1241721
 1.12295166 1.17644525 1.14321427 1.10012831 1.13115947 1.16072837]","[1.652      1.10641176 0.81736486 1.39183333 0.921      1.09807895
 1.06174359 0.78880952 0.69852632 1.42468421 1.17409091 1.08232258
 0.95992105 1.38310345 1.0621413  1.421      0.7336     0.93348718
 1.0417931  1.43904    0.46236111 0.772      1.17432    1.19511628
 1.34857059 1.20177273 0.94395    1.40761765 1.16931818 1.07927273
 1.37359091 1.65777241 0.9646875  0.88313077 0.9885     1.22037097
 0.58296    1.78092473 0.93234615 0.84365217 0.69405    1.31530952
 1.337      0.9835     0.98977273 0.83028    0.58527273 0.873
 1.05429545 1.03483333 1.34490476 1.25872174 0.93877778 1.06097727
 0.99567391 1.28568421 1.32175    1.37186538 1.14966667 1.09669231]",111
31,0,GradientBoostingRegressor,-0.1475233940009173,0.021518401667577906,"[-0.0236577  -0.04801792 -0.01033401 -0.05857872  0.03123611  0.01550366
 -0.01943025 -0.0236577   0.03123611  0.03123611  0.03421141 -0.03325544
 -0.06243687 -0.01749881  0.03123611  0.0038541   0.01550366  0.05991954
 -0.03106685 -0.01451386 -0.07316483 -0.0293973   0.03123611  0.13481661
 -0.0236577   0.00091442 -0.080286   -0.09243836 -0.06243687 -0.0293973
  0.03123611 -0.01979956 -0.06497794 -0.0758513   0.13481661 -0.03985246
  0.01681062 -0.06883608 -0.01979956 -0.05294543  0.00833418 -0.01749881
 -0.0236577  -0.07322752 -0.01979956  0.03181271 -0.03325544 -0.05738524
  0.00226259 -0.01979956 -0.03325544  0.03123611 -0.03190728 -0.07642786
  0.01269752 -0.05738524 -0.03190728 -0.04297251  0.03123611 -0.03325544]","[-0.035      -0.18184091 -0.10432258 -0.20545     0.15188108 -0.00331579
  0.112       0.0448      0.0920625  -0.02907692  0.13416667 -0.03616667
 -0.17371774 -0.03226087  0.133       0.10223684  0.07617647  0.238
 -0.14368421  0.06172222 -0.07920909  0.0665      0.15283333 -0.42605
  0.0112     -0.11025     0.00735    -0.21845588 -0.04325     0.01336364
  0.11230435 -0.19554118 -0.1238125  -0.10332051 -0.42605    -0.20904545
 -0.0405     -0.06405    -0.03742742 -0.0864      0.03394737 -0.039
 -0.17051429 -0.23061111 -0.12438462 -0.42605    -0.10786364 -0.04875
  0.0075     -0.10047879 -0.05323784 -0.07161957 -0.04384615 -0.04165
  0.17590476  0.00536667 -0.111      -0.05090909  0.0842625   0.0132    ]",111
35,0,GradientBoostingRegressor,0.26355901675490434,0.052457681952774726,"[0.1272798  0.11360137 0.14729355 0.10649223 0.03959042 0.19337558
 0.04222167 0.18894686 0.00587603 0.16024429 0.06716639 0.0585474
 0.14163334 0.1188641  0.11582386 0.06237029 0.07676838 0.06716639
 0.06716639 0.13755178 0.13318576 0.10832282 0.12655222 0.07676838
 0.15344261 0.03959042 0.07382623 0.04222167 0.05104636 0.18875617
 0.1188641  0.19337558 0.06237029 0.07000334 0.14531807 0.0585474
 0.15056529 0.15723092 0.52578492 0.03959042]","[ 0.30180769  0.04940727  0.14028    -0.09313043 -0.00409806  0.21080769
  0.18103448  0.01130769 -0.06191379  0.12025    -0.156625    0.02433333
  0.892      -0.05844167  0.04725     0.07228125  0.13125    -0.03605
 -0.12609524 -0.10521053 -0.3053      0.20165385  0.25095     0.0678
  0.168      -0.09372727 -0.11185101 -0.18422727 -0.065939    0.35761765
 -0.05844167  0.21488108 -0.16733957 -0.084      -0.05775    -0.04586667
  0.91184211  0.18316667  0.82483333 -0.0676734 ]",111
36,0,GradientBoostingRegressor,0.05309774361718733,0.43887167268440885,"[1.90431648 1.88767809 1.62280177 1.82241541 1.85954271 1.82241541
 1.62280177 1.61317502 1.96270417 1.76794162 1.60705379 2.2662604
 1.82241541 1.85834457 1.96285177 1.90690019 1.90690019 1.8331841
 1.62280177 1.83993793 1.62280177 1.96285177 1.62280177 1.90431648
 1.82241541 2.66447196 1.75274104 1.8343546  1.86143145 1.66615607
 2.66447196 1.90431648 2.18229012 1.62280177 1.62280177 1.82241541
 1.86143145 1.90431648 1.61919154 1.87333066 1.84342731 1.89615732
 2.14973825 1.82241541 1.85080465 1.86984127 1.85957933 1.81993655
 1.46526621 1.87333066 1.82241541 1.66615607 1.73022996 1.84347289]","[0.68522222 1.21961538 1.94548333 2.51757895 1.76675    2.36490476
 1.88053509 0.56813333 2.89497826 2.11736667 0.5662     1.41261207
 2.5199     2.07165333 2.18341667 2.0916     1.30742105 1.24595172
 1.74982143 1.45759091 1.3722549  1.87533333 1.042375   0.82171552
 1.75391111 2.65175439 1.81835294 1.162      2.73508824 1.69675
 2.7831875  2.2895     1.18084615 1.15797917 1.34513514 2.39562963
 1.29590476 0.9219     1.04511957 2.15518537 1.1865     0.99834677
 1.52536364 1.69805263 2.57489855 1.28485    4.13756    2.14489
 1.30651111 1.50315    1.90624194 2.21078788 1.9888     0.9432973 ]",111
22,0,DecisionTreeRegressor,-0.8635519223578771,1.432280145158997,"[1.13671057 1.96066667 1.99297724 0.795375   3.17896652 1.00647273
 1.99297724 1.67727727 1.84       1.99297724 2.41852727 0.87864391
 2.3141     3.72988889 3.01586232 3.96690323 2.2679     0.700875
 0.66302727 3.9331     1.20811057 1.74447727 0.821625   2.612
 1.67727727 3.10338442 0.73819565 0.78840323 1.99297724 3.05947724
 0.80740227 3.63414391 1.97897724 0.90151057 0.80325    0.61775
 1.20811057 1.17031057 1.99297724 0.78840323 0.914175   0.84633333
 0.31675    1.96066667 2.98542857 1.74447727 4.03752727 1.99297724
 0.82226667 0.60210937 1.96066667 1.21466667 0.80535   ]","[1.750125   2.41409231 1.20335673 1.44268873 2.54261111 0.902
 1.564      0.669375   2.94529167 3.20660714 2.04175    2.126625
 1.97736957 0.868      2.08740097 1.58023333 2.71267826 2.37477174
 2.53027273 1.97736957 0.949725   0.80315    1.83787879 3.9121
 0.6960625  3.10982667 1.55395238 1.461      2.194      0.819
 3.26355882 2.28575    1.68560943 0.93408    2.24589899 1.70233333
 1.67356    0.9159     0.79975    1.469      0.77056    3.87884211
 0.65769091 0.7378     2.83789394 2.52508824 3.08004167 1.01485263
 2.34178804 0.81415385 0.68833333 0.75525    1.99110142]",111
23,0,DecisionTreeRegressor,-4.500747014126486,0.586306735004208,"[3.707875   3.38081538 4.0465     4.16935    3.931      3.287
 2.50603463 4.2432766  3.53574545 2.57704762 4.2432766  3.98933333
 4.0465     3.707875   3.287      4.18461538 2.60533333 4.036
 3.707875   4.2097013  4.03366667 3.98933333 1.9305     4.0465
 2.9525     1.915      3.994      4.015      4.183      4.05
 4.127      3.707875   4.127      4.2097013  3.98933333 2.13885
 3.98933333 3.994      3.707875   3.98933333 3.931      3.707875
 3.679      3.679      3.66325    2.61771429 3.98933333 4.14625
 2.20642857 2.11575    3.98933333 2.70333333 4.10270588 3.287
 3.679      4.2097013  4.33       4.015      3.931      4.2097013 ]","[3.68939153 4.17154545 4.117      3.92479167 4.143      4.11066667
 4.1753     3.75880952 3.52813636 4.19       4.089375   4.212
 3.99723077 4.14683333 3.98370968 2.901      3.98875    3.92607692
 4.06194118 4.08383333 3.93418182 4.1718     3.924875   4.04222222
 4.06363158 3.69086957 3.97395455 4.12482353 3.96845238 3.81006061
 3.94888889 4.0615     3.85180952 3.94227273 4.01666667 3.99775
 4.141      2.24414035 3.86919853 4.127      4.18909677 3.6947517
 3.95323529 4.057      3.90406897 3.13875    4.13235294 4.0906
 4.1291875  3.7124     4.07877778 3.33701449 3.9758     4.04335
 4.03012    4.09222727 3.90634783 4.05036842 4.12651724 4.06866667]",111
25,0,DecisionTreeRegressor,-1.2846849921603654,1.4868334374169114,"[1.49947368 3.9394     1.5874     1.10993557 1.10993557 2.98785714
 0.96931057 1.15631057 2.23128571 1.35952727 1.84947368 1.01864391
 2.1125     4.17775    2.80506057 2.63085714 2.03633333 1.47831057
 3.16518557 0.89384167 2.23014286 1.11416667 0.26775    3.16518557
 0.1015     1.57652727 1.01864391 3.65653795 1.10150833 1.106175
 1.6532987  4.15631057 3.58095584 1.68765625 1.57652727 1.54290938
 3.23466667 3.09693557 1.50627273 4.03752727 1.03752727 0.96931057
 3.58095584 0.63816667 0.84583333 3.217      1.15295833 2.97815227
 3.96690323 3.32214035]","[1.878025   3.16918667 2.84516667 2.39346552 1.2684     2.40159649
 1.6801     0.94067647 2.23533333 1.20272727 2.58997368 1.5772987
 3.19253623 2.2585     1.91575    2.80725    2.46875    1.00478824
 0.77816667 0.58036364 1.2222     2.58397778 1.1935     2.5255
 1.51742105 2.1625     3.46066667 1.52365625 0.47916129 2.34592157
 2.24946377 0.83325    2.84246    1.19317391 1.82416667 2.835
 4.14594118 1.65513725 1.183      1.64516667 2.0811     1.639
 3.04514706 2.56972222 2.56652    3.13134848 1.16586207 1.43304
 2.27262338 2.30948333]",111
26,0,DecisionTreeRegressor,-0.8276683265189417,1.2513390712646786,"[1.86210938 2.22286232 1.86210938 1.35081818 3.41583333 2.816
 1.91581057 1.4595     3.056      1.00231057 1.66906057 1.66906057
 3.36927727 1.00231057 2.16416667 3.64383333 1.01325    1.34212875
 1.15272141 2.21061057 2.06282292 1.34212875 3.48806057 3.14722727
 1.63078125 1.56916667 0.99181057 2.44131057 3.28233333 0.7224
 1.73727273 1.91581057 1.92616667 1.00231057 2.816      1.29851383
 2.53333333 3.31308333 3.7945     1.78652727]","[1.4714     2.29873778 1.3349     2.35533333 3.95421053 1.93879412
 2.766125   2.879      3.99041667 1.79616667 2.34264286 2.73331122
 2.0223     2.09134    2.21825    2.25259375 1.98961333 3.0218
 0.84105    2.17665333 2.18855645 3.18866667 3.51316667 2.71642105
 2.38993333 3.7875     1.05525    1.0227     1.927      3.99480769
 2.85704545 2.77283333 2.05292105 1.26028378 1.94366667 2.36769444
 4.11475    1.95558974 2.83598387 1.81468966]",111
29,0,DecisionTreeRegressor,-0.4866253829909657,0.25049188194822364,"[ 1.3972766   0.60828205 -0.287       1.085       0.91103463  0.516
  1.28835     1.09258333  0.665375    0.20066667  0.69533333  0.65561538
  1.17461538  0.84861538  0.48329167  1.47735     1.184375    0.75495
  0.658875    0.861875    0.72190588  1.17737255  1.098825    0.4655
 -0.2175      1.61933333  1.3972766   0.57225     0.20066667  1.33466667
  0.7142766   0.91875     2.406       0.60828205  1.08733333  1.6065
  0.7617013   0.725375    0.5466      0.74536797 -0.0176      1.3755
  0.38033333  0.78633333  0.69533333  0.42103463  0.95579167  1.2495
  0.75366667  1.61        0.71561538  0.525       0.431375    0.65561538
  2.8335      0.882     ]","[0.763      0.66181818 1.1877     1.13319231 0.7084     0.92085
 1.18704444 2.3352963  1.22136    0.85170608 0.68342105 0.53694118
 0.749875   0.56986364 0.7133     0.56875    0.74445    0.75470769
 0.83547561 0.77601389 0.24952941 1.33107692 1.54455    0.57880952
 0.79004167 1.78329167 0.55525    0.86955556 0.126      0.72740769
 0.86365789 0.790125   2.12042029 0.81557609 1.17752174 1.20142105
 0.60408871 0.65825455 1.26807692 0.71729412 0.3110625  1.36856522
 0.5505     1.43535    0.88089474 0.5922     0.6886     1.13910714
 1.0703     0.7955     0.84273913 0.57695652 0.92283256 0.73808824
 1.38075    0.47618333]",111
30,0,DecisionTreeRegressor,-3.114881836436818,0.29873351563103623,"[ 1.05525     0.79594828  1.18479828  1.903125    1.11724828  1.05525
  0.69620833  1.23160993  0.72537895  1.1725      1.82875     0.903
  0.60629323  1.2915      1.23085554  0.469       0.79594828  1.04911494
  1.0185      0.83766667  1.18479828  0.71327586  0.65158333  0.611625
  1.42275     0.37944828  1.61233333  1.19728025  0.27533333  0.83320588
  1.19214828  2.44303463  1.14770833  2.40268333  1.41726667 -0.147875
  1.16169828  3.287       0.74713333  1.16169828  0.72537895  1.02585
  1.822625    0.91511538  2.28193333  0.96255246  0.71327586  1.00333333
  1.15768333  1.01383333  1.485       1.6044      1.04911494  1.15768333
  0.44566667  0.952875    0.273       1.42275     0.952875    1.05144828]","[1.652      1.10641176 0.81736486 1.39183333 0.921      1.09807895
 1.06174359 0.78880952 0.69852632 1.42468421 1.17409091 1.08232258
 0.95992105 1.38310345 1.0621413  1.421      0.7336     0.93348718
 1.0417931  1.43904    0.46236111 0.772      1.17432    1.19511628
 1.34857059 1.20177273 0.94395    1.40761765 1.16931818 1.07927273
 1.37359091 1.65777241 0.9646875  0.88313077 0.9885     1.22037097
 0.58296    1.78092473 0.93234615 0.84365217 0.69405    1.31530952
 1.337      0.9835     0.98977273 0.83028    0.58527273 0.873
 1.05429545 1.03483333 1.34490476 1.25872174 0.93877778 1.06097727
 0.99567391 1.28568421 1.32175    1.37186538 1.14966667 1.09669231]",111
31,0,DecisionTreeRegressor,-1.643835259830611,0.049577297823607425,"[ 0.02931057  0.14233333  0.03368557  0.12375     0.27135937  0.07636257
 -0.0771      0.02931057  0.01412727  0.063      -0.11783333 -0.043575
  0.12375    -0.070875   -0.354375    0.1065      0.07636257  0.02931057
 -0.131      -0.11761111 -0.05175    -0.01905306  0.12122727  0.072975
  0.14131057  0.01199826  0.055125   -0.17521875  0.12375    -0.043575
  0.06452727 -0.01905306 -1.026375   -0.1776      0.072975   -0.12114375
  0.07852727  0.144375    0.23131057  0.29053333  0.03932727 -0.16625
 -0.01905306 -0.01720833 -0.01905306 -0.643125   -0.01905306  0.12336232
 -0.06358384  0.23131057  0.022575   -0.417375   -0.01905306 -0.070875
  0.17733333  0.12336232  0.022575    0.079275    0.01412727  0.14131057]","[-0.035      -0.18184091 -0.10432258 -0.20545     0.15188108 -0.00331579
  0.112       0.0448      0.0920625  -0.02907692  0.13416667 -0.03616667
 -0.17371774 -0.03226087  0.133       0.10223684  0.07617647  0.238
 -0.14368421  0.06172222 -0.07920909  0.0665      0.15283333 -0.42605
  0.0112     -0.11025     0.00735    -0.21845588 -0.04325     0.01336364
  0.11230435 -0.19554118 -0.1238125  -0.10332051 -0.42605    -0.20904545
 -0.0405     -0.06405    -0.03742742 -0.0864      0.03394737 -0.039
 -0.17051429 -0.23061111 -0.12438462 -0.42605    -0.10786364 -0.04875
  0.0075     -0.10047879 -0.05323784 -0.07161957 -0.04384615 -0.04165
  0.17590476  0.00536667 -0.111      -0.05090909  0.0842625   0.0132    ]",111
35,0,DecisionTreeRegressor,-0.40118578820804096,0.09980834867537891,"[ 0.40665625  0.19825    -0.077      -0.462      -0.0966      0.51952727
  0.22531057  0.51952727 -0.012825    0.163      -0.01268943  0.049
  0.365       0.22107065  0.40665625 -0.9639      0.13431057  0.01793557
  0.01793557  0.1216      0.41685     0.21675     0.23602727  0.13431057
 -0.0405      0.160875    0.04275    -0.06168943  0.32235     0.25725
  0.22107065  0.51952727  0.314475    0.15866667  0.06452727  0.049
  0.301       0.23056057  0.58847727 -0.0966    ]","[ 0.30180769  0.04940727  0.14028    -0.09313043 -0.00409806  0.21080769
  0.18103448  0.01130769 -0.06191379  0.12025    -0.156625    0.02433333
  0.892      -0.05844167  0.04725     0.07228125  0.13125    -0.03605
 -0.12609524 -0.10521053 -0.3053      0.20165385  0.25095     0.0678
  0.168      -0.09372727 -0.11185101 -0.18422727 -0.065939    0.35761765
 -0.05844167  0.21488108 -0.16733957 -0.084      -0.05775    -0.04586667
  0.91184211  0.18316667  0.82483333 -0.0676734 ]",111
36,0,DecisionTreeRegressor,-0.8121910144714155,0.8399169992295329,"[2.00778879 1.5027141  0.343875   1.58221212 1.53391379 1.45236797
 2.193875   0.843      2.95666667 1.15991379 0.77125    3.15498701
 1.39066667 1.52128879 2.65615556 1.3080375  1.5027141  1.3475
 0.714      0.8946     0.714      2.77117094 0.69825    2.12241379
 2.407125   3.370875   0.97333333 0.978      1.44795    0.77233333
 3.6600763  1.91611968 2.99178571 0.69825    0.714      1.45236797
 0.8946     1.87202918 0.69825    1.3864375  1.94041379 2.41036111
 2.62428571 1.19466667 1.74441379 1.2726     1.1937013  2.00816667
 0.451      1.3864375  1.29266667 1.63144444 1.10041379 1.84708046]","[0.68522222 1.21961538 1.94548333 2.51757895 1.76675    2.36490476
 1.88053509 0.56813333 2.89497826 2.11736667 0.5662     1.41261207
 2.5199     2.07165333 2.18341667 2.0916     1.30742105 1.24595172
 1.74982143 1.45759091 1.3722549  1.87533333 1.042375   0.82171552
 1.75391111 2.65175439 1.81835294 1.162      2.73508824 1.69675
 2.7831875  2.2895     1.18084615 1.15797917 1.34513514 2.39562963
 1.29590476 0.9219     1.04511957 2.15518537 1.1865     0.99834677
 1.52536364 1.69805263 2.57489855 1.28485    4.13756    2.14489
 1.30651111 1.50315    1.90624194 2.21078788 1.9888     0.9432973 ]",111
22,0,SVR,-0.7916389730289415,1.3770096220960613,"[1.01851207 1.01887862 1.01902229 1.01822778 1.01834541 1.01829773
 1.01920745 1.01829937 1.01858105 1.01848485 1.01814914 1.01865662
 1.01828095 1.01922129 1.01847099 1.0183955  1.01812812 1.01845751
 1.01865629 1.01847443 1.01896958 1.01809507 1.01840925 1.01847665
 1.01844171 1.01815239 1.01862426 1.0184971  1.01906816 1.01854891
 1.01851976 1.01866072 1.01877075 1.01865368 1.01856885 1.01851085
 1.01897756 1.01893041 1.01892474 1.01850057 1.01857588 1.01881696
 1.01892248 1.01862119 1.01831355 1.01829656 1.01844005 1.01880366
 1.01863951 1.01858143 1.01902009 1.01884693 1.01862295]","[1.750125   2.41409231 1.20335673 1.44268873 2.54261111 0.902
 1.564      0.669375   2.94529167 3.20660714 2.04175    2.126625
 1.97736957 0.868      2.08740097 1.58023333 2.71267826 2.37477174
 2.53027273 1.97736957 0.949725   0.80315    1.83787879 3.9121
 0.6960625  3.10982667 1.55395238 1.461      2.194      0.819
 3.26355882 2.28575    1.68560943 0.93408    2.24589899 1.70233333
 1.67356    0.9159     0.79975    1.469      0.77056    3.87884211
 0.65769091 0.7378     2.83789394 2.52508824 3.08004167 1.01485263
 2.34178804 0.81415385 0.68833333 0.75525    1.99110142]",111
23,0,SVR,-0.08413102662302241,0.11555400037553672,"[4.0247504  4.02517594 4.02496387 4.02500258 4.02503689 4.02504188
 4.02499341 4.02494337 4.02523262 4.02478235 4.02496577 4.02471755
 4.02466304 4.02472533 4.02471219 4.0249341  4.02523745 4.02509585
 4.02465367 4.02500757 4.02485166 4.02477205 4.02505747 4.02503357
 4.02497519 4.02485507 4.02481561 4.02488442 4.02475421 4.02492636
 4.02480009 4.02478241 4.02482433 4.0252771  4.02465241 4.02481945
 4.02474522 4.02473224 4.02473766 4.0247782  4.0250667  4.02467302
 4.0246289  4.02472589 4.02474902 4.02532918 4.02510045 4.02506049
 4.02483847 4.0251819  4.02506058 4.02501077 4.02516471 4.02473285
 4.02504503 4.02499981 4.02516543 4.02527566 4.0251089  4.02523035]","[3.68939153 4.17154545 4.117      3.92479167 4.143      4.11066667
 4.1753     3.75880952 3.52813636 4.19       4.089375   4.212
 3.99723077 4.14683333 3.98370968 2.901      3.98875    3.92607692
 4.06194118 4.08383333 3.93418182 4.1718     3.924875   4.04222222
 4.06363158 3.69086957 3.97395455 4.12482353 3.96845238 3.81006061
 3.94888889 4.0615     3.85180952 3.94227273 4.01666667 3.99775
 4.141      2.24414035 3.86919853 4.127      4.18909677 3.6947517
 3.95323529 4.057      3.90406897 3.13875    4.13235294 4.0906
 4.1291875  3.7124     4.07877778 3.33701449 3.9758     4.04335
 4.03012    4.09222727 3.90634783 4.05036842 4.12651724 4.06866667]",111
25,0,SVR,-0.45066811769901793,0.9440696951180197,"[1.47495478 1.47490352 1.47487407 1.47546106 1.47541116 1.4751702
 1.47555859 1.47509002 1.47498031 1.47479165 1.47510092 1.47520887
 1.47485067 1.47487808 1.47538171 1.47497559 1.47505309 1.47537472
 1.47531519 1.47529456 1.47523684 1.47516995 1.47519417 1.47519157
 1.47485413 1.4747493  1.475037   1.47503377 1.47515996 1.47518662
 1.47477882 1.475015   1.47480561 1.47517224 1.47488642 1.47473565
 1.47472196 1.47515013 1.47500781 1.47492111 1.47493178 1.47558267
 1.47481274 1.475039   1.47486493 1.47493289 1.47540846 1.47498849
 1.47487799 1.47494862]","[1.878025   3.16918667 2.84516667 2.39346552 1.2684     2.40159649
 1.6801     0.94067647 2.23533333 1.20272727 2.58997368 1.5772987
 3.19253623 2.2585     1.91575    2.80725    2.46875    1.00478824
 0.77816667 0.58036364 1.2222     2.58397778 1.1935     2.5255
 1.51742105 2.1625     3.46066667 1.52365625 0.47916129 2.34592157
 2.24946377 0.83325    2.84246    1.19317391 1.82416667 2.835
 4.14594118 1.65513725 1.183      1.64516667 2.0811     1.639
 3.04514706 2.56972222 2.56652    3.13134848 1.16586207 1.43304
 2.27262338 2.30948333]",111
26,0,SVR,-0.34214861108431194,0.9189211040781338,"[1.92144972 1.92154519 1.92192725 1.92238746 1.9216469  1.92134108
 1.92192148 1.92201846 1.92173429 1.92181653 1.92177794 1.9217577
 1.92142727 1.92208244 1.9221956  1.92164541 1.9221712  1.9221816
 1.92156051 1.92179703 1.92180951 1.92256977 1.92186945 1.92120171
 1.92156486 1.92159515 1.92215293 1.92195102 1.92160676 1.92169671
 1.92147037 1.92193552 1.92209344 1.92198582 1.92184539 1.92154628
 1.92236823 1.92208828 1.92158173 1.92145924]","[1.4714     2.29873778 1.3349     2.35533333 3.95421053 1.93879412
 2.766125   2.879      3.99041667 1.79616667 2.34264286 2.73331122
 2.0223     2.09134    2.21825    2.25259375 1.98961333 3.0218
 0.84105    2.17665333 2.18855645 3.18866667 3.51316667 2.71642105
 2.38993333 3.7875     1.05525    1.0227     1.927      3.99480769
 2.85704545 2.77283333 2.05292105 1.26028378 1.94366667 2.36769444
 4.11475    1.95558974 2.83598387 1.81468966]",111
29,0,SVR,-0.00037825431864102477,0.16856071102472078,"[0.89261093 0.89237354 0.89183873 0.89237707 0.89242436 0.89221242
 0.89231221 0.8922775  0.89229745 0.89240488 0.89219487 0.89229218
 0.89243161 0.89242287 0.89246496 0.89234316 0.89242036 0.89189923
 0.89185724 0.89222981 0.89198799 0.89238259 0.89257548 0.89244681
 0.89234251 0.89229155 0.89260064 0.89186518 0.89190137 0.89256705
 0.89234934 0.89228861 0.89244979 0.89238945 0.89194609 0.89228997
 0.89241741 0.89193747 0.89193229 0.89247375 0.89241349 0.8922906
 0.89189445 0.89249677 0.89219842 0.89236762 0.89239214 0.89243189
 0.89224974 0.8923986  0.89195179 0.89220648 0.8918696  0.89231168
 0.89194666 0.89233429]","[0.763      0.66181818 1.1877     1.13319231 0.7084     0.92085
 1.18704444 2.3352963  1.22136    0.85170608 0.68342105 0.53694118
 0.749875   0.56986364 0.7133     0.56875    0.74445    0.75470769
 0.83547561 0.77601389 0.24952941 1.33107692 1.54455    0.57880952
 0.79004167 1.78329167 0.55525    0.86955556 0.126      0.72740769
 0.86365789 0.790125   2.12042029 0.81557609 1.17752174 1.20142105
 0.60408871 0.65825455 1.26807692 0.71729412 0.3110625  1.36856522
 0.5505     1.43535    0.88089474 0.5922     0.6886     1.13910714
 1.0703     0.7955     0.84273913 0.57695652 0.92283256 0.73808824
 1.38075    0.47618333]",111
30,0,SVR,-0.11454678351933767,0.08091422602412014,"[1.18581755 1.18620761 1.18581184 1.18626    1.18586151 1.18576945
 1.18574595 1.18632389 1.18598947 1.18591848 1.18611322 1.18608564
 1.1860148  1.18574762 1.18625217 1.18615996 1.18605139 1.18581412
 1.18601523 1.18601117 1.18583147 1.1862559  1.18576    1.1857479
 1.18577857 1.18609534 1.18576413 1.18601949 1.18573923 1.18580906
 1.18590013 1.18598605 1.18620488 1.18610572 1.18575209 1.18599485
 1.18619689 1.18600785 1.18612184 1.18609352 1.18624944 1.18573556
 1.1859315  1.18606363 1.1858729  1.1862069  1.18619145 1.18616583
 1.18613953 1.18579188 1.18610864 1.18598224 1.18580289 1.18621276
 1.18576531 1.18599117 1.18571129 1.18576821 1.18571739 1.18610426]","[1.652      1.10641176 0.81736486 1.39183333 0.921      1.09807895
 1.06174359 0.78880952 0.69852632 1.42468421 1.17409091 1.08232258
 0.95992105 1.38310345 1.0621413  1.421      0.7336     0.93348718
 1.0417931  1.43904    0.46236111 0.772      1.17432    1.19511628
 1.34857059 1.20177273 0.94395    1.40761765 1.16931818 1.07927273
 1.37359091 1.65777241 0.9646875  0.88313077 0.9885     1.22037097
 0.58296    1.78092473 0.93234615 0.84365217 0.69405    1.31530952
 1.337      0.9835     0.98977273 0.83028    0.58527273 0.873
 1.05429545 1.03483333 1.34490476 1.25872174 0.93877778 1.06097727
 0.99567391 1.28568421 1.32175    1.37186538 1.14966667 1.09669231]",111
31,0,SVR,-0.6541654248106132,0.03101897200682774,"[0.06257809 0.06297077 0.06264641 0.0626225  0.06217123 0.06271388
 0.06239666 0.06266192 0.06220078 0.0622046  0.06250477 0.06248047
 0.06230395 0.06284154 0.06250983 0.06252613 0.06279588 0.06272685
 0.06242964 0.06237534 0.0622767  0.06278354 0.06247495 0.06168192
 0.06299374 0.06240103 0.06279206 0.06244774 0.06274412 0.06295093
 0.06213318 0.0629438  0.06273382 0.06232219 0.06168192 0.06235221
 0.06221219 0.06236766 0.06300934 0.06277237 0.06261012 0.06242875
 0.06300053 0.06282005 0.06281561 0.06170194 0.06302075 0.0626515
 0.06271827 0.06302262 0.06263472 0.06252826 0.06248328 0.06270917
 0.06230528 0.06262551 0.06256904 0.06219673 0.06252994 0.06308097]","[-0.035      -0.18184091 -0.10432258 -0.20545     0.15188108 -0.00331579
  0.112       0.0448      0.0920625  -0.02907692  0.13416667 -0.03616667
 -0.17371774 -0.03226087  0.133       0.10223684  0.07617647  0.238
 -0.14368421  0.06172222 -0.07920909  0.0665      0.15283333 -0.42605
  0.0112     -0.11025     0.00735    -0.21845588 -0.04325     0.01336364
  0.11230435 -0.19554118 -0.1238125  -0.10332051 -0.42605    -0.20904545
 -0.0405     -0.06405    -0.03742742 -0.0864      0.03394737 -0.039
 -0.17051429 -0.23061111 -0.12438462 -0.42605    -0.10786364 -0.04875
  0.0075     -0.10047879 -0.05323784 -0.07161957 -0.04384615 -0.04165
  0.17590476  0.00536667 -0.111      -0.05090909  0.0842625   0.0132    ]",111
35,0,SVR,-0.11849577936167122,0.07967195904922661,"[0.17877331 0.17879346 0.17877789 0.1784324  0.17867849 0.17856212
 0.17910026 0.17885359 0.17882436 0.1786667  0.17916198 0.17875004
 0.17846246 0.17865471 0.17870835 0.17866891 0.17893235 0.17893601
 0.17896338 0.17863882 0.17806375 0.17870147 0.17877071 0.1789581
 0.17862143 0.1786617  0.17870352 0.17908577 0.178743   0.17877315
 0.17865491 0.17856756 0.17866241 0.17889547 0.17887389 0.17872389
 0.17866171 0.17903685 0.17842416 0.17866721]","[ 0.30180769  0.04940727  0.14028    -0.09313043 -0.00409806  0.21080769
  0.18103448  0.01130769 -0.06191379  0.12025    -0.156625    0.02433333
  0.892      -0.05844167  0.04725     0.07228125  0.13125    -0.03605
 -0.12609524 -0.10521053 -0.3053      0.20165385  0.25095     0.0678
  0.168      -0.09372727 -0.11185101 -0.18422727 -0.065939    0.35761765
 -0.05844167  0.21488108 -0.16733957 -0.084      -0.05775    -0.04586667
  0.91184211  0.18316667  0.82483333 -0.0676734 ]",111
36,0,SVR,-0.09407166507533726,0.5070819701311517,"[1.52197337 1.52216538 1.52176587 1.52232981 1.5222412  1.52227062
 1.52206843 1.52189144 1.52179277 1.52196669 1.52215977 1.52223474
 1.52207483 1.52197671 1.52206366 1.52199741 1.52193707 1.52190651
 1.52209538 1.52192065 1.5219516  1.52224717 1.52192746 1.52222134
 1.52212552 1.5221342  1.52189364 1.52190659 1.52219214 1.5218136
 1.52245307 1.52232841 1.52216067 1.52173448 1.52206813 1.5221665
 1.52178174 1.52216158 1.52175734 1.52205452 1.52193936 1.52184104
 1.5217432  1.52215303 1.52212879 1.52195608 1.52224341 1.52189833
 1.52191181 1.52194142 1.52214896 1.52185869 1.52177475 1.52184762]","[0.68522222 1.21961538 1.94548333 2.51757895 1.76675    2.36490476
 1.88053509 0.56813333 2.89497826 2.11736667 0.5662     1.41261207
 2.5199     2.07165333 2.18341667 2.0916     1.30742105 1.24595172
 1.74982143 1.45759091 1.3722549  1.87533333 1.042375   0.82171552
 1.75391111 2.65175439 1.81835294 1.162      2.73508824 1.69675
 2.7831875  2.2895     1.18084615 1.15797917 1.34513514 2.39562963
 1.29590476 0.9219     1.04511957 2.15518537 1.1865     0.99834677
 1.52536364 1.69805263 2.57489855 1.28485    4.13756    2.14489
 1.30651111 1.50315    1.90624194 2.21078788 1.9888     0.9432973 ]",111
22,0,NearestNeighbors,-0.15254369766340203,0.885816721705708,"[1.50186667 1.91793333 1.82666667 1.405      1.57046667 1.4526
 2.01033333 1.70066667 1.9952     2.03133333 1.963      1.94733333
 2.26173333 2.40833333 1.3294     1.59706667 1.844      1.74433333
 1.5702     1.73593333 1.97253333 1.9094     2.14526667 1.5072
 1.475      1.66426667 1.4638     1.71746667 2.2444     2.26146667
 1.19333333 2.43786667 1.601      1.59426667 1.524      0.84893333
 1.40053333 1.70206667 1.28713333 1.71746667 1.18073333 1.25633333
 1.44533333 1.636      1.9406     1.54946667 1.61946667 2.16013333
 1.4652     0.8736     1.83086667 1.216      1.4456    ]","[1.750125   2.41409231 1.20335673 1.44268873 2.54261111 0.902
 1.564      0.669375   2.94529167 3.20660714 2.04175    2.126625
 1.97736957 0.868      2.08740097 1.58023333 2.71267826 2.37477174
 2.53027273 1.97736957 0.949725   0.80315    1.83787879 3.9121
 0.6960625  3.10982667 1.55395238 1.461      2.194      0.819
 3.26355882 2.28575    1.68560943 0.93408    2.24589899 1.70233333
 1.67356    0.9159     0.79975    1.469      0.77056    3.87884211
 0.65769091 0.7378     2.83789394 2.52508824 3.08004167 1.01485263
 2.34178804 0.81415385 0.68833333 0.75525    1.99110142]",111
23,0,NearestNeighbors,-0.3167652639419887,0.14034972717089753,"[3.8428     3.45226667 3.76273333 3.58073333 3.9534     4.0094
 4.1046     3.99793333 3.39766667 3.49606667 3.7682     3.75433333
 3.889      3.8722     3.78093333 3.7006     3.56873333 4.0458
 3.8876     3.8956     3.73753333 3.77113333 3.67873333 3.401
 3.3856     3.9534     3.72913333 3.87753333 3.9198     3.89266667
 3.86773333 3.9618     3.84113333 4.1774     3.79773333 3.83553333
 3.8372     3.59306667 3.7952     3.854      3.9688     4.0024
 3.8176     3.861      3.8596     4.0276     3.9408     4.022
 3.77366667 3.9702     3.9632     3.96826667 4.0248     3.8596
 3.903      3.841      3.23133333 3.9856     4.029      4.02873333]","[3.68939153 4.17154545 4.117      3.92479167 4.143      4.11066667
 4.1753     3.75880952 3.52813636 4.19       4.089375   4.212
 3.99723077 4.14683333 3.98370968 2.901      3.98875    3.92607692
 4.06194118 4.08383333 3.93418182 4.1718     3.924875   4.04222222
 4.06363158 3.69086957 3.97395455 4.12482353 3.96845238 3.81006061
 3.94888889 4.0615     3.85180952 3.94227273 4.01666667 3.99775
 4.141      2.24414035 3.86919853 4.127      4.18909677 3.6947517
 3.95323529 4.057      3.90406897 3.13875    4.13235294 4.0906
 4.1291875  3.7124     4.07877778 3.33701449 3.9758     4.04335
 4.03012    4.09222727 3.90634783 4.05036842 4.12651724 4.06866667]",111
25,0,NearestNeighbors,0.13565047531953467,0.5625037059026314,"[1.566      2.3536     2.4362     1.4046     1.57973333 2.11253333
 1.9286     1.3038     2.3046     1.70386667 2.02966667 1.51113333
 1.79726667 1.79       2.22173333 2.91413333 1.41986667 1.23926667
 1.92186667 1.12       1.33166667 1.34006667 2.3354     1.65253333
 1.3514     1.888      1.783      2.20073333 1.8628     1.1438
 1.91066667 1.89666667 2.40386667 1.87566667 1.96246667 1.9472
 2.59186667 2.4082     1.83646667 1.74826667 2.3606     1.881
 2.7936     1.6836     2.208      2.10273333 1.7424     2.292
 1.55926667 2.28053333]","[1.878025   3.16918667 2.84516667 2.39346552 1.2684     2.40159649
 1.6801     0.94067647 2.23533333 1.20272727 2.58997368 1.5772987
 3.19253623 2.2585     1.91575    2.80725    2.46875    1.00478824
 0.77816667 0.58036364 1.2222     2.58397778 1.1935     2.5255
 1.51742105 2.1625     3.46066667 1.52365625 0.47916129 2.34592157
 2.24946377 0.83325    2.84246    1.19317391 1.82416667 2.835
 4.14594118 1.65513725 1.183      1.64516667 2.0811     1.639
 3.04514706 2.56972222 2.56652    3.13134848 1.16586207 1.43304
 2.27262338 2.30948333]",111
26,0,NearestNeighbors,0.07277072605566748,0.6348406883632112,"[2.02966667 1.9692     2.33373333 2.789      2.4754     2.03246667
 2.0742     2.45833333 2.3998     2.0406     1.916      2.22286667
 2.29593333 2.13886667 2.40906667 2.18086667 2.43566667 1.8428
 1.75193333 1.9846     2.3508     2.8604     2.1386     1.7994
 2.33653333 2.40093333 2.15286667 2.42053333 2.1596     2.6812
 2.10413333 2.0504     2.15146667 2.18226667 2.35053333 1.9496
 2.39086667 2.38666667 2.53533333 2.0686    ]","[1.4714     2.29873778 1.3349     2.35533333 3.95421053 1.93879412
 2.766125   2.879      3.99041667 1.79616667 2.34264286 2.73331122
 2.0223     2.09134    2.21825    2.25259375 1.98961333 3.0218
 0.84105    2.17665333 2.18855645 3.18866667 3.51316667 2.71642105
 2.38993333 3.7875     1.05525    1.0227     1.927      3.99480769
 2.85704545 2.77283333 2.05292105 1.26028378 1.94366667 2.36769444
 4.11475    1.95558974 2.83598387 1.81468966]",111
29,0,NearestNeighbors,-0.146688581211611,0.1932135587099554,"[0.9198     0.9772     0.5446     0.7252     0.966      0.8792
 0.7322     0.8764     0.973      0.7042     0.7644     0.749
 0.8722     0.8834     1.0066     1.134      0.9156     0.7182
 0.567      0.679      0.7084     0.89026667 0.847      0.9086
 0.71106667 0.7882     0.8764     0.707      0.5306     0.8498
 0.81326667 1.12866667 1.0822     0.7658     0.7336     0.7476
 0.8442     0.854      0.5026     0.8988     1.0108     0.7196
 0.6566     0.9044     0.7896     0.9226     0.819      0.9562
 0.7364     0.87346667 0.7532     0.7406     0.5894     0.9114
 0.812      1.057     ]","[0.763      0.66181818 1.1877     1.13319231 0.7084     0.92085
 1.18704444 2.3352963  1.22136    0.85170608 0.68342105 0.53694118
 0.749875   0.56986364 0.7133     0.56875    0.74445    0.75470769
 0.83547561 0.77601389 0.24952941 1.33107692 1.54455    0.57880952
 0.79004167 1.78329167 0.55525    0.86955556 0.126      0.72740769
 0.86365789 0.790125   2.12042029 0.81557609 1.17752174 1.20142105
 0.60408871 0.65825455 1.26807692 0.71729412 0.3110625  1.36856522
 0.5505     1.43535    0.88089474 0.5922     0.6886     1.13910714
 1.0703     0.7955     0.84273913 0.57695652 0.92283256 0.73808824
 1.38075    0.47618333]",111
30,0,NearestNeighbors,-0.1195638756102746,0.08127845849011679,"[1.23226667 1.1466     1.0444     1.337      0.9226     1.155
 1.0192     1.1914     1.0094     1.0836     1.155      1.0948
 1.53506667 1.0052     1.2544     1.27006667 1.34146667 1.036
 1.41873333 1.07966667 1.029      1.2068     1.071      1.0136
 1.141      0.99526667 0.959      1.57146667 1.0374     0.9422
 0.95073333 1.1466     1.1858     1.176      0.98       1.4008
 0.8078     1.3224     0.98406667 1.071      1.1592     0.9954
 0.9758     1.48033333 1.2292     1.0668     1.05686667 1.0374
 1.0346     1.22066667 1.3048     1.475      1.1144     1.1844
 1.0094     1.4022     0.9296     1.16366667 0.9156     1.1046    ]","[1.652      1.10641176 0.81736486 1.39183333 0.921      1.09807895
 1.06174359 0.78880952 0.69852632 1.42468421 1.17409091 1.08232258
 0.95992105 1.38310345 1.0621413  1.421      0.7336     0.93348718
 1.0417931  1.43904    0.46236111 0.772      1.17432    1.19511628
 1.34857059 1.20177273 0.94395    1.40761765 1.16931818 1.07927273
 1.37359091 1.65777241 0.9646875  0.88313077 0.9885     1.22037097
 0.58296    1.78092473 0.93234615 0.84365217 0.69405    1.31530952
 1.337      0.9835     0.98977273 0.83028    0.58527273 0.873
 1.05429545 1.03483333 1.34490476 1.25872174 0.93877778 1.06097727
 0.99567391 1.28568421 1.32175    1.37186538 1.14966667 1.09669231]",111
31,0,NearestNeighbors,-0.479216361421116,0.027738320617006276,"[-0.112       0.119      -0.077      -0.0588     -0.0168      0.1946
 -0.098      -0.0532     -0.0056     -0.0784      0.0574     -0.0112
 -0.0028      0.07153333  0.105      -0.0126      0.08693333 -0.224
 -0.112       0.0378      0.007      -0.0294      0.0924     -0.0728
  0.0546      0.0112     -0.07686667 -0.2898     -0.2044      0.0322
 -0.0378      0.0686     -0.1134     -0.59246667 -0.0728     -0.0966
 -0.098      -0.0042      0.182       0.0924      0.0196      0.1148
  0.0252     -0.0112     -0.1204     -0.091       0.0154     -0.161
  0.03653333  0.11606667 -0.0952      0.0434     -0.0658      0.0966
  0.077      -0.1386     -0.182      -0.126       0.0126     -0.0238    ]","[-0.035      -0.18184091 -0.10432258 -0.20545     0.15188108 -0.00331579
  0.112       0.0448      0.0920625  -0.02907692  0.13416667 -0.03616667
 -0.17371774 -0.03226087  0.133       0.10223684  0.07617647  0.238
 -0.14368421  0.06172222 -0.07920909  0.0665      0.15283333 -0.42605
  0.0112     -0.11025     0.00735    -0.21845588 -0.04325     0.01336364
  0.11230435 -0.19554118 -0.1238125  -0.10332051 -0.42605    -0.20904545
 -0.0405     -0.06405    -0.03742742 -0.0864      0.03394737 -0.039
 -0.17051429 -0.23061111 -0.12438462 -0.42605    -0.10786364 -0.04875
  0.0075     -0.10047879 -0.05323784 -0.07161957 -0.04384615 -0.04165
  0.17590476  0.00536667 -0.111      -0.05090909  0.0842625   0.0132    ]",111
35,0,NearestNeighbors,-0.05755125338207745,0.07533079847650473,"[-2.24000000e-02  1.48400000e-01  9.66000000e-02  5.46000000e-02
 -1.37466667e-01  6.72000000e-02  1.26000000e-01 -2.38000000e-02
  7.56000000e-02  1.62400000e-01  9.52000000e-02  4.06000000e-02
  1.54000000e-01 -1.59866667e-01 -1.27400000e-01 -1.26000000e-02
  4.62000000e-02 -7.00000000e-03  1.65200000e-01  2.61800000e-01
  5.60000000e-03  3.08000000e-02  1.00800000e-01  1.70800000e-01
  2.22044605e-16  8.26000000e-02 -8.42666667e-02  1.52600000e-01
 -1.26000000e-02 -2.38000000e-02 -1.55666667e-01  1.61000000e-01
  8.26000000e-02  1.80600000e-01 -5.04000000e-02 -3.68466667e-01
 -2.38000000e-02  8.82000000e-02  2.73000000e-01 -1.59866667e-01]","[ 0.30180769  0.04940727  0.14028    -0.09313043 -0.00409806  0.21080769
  0.18103448  0.01130769 -0.06191379  0.12025    -0.156625    0.02433333
  0.892      -0.05844167  0.04725     0.07228125  0.13125    -0.03605
 -0.12609524 -0.10521053 -0.3053      0.20165385  0.25095     0.0678
  0.168      -0.09372727 -0.11185101 -0.18422727 -0.065939    0.35761765
 -0.05844167  0.21488108 -0.16733957 -0.084      -0.05775    -0.04586667
  0.91184211  0.18316667  0.82483333 -0.0676734 ]",111
36,0,NearestNeighbors,0.010498978721291574,0.45861541189099647,"[1.54726667 1.4914     1.92353333 2.34493333 1.63293333 2.07433333
 1.53493333 1.25746667 1.2684     1.82333333 1.56433333 2.1348
 1.77       1.643      2.23406667 2.0168     1.99273333 2.32533333
 1.61053333 1.8502     2.01986667 1.98766667 1.77346667 1.8404
 1.7462     2.18366667 1.91373333 2.01706667 1.5334     1.64413333
 2.0532     2.42613333 1.90353333 1.21826667 1.8124     1.84293333
 1.55566667 1.78353333 1.46073333 1.776      1.66093333 2.16853333
 1.41006667 2.14       1.93306667 2.01706667 1.86266667 2.0714
 1.30366667 1.74213333 1.87093333 2.257      1.54586667 1.98346667]","[0.68522222 1.21961538 1.94548333 2.51757895 1.76675    2.36490476
 1.88053509 0.56813333 2.89497826 2.11736667 0.5662     1.41261207
 2.5199     2.07165333 2.18341667 2.0916     1.30742105 1.24595172
 1.74982143 1.45759091 1.3722549  1.87533333 1.042375   0.82171552
 1.75391111 2.65175439 1.81835294 1.162      2.73508824 1.69675
 2.7831875  2.2895     1.18084615 1.15797917 1.34513514 2.39562963
 1.29590476 0.9219     1.04511957 2.15518537 1.1865     0.99834677
 1.52536364 1.69805263 2.57489855 1.28485    4.13756    2.14489
 1.30651111 1.50315    1.90624194 2.21078788 1.9888     0.9432973 ]",111
22,0,MLPRegressor,0.07270151692198956,0.7126987931027081,"[1.55471142 2.05993408 2.02754105 1.78142917 1.66027454 1.589812
 1.94606409 1.73609271 2.28034866 1.8776071  2.14668605 2.08570128
 2.13364147 2.12335738 2.03676697 2.00365405 2.2189519  2.29974063
 2.00816191 2.48342328 1.94093982 1.76438707 1.94851878 1.67541433
 1.75704899 1.78409633 1.93739865 2.24412453 2.16427152 1.73300678
 2.09500019 2.35058927 1.91025541 1.55842881 1.91761977 1.26285132
 1.97885877 1.84822116 1.6832892  2.22897573 1.26727181 1.93899627
 1.78512197 1.7702767  2.19177446 1.70845746 1.95875275 2.13114637
 1.67448238 1.41235973 2.04324699 1.74197012 1.64681991]","[1.750125   2.41409231 1.20335673 1.44268873 2.54261111 0.902
 1.564      0.669375   2.94529167 3.20660714 2.04175    2.126625
 1.97736957 0.868      2.08740097 1.58023333 2.71267826 2.37477174
 2.53027273 1.97736957 0.949725   0.80315    1.83787879 3.9121
 0.6960625  3.10982667 1.55395238 1.461      2.194      0.819
 3.26355882 2.28575    1.68560943 0.93408    2.24589899 1.70233333
 1.67356    0.9159     0.79975    1.469      0.77056    3.87884211
 0.65769091 0.7378     2.83789394 2.52508824 3.08004167 1.01485263
 2.34178804 0.81415385 0.68833333 0.75525    1.99110142]",111
23,0,MLPRegressor,-0.9986033088373183,0.2130246269395276,"[3.7884999  3.15182155 3.78292649 4.00528305 3.77124702 3.71665517
 4.13363143 4.14723192 3.16217948 3.18166655 3.90821191 3.88354192
 4.4138944  4.05901189 3.72261989 3.38264978 3.22470988 4.29399986
 4.08180136 4.08577686 3.87822833 3.33269326 4.14706908 3.2361851
 3.34574537 4.5996703  4.31295232 4.09570434 4.36616428 3.53743813
 4.00927473 3.70892536 3.87645784 3.85466174 4.02760345 4.24459991
 3.81781608 3.56780511 3.74399838 3.63241499 3.65960015 3.91962648
 4.34433805 4.21237552 3.81910095 3.08879968 3.77039188 3.84040788
 3.1097882  3.6540583  3.57096553 3.67134422 3.83465446 4.33152222
 4.38363222 3.82638942 3.32563681 4.15882643 3.44366871 3.90167267]","[3.68939153 4.17154545 4.117      3.92479167 4.143      4.11066667
 4.1753     3.75880952 3.52813636 4.19       4.089375   4.212
 3.99723077 4.14683333 3.98370968 2.901      3.98875    3.92607692
 4.06194118 4.08383333 3.93418182 4.1718     3.924875   4.04222222
 4.06363158 3.69086957 3.97395455 4.12482353 3.96845238 3.81006061
 3.94888889 4.0615     3.85180952 3.94227273 4.01666667 3.99775
 4.141      2.24414035 3.86919853 4.127      4.18909677 3.6947517
 3.95323529 4.057      3.90406897 3.13875    4.13235294 4.0906
 4.1291875  3.7124     4.07877778 3.33701449 3.9758     4.04335
 4.03012    4.09222727 3.90634783 4.05036842 4.12651724 4.06866667]",111
25,0,MLPRegressor,0.19852104513925162,0.5215886275622172,"[1.1207809  2.83574334 2.12534349 1.85405573 1.76993246 1.92884521
 1.58861461 1.17320759 2.40538953 1.97856726 2.43772921 1.5696686
 2.51174455 2.31363863 2.1511546  3.12835796 1.95185695 0.98192936
 1.42398446 0.7843506  2.24800655 1.59810799 1.87353438 1.33864876
 1.6081175  2.17164875 1.60577889 2.21110755 1.54991661 1.01304113
 1.76524796 1.60906058 2.69652684 2.32828999 1.99944366 1.69290707
 2.52360543 2.06093517 1.9346995  1.93607714 2.24492429 1.49054401
 2.82248577 0.93404735 1.93353475 2.80090817 1.77292272 2.2716764
 2.1340723  2.28665904]","[1.878025   3.16918667 2.84516667 2.39346552 1.2684     2.40159649
 1.6801     0.94067647 2.23533333 1.20272727 2.58997368 1.5772987
 3.19253623 2.2585     1.91575    2.80725    2.46875    1.00478824
 0.77816667 0.58036364 1.2222     2.58397778 1.1935     2.5255
 1.51742105 2.1625     3.46066667 1.52365625 0.47916129 2.34592157
 2.24946377 0.83325    2.84246    1.19317391 1.82416667 2.835
 4.14594118 1.65513725 1.183      1.64516667 2.0811     1.639
 3.04514706 2.56972222 2.56652    3.13134848 1.16586207 1.43304
 2.27262338 2.30948333]",111
26,0,MLPRegressor,0.07371547763428166,0.6341938507801522,"[2.15408676 2.1820672  2.43505031 2.43469241 2.55321986 2.11637861
 2.2321012  1.96230139 2.52392349 2.04748979 2.31924058 2.2204906
 1.9522746  2.03916437 2.68578893 2.24575167 2.4625977  2.34095988
 1.88483239 2.00725742 2.29242006 2.59083273 2.07048496 1.95116281
 2.35061292 2.37328235 2.64041091 2.25595218 1.92442995 2.47720016
 1.79858866 2.2463361  2.46158831 2.20156775 2.30799872 2.11107935
 2.89159036 2.52278083 2.44085264 2.02926225]","[1.4714     2.29873778 1.3349     2.35533333 3.95421053 1.93879412
 2.766125   2.879      3.99041667 1.79616667 2.34264286 2.73331122
 2.0223     2.09134    2.21825    2.25259375 1.98961333 3.0218
 0.84105    2.17665333 2.18855645 3.18866667 3.51316667 2.71642105
 2.38993333 3.7875     1.05525    1.0227     1.927      3.99480769
 2.85704545 2.77283333 2.05292105 1.26028378 1.94366667 2.36769444
 4.11475    1.95558974 2.83598387 1.81468966]",111
29,0,MLPRegressor,0.07796738638608525,0.15535970745845415,"[0.97934695 0.76478796 0.73622243 0.87112308 0.97269608 0.88687436
 1.01365522 0.95519715 0.8708528  0.82046065 0.83030182 0.73958303
 0.86528121 0.83894405 0.81251622 1.16920892 1.03297997 0.7055415
 0.67067344 0.86027876 0.60297837 0.97934843 0.94676639 1.00061306
 0.94183595 1.0359812  1.10966159 0.658791   0.55724318 1.03643955
 0.90625404 1.06576782 1.19557738 0.84254448 0.74020256 1.0208129
 0.93443128 0.62560156 0.78580307 0.94891937 0.95348214 1.01614734
 0.65308256 0.91342136 0.84355769 0.94306471 0.99274507 0.91612216
 0.95882416 0.8026955  0.5867733  0.89382752 0.65010478 0.80899821
 0.66449437 0.9140565 ]","[0.763      0.66181818 1.1877     1.13319231 0.7084     0.92085
 1.18704444 2.3352963  1.22136    0.85170608 0.68342105 0.53694118
 0.749875   0.56986364 0.7133     0.56875    0.74445    0.75470769
 0.83547561 0.77601389 0.24952941 1.33107692 1.54455    0.57880952
 0.79004167 1.78329167 0.55525    0.86955556 0.126      0.72740769
 0.86365789 0.790125   2.12042029 0.81557609 1.17752174 1.20142105
 0.60408871 0.65825455 1.26807692 0.71729412 0.3110625  1.36856522
 0.5505     1.43535    0.88089474 0.5922     0.6886     1.13910714
 1.0703     0.7955     0.84273913 0.57695652 0.92283256 0.73808824
 1.38075    0.47618333]",111
30,0,MLPRegressor,-0.1457085687176054,0.08317651933305234,"[1.29564831 1.2087965  1.13634398 1.36707659 0.97892832 1.26496043
 1.14402725 1.32245016 0.85321914 0.97109666 1.18549317 1.09968324
 0.96439851 1.22880142 1.20563547 1.02149066 1.14686435 1.10075635
 1.05124473 1.37682163 1.11836862 1.2451479  1.19748426 1.27719873
 1.16941429 1.19422427 1.0087985  1.10408828 1.15544167 0.88975116
 1.05574505 1.12800565 1.32343565 1.24346856 1.33466019 1.19664307
 1.10491871 1.13721015 1.2344254  1.09570702 1.01386823 1.03124226
 1.0400021  0.93305298 1.16752815 1.19416078 1.22046763 1.31926764
 1.23994146 0.90813306 1.34819826 1.0878432  1.03530957 1.31385898
 1.34283495 1.23091836 1.17452438 1.22138646 1.17075109 1.13159816]","[1.652      1.10641176 0.81736486 1.39183333 0.921      1.09807895
 1.06174359 0.78880952 0.69852632 1.42468421 1.17409091 1.08232258
 0.95992105 1.38310345 1.0621413  1.421      0.7336     0.93348718
 1.0417931  1.43904    0.46236111 0.772      1.17432    1.19511628
 1.34857059 1.20177273 0.94395    1.40761765 1.16931818 1.07927273
 1.37359091 1.65777241 0.9646875  0.88313077 0.9885     1.22037097
 0.58296    1.78092473 0.93234615 0.84365217 0.69405    1.31530952
 1.337      0.9835     0.98977273 0.83028    0.58527273 0.873
 1.05429545 1.03483333 1.34490476 1.25872174 0.93877778 1.06097727
 0.99567391 1.28568421 1.32175    1.37186538 1.14966667 1.09669231]",111
31,0,MLPRegressor,0.08710276652939619,0.017118683116821402,"[-0.1145208  -0.03158391 -0.02017077 -0.03778943 -0.00999471 -0.00732989
 -0.03930718 -0.11120244 -0.02763481 -0.03802649 -0.00361287 -0.03124974
 -0.06726982 -0.00758271 -0.01981082 -0.01025947  0.00493691 -0.11208693
 -0.04218894 -0.01747082 -0.06604893 -0.00303192 -0.00329811 -0.08466877
 -0.02921724 -0.027336   -0.02626493 -0.1242828  -0.03712271 -0.01972006
 -0.04992338  0.00565343 -0.02439632 -0.11793686 -0.08466877 -0.05444789
 -0.06595526 -0.0556551   0.01601521 -0.0317045  -0.02625369 -0.08567937
 -0.02104237 -0.03135312 -0.0095601  -0.12009274 -0.00704056 -0.05032617
 -0.02319499  0.01414182 -0.03400051 -0.03058573 -0.04293668 -0.03208369
 -0.05552727 -0.05277515 -0.11258792 -0.08812338 -0.03160168 -0.02863666]","[-0.035      -0.18184091 -0.10432258 -0.20545     0.15188108 -0.00331579
  0.112       0.0448      0.0920625  -0.02907692  0.13416667 -0.03616667
 -0.17371774 -0.03226087  0.133       0.10223684  0.07617647  0.238
 -0.14368421  0.06172222 -0.07920909  0.0665      0.15283333 -0.42605
  0.0112     -0.11025     0.00735    -0.21845588 -0.04325     0.01336364
  0.11230435 -0.19554118 -0.1238125  -0.10332051 -0.42605    -0.20904545
 -0.0405     -0.06405    -0.03742742 -0.0864      0.03394737 -0.039
 -0.17051429 -0.23061111 -0.12438462 -0.42605    -0.10786364 -0.04875
  0.0075     -0.10047879 -0.05323784 -0.07161957 -0.04384615 -0.04165
  0.17590476  0.00536667 -0.111      -0.05090909  0.0842625   0.0132    ]",111
35,0,MLPRegressor,0.15597540473264548,0.06012100736674904,"[ 0.1140648   0.10737169  0.11354428  0.13927227  0.07682046  0.1575552
 -0.02418051  0.1608305   0.07716823  0.1197502   0.03762405  0.05793921
  0.16474395  0.1061244   0.0641499   0.08116997  0.02936497  0.07006035
  0.01589014  0.1327424   0.17089972  0.10321486  0.19568321  0.11156524
  0.09689547  0.08013238  0.10383571  0.05640054  0.09392512  0.18558431
  0.10636961  0.11771949  0.07969996  0.05283253  0.15846989  0.06375
  0.19877719  0.16711936  0.20624225  0.08030767]","[ 0.30180769  0.04940727  0.14028    -0.09313043 -0.00409806  0.21080769
  0.18103448  0.01130769 -0.06191379  0.12025    -0.156625    0.02433333
  0.892      -0.05844167  0.04725     0.07228125  0.13125    -0.03605
 -0.12609524 -0.10521053 -0.3053      0.20165385  0.25095     0.0678
  0.168      -0.09372727 -0.11185101 -0.18422727 -0.065939    0.35761765
 -0.05844167  0.21488108 -0.16733957 -0.084      -0.05775    -0.04586667
  0.91184211  0.18316667  0.82483333 -0.0676734 ]",111
36,0,MLPRegressor,-0.15988393315391125,0.5375847384793155,"[1.86576168 1.81179731 1.78304899 1.80853618 2.16172733 2.27026169
 1.63243954 2.10894041 1.74785215 1.87301515 2.28903104 2.3254752
 1.83805115 1.84456322 2.13691269 2.17057446 1.79659017 1.94404002
 1.59534771 1.76594127 1.72490305 2.02257866 1.84719845 2.07904182
 1.84731863 1.7963326  1.70989637 1.87415259 1.96710018 1.33899558
 2.32023755 1.83345347 1.80754928 1.57141932 1.58431341 2.12049048
 1.84292234 2.47835664 1.54876235 2.05451631 1.63604792 1.94438592
 1.7442976  2.42361556 1.47461057 1.82754568 2.16182251 2.21242704
 2.0893037  2.0165598  1.94504091 1.78844574 1.70884705 1.90887923]","[0.68522222 1.21961538 1.94548333 2.51757895 1.76675    2.36490476
 1.88053509 0.56813333 2.89497826 2.11736667 0.5662     1.41261207
 2.5199     2.07165333 2.18341667 2.0916     1.30742105 1.24595172
 1.74982143 1.45759091 1.3722549  1.87533333 1.042375   0.82171552
 1.75391111 2.65175439 1.81835294 1.162      2.73508824 1.69675
 2.7831875  2.2895     1.18084615 1.15797917 1.34513514 2.39562963
 1.29590476 0.9219     1.04511957 2.15518537 1.1865     0.99834677
 1.52536364 1.69805263 2.57489855 1.28485    4.13756    2.14489
 1.30651111 1.50315    1.90624194 2.21078788 1.9888     0.9432973 ]",111
22,0,CausalForestDML,0.3864949860418465,0.5936286274773803,"[1.35095628 1.11601467 1.25969899 2.42010923 2.0879034  1.45642205
 2.32161945 2.36760535 1.85550473 2.2301435  1.99402466 2.07171689
 2.10729453 2.01473136 2.30626229 2.57424336 1.26680024 1.16665925
 2.12302907 2.05518044 1.03275249 2.42051169 1.5816441  2.26456502
 1.11149572 1.71264413 2.07153053 2.33666908 1.01402087 2.15424146
 1.86766276 1.11290275 1.70083068 1.06963402 1.24956007 1.69662069
 1.03253964 1.48054208 2.03384393 1.3671374  1.51735324 1.90992351
 1.05049884 1.09492637 1.86010873 1.02383191 1.04149328 2.22601322
 1.50218768 2.37813808 2.21028824 1.96926501 2.0869447 ]","[1.75688    0.79468421 0.9065     1.98387273 1.58023333 2.31642105
 4.09236842 3.048      1.48154911 2.194      1.469      2.28764
 2.5005     2.87004167 4.102      2.83789394 1.2164375  0.902
 2.6848     1.83787879 0.77056    2.94529167 2.34178804 0.56466667
 0.55588235 2.53027273 0.80315    2.1099     1.27092529 2.23500526
 3.29379545 1.2075     0.53142105 0.7392     1.68560943 1.13705
 0.7336     1.49866667 1.96980702 1.65469048 2.80168182 2.32716667
 0.57325    0.938      3.26355882 1.28129825 0.7497     3.88991304
 1.87295833 4.08143333 2.3988     1.461      2.51733333]",112
23,0,CausalForestDML,0.07155372168800056,0.14536422976114585,"[3.76409638 3.81291057 3.74393639 3.76653611 3.90565258 3.73428818
 3.51590834 3.90927157 3.77314882 3.92081046 3.87661645 3.8180255
 3.52478878 3.62721717 3.50047051 3.5677653  3.74173803 3.77629678
 3.72326271 3.7666992  3.76625255 3.90463003 3.87592086 3.89942084
 3.46554262 3.94720347 3.88761521 3.79045777 3.71759463 3.76767032
 3.78712185 3.72303802 3.7250435  3.92655044 3.68227597 3.849527
 3.86814189 3.45320657 3.8070094  3.75426966 3.81181426 3.56848852
 3.75222252 3.80525938 3.87154187 3.87011867 3.84689018 3.7960268
 3.80388286 3.80434078 3.91116768 3.59240849 3.53460843 3.74111737
 4.03098167 4.02872786 3.60830354 3.83491182 3.99596323 3.43231576]","[4.04066667 2.88129545 4.10488    3.92245614 3.9716875  4.141
 4.1718     3.69086957 4.10577419 3.69086957 3.98402778 4.14503846
 3.90634783 3.9121     2.23468333 3.41920513 3.885      4.10696552
 3.973      4.0348     3.93566667 3.74009524 3.967      3.95786047
 2.24414035 4.12482353 3.63185    3.85896154 3.99       4.18909677
 4.141      3.92479167 4.03058065 3.882      4.0075     3.9905
 3.97656522 4.13166667 3.88989474 3.6947517  4.01666667 3.88585
 4.05109375 3.99723077 4.13111765 3.72742105 3.95470968 3.84791304
 4.078      4.03012    3.94880952 4.1965     4.132      3.7922
 4.10716667 4.14594118 3.95425    3.73515789 4.1753     2.80645455]",112
25,0,CausalForestDML,0.10987402819101644,0.6342209269245517,"[2.03929643 1.69535971 1.50324604 2.02880782 1.54235804 2.26663414
 1.3730682  1.83772115 1.9895401  2.08831555 1.65425297 1.78756212
 1.52328476 2.40965126 1.57243945 2.12665688 1.748469   1.6319622
 1.65808942 1.91167871 1.61829604 1.88568008 1.65847399 1.4752144
 1.74701033 2.54262319 2.18686505 2.1426256  2.37913107 2.10594687
 2.21171559 1.98461374 1.94842441 1.57960756 1.98810993 1.67746933
 2.00447768 2.26823247 2.01696071 2.15104028 2.44756397 1.93854672
 1.94721536 2.17068973 1.98537599 1.36576083 1.52199392 1.8688015
 1.93062478 1.82649211]","[2.50983333 1.23017391 1.000125   1.419      1.20293478 1.51783333
 0.94067647 3.9715     1.16905645 1.2845     1.16375    3.9715
 1.49890476 2.911      1.48273529 2.5255     3.08266667 1.31404
 1.536      3.3762549  2.32315625 1.270325   1.77356818 2.56972222
 2.522      3.06951802 3.2799     1.85277273 2.49637681 3.16187069
 2.24490952 2.05075269 2.65104839 2.56652    2.24946377 1.38725
 0.77816667 2.23533333 1.32525    2.3952381  4.00288462 2.18624638
 0.81035294 1.79948276 2.27262338 1.38504545 1.60428947 2.5625
 2.53706522 1.08325   ]",112
26,0,CausalForestDML,0.060258288613917466,0.5684628628434167,"[2.38349529 2.26901323 2.31259253 2.14315455 2.34172607 1.98721903
 1.99873478 2.85133737 2.41312973 2.31606666 2.16918963 2.39230469
 2.06751903 2.12479093 2.19788856 2.72538451 2.3732466  2.1846087
 2.14590843 2.27134334 2.20190912 2.07273834 2.45152284 2.09697911
 2.49370708 2.63713241 2.58240965 2.87458692 2.17559845 2.32981995
 2.43613294 2.02767504 2.63780208 2.3546133  2.21823279 1.99909494
 2.60518644 2.28744097 2.60697341 2.48417885]","[1.0815     2.18183333 2.11806667 3.04335897 1.98961333 2.35533333
 1.98511765 1.89292857 1.65576923 2.83156897 2.03865152 3.18866667
 1.76722308 2.24170168 3.0636     3.99480769 3.51740351 2.50642727
 2.85302632 2.09134    1.393875   1.26864706 2.22205217 4.2289375
 2.70921333 2.708      2.30544444 3.99041667 0.88656522 2.05292105
 4.11475    2.44401515 2.60556897 2.1022     2.10460753 2.50542105
 3.18041176 2.766125   3.0218     2.27739147]",112
29,0,CausalForestDML,0.036200061747943435,0.06799218432794794,"[0.5628208  0.61337336 0.80941879 1.28245137 0.9166862  0.73715664
 0.63978941 0.82943847 0.64042322 0.94602885 1.06070735 0.89245375
 0.63241786 0.95235937 0.71409886 0.73655062 1.01414373 0.64978864
 0.58831637 1.23226771 0.71742969 0.56278524 1.3980601  0.72225023
 0.68439552 1.38157879 0.95957993 0.91838503 0.697223   0.55203385
 0.95382211 0.87528697 0.96394387 0.63227539 0.58317917 0.97820268
 0.71613099 0.56669427 0.86521007 0.83309224 0.63355664 0.70183398
 0.92638643 0.65750363 0.65755247 0.86502026 0.82354003 0.75331764
 0.84004025 0.88159429 1.19659611 0.76953409 0.85421682 0.84133164
 0.75890901 1.00129772]","[0.8701     0.8554     0.78840476 0.8239     0.87634615 0.53694118
 0.7520625  1.06367442 0.777      0.96117    0.77852778 0.76576471
 0.83547561 1.281      0.65261538 0.84462    0.47618333 0.92239113
 0.7662     0.75673913 0.9723     0.8708     1.30347368 0.659
 0.53725    1.43535    0.89464865 0.7725     0.58668421 0.6083
 1.36856522 1.22136    0.64526316 0.81557609 0.696      0.56875
 0.60655    0.895125   1.33107692 0.69878261 0.126      0.4438
 0.66393293 0.5992     0.66325    0.55525    1.28490698 1.0885
 1.10931452 0.66376154 1.30347368 0.62328    0.98652273 0.84807692
 0.50878947 0.57361957]",112
30,0,CausalForestDML,0.05719674972159461,0.08603900020776964,"[1.15305058 1.05374344 1.02888231 1.03447115 1.05833324 1.16964712
 1.02716682 1.01222244 1.03209465 1.08719103 1.10867906 1.23515272
 1.0859076  1.15069671 1.05868496 1.104324   0.97544701 1.0260985
 1.12890893 1.04077715 1.07093271 1.01527335 1.06496624 1.04531108
 1.1206629  1.25491935 1.05672086 1.07501792 1.13756979 1.29386963
 1.0343016  1.14283814 1.07980591 1.01098557 1.00908111 1.12169084
 1.1228691  1.05173285 1.20274044 1.33274233 1.19312004 1.2942133
 1.17402572 1.15776715 1.07785959 1.06531843 0.99312323 1.0358579
 1.06315296 1.15760899 1.09162043 1.12207289 1.18865855 0.9956075
 1.02080383 1.11915012 1.02094238 1.02738682 1.08667955 1.42260112]","[1.1732     1.00996    1.0276875  0.796775   0.944125   0.99056
 0.772      1.20177273 0.87696    1.43025    1.52025641 1.15040476
 1.3769     1.34925    1.05233333 0.69405    0.70212683 0.937125
 1.5155     0.4935     1.78314835 0.94665789 1.08232353 0.76206667
 1.42437273 1.40761765 1.31530952 1.42416522 1.76975479 1.2125
 0.58296    0.9646875  0.938      1.421      0.41044828 0.896
 1.0626     1.38065455 0.87579167 0.78880952 0.9885     1.6106
 1.58095    0.95992105 1.30101176 1.13782927 0.85965517 0.66957692
 0.92065    0.99567391 0.98254545 1.01325    1.41425    0.94870476
 1.24725    1.21809677 0.81736486 1.38015    1.35227647 0.987     ]",112
31,0,CausalForestDML,0.4009765587171391,0.011089059436532267,"[-0.00594707 -0.04308076 -0.03194522  0.03073969  0.0001605   0.00253844
 -0.03592278 -0.03197925 -0.01603532  0.03761771 -0.1078743   0.01855084
  0.04331953 -0.01599634 -0.11442559  0.01264462 -0.05906547  0.03279051
  0.00744426 -0.03786699  0.00963897 -0.0097461  -0.03534696 -0.0745513
 -0.08344341 -0.13520413 -0.02994093  0.00832346 -0.09488519 -0.03874119
 -0.01750602 -0.09593472 -0.03670873  0.02548013  0.03899079 -0.14068506
 -0.06089025 -0.12607857 -0.01296655 -0.02088627 -0.09933656 -0.06672878
 -0.00470139 -0.10310048 -0.13007377  0.0270167  -0.02506118  0.00195529
  0.00304698 -0.00605946 -0.02052796 -0.05856654 -0.00535866 -0.03468806
  0.01613417 -0.03415995 -0.06322166 -0.10205528 -0.02880268  0.02746396]","[ 0.12845    -0.0343913   0.063       0.0842625   0.11230435 -0.00175
  0.0665     -0.11025    -0.24964     0.14745652 -0.21459524  0.056
  0.19962069  0.02066667 -0.22516667  0.03394737 -0.1041     -0.01241935
  0.09775    -0.02000431 -0.10719048  0.13142105  0.007      -0.0315
 -0.04725    -0.21845588 -0.039       0.146125   -0.1774     -0.084
 -0.0405     -0.1238125  -0.0336      0.10223684  0.0105     -0.15617241
 -0.1092     -0.23755897 -0.06623077  0.0448     -0.42605    -0.055
 -0.033      -0.17371774 -0.02261538  0.154875   -0.08511364  0.161875
  0.01740789  0.17590476 -0.05843478 -0.0355122   0.12456818 -0.00572727
  0.16365517 -0.0973     -0.10432258 -0.42605    -0.02481818  0.1575    ]",112
35,0,CausalForestDML,0.12223524200671587,0.03694903014287526,"[ 0.14271854  0.11113518  0.09876213  0.0533087  -0.05076175  0.12482754
  0.09001329  0.07270511  0.11799208  0.14293236  0.14128798  0.11434965
  0.09676441  0.0849168   0.04410716  0.02362777  0.06904561  0.13027958
  0.06582051  0.08345004  0.07475383  0.07766042  0.08656698  0.08535978
  0.08989063  0.05710517  0.09318671  0.05499272  0.07383748  0.06694357
  0.1358779   0.09753874  0.11640254  0.17025674  0.06491633  0.08899865
  0.13088822  0.08133215  0.04131801  0.07074639]","[ 0.0962027   0.0301     -0.19905263 -0.056      -0.0435      0.164
  0.083      -0.16578748  0.3885      0.05995455  0.35816667  0.20165385
 -0.09530612 -0.05542041 -0.03825926  0.00969231  0.22369565  0.38422222
  0.06636    -0.05844167  0.3185      0.06665217 -0.16913636 -0.10534884
 -0.09609615 -0.10487364  0.04940727 -0.07664706  0.16065     0.02321951
  0.91184211 -0.00679412 -0.06204545  0.14028    -0.09102778  0.31372727
  0.24313333  0.18103448 -0.03605     0.128625  ]",112
36,0,CausalForestDML,0.07387199831163194,0.5094487849029948,"[1.59371709 1.84471143 1.86797624 2.15836466 1.83478641 1.64642475
 1.86793232 1.69621631 1.73930647 2.13739399 1.71223716 1.98949568
 1.66296628 1.72344906 1.783741   1.69455793 1.9870083  1.52652898
 1.86383624 1.56852798 1.990329   1.90447094 1.74424023 2.10301255
 1.72846457 2.19831674 2.09251246 1.98170256 2.19501617 1.68826434
 1.68337076 2.15050058 2.22011444 2.23217928 1.778437   1.85325098
 1.71958891 1.95594153 1.74132834 1.91145373 2.22489467 1.79698405
 1.83929715 1.61033114 2.16020474 1.68609841 2.04914591 1.6288425
 1.7872592  1.98492749 1.5704702  1.8714724  1.73240785 1.60954285]","[1.970625   1.28625    2.44798551 1.88285965 1.97984    1.44523077
 2.58383333 0.5662     2.86745    1.87533333 1.28247368 2.02037681
 1.24595172 0.79613889 2.13633333 2.14489    4.1291875  1.3454
 2.07633333 1.29590476 1.46596154 0.68288889 1.43535    2.02739583
 1.76675    2.18341667 1.87533333 1.41261207 1.79521379 1.5778
 2.09910606 2.02115152 2.7831875  2.65363333 2.09698148 0.90533333
 0.5662     1.41261207 1.0962     0.88795833 2.71093333 1.74982143
 2.61088506 2.60270833 2.36490476 1.4328381  4.16891667 2.9005
 1.88705072 1.15404545 2.50105    2.24133333 2.04304    1.98692308]",112
22,0,RandomForestRegressor,0.3240850272957255,0.6540166231880506,"[1.12786904 1.06527288 1.81079486 3.47210005 3.18693465 1.99091753
 2.73562268 3.05578087 2.42580324 2.29235267 2.15822265 1.66387897
 2.0187396  2.53172121 3.17718303 3.38133238 1.00190094 0.92988135
 2.42100679 1.41186594 0.83897367 2.46694683 1.1007995  2.72063379
 0.91017845 1.53347618 2.38329353 3.32132386 0.7932612  2.12574893
 1.58295596 1.39183801 1.79934689 1.00768835 1.07105086 1.7351457
 1.11421416 1.6248256  1.73847704 1.19214412 1.6269342  1.90646702
 0.81736068 1.18702409 2.22902461 0.88740265 1.07150431 3.29653236
 2.25460612 3.01834381 3.06568303 1.59400396 3.16934049]","[1.75688    0.79468421 0.9065     1.98387273 1.58023333 2.31642105
 4.09236842 3.048      1.48154911 2.194      1.469      2.28764
 2.5005     2.87004167 4.102      2.83789394 1.2164375  0.902
 2.6848     1.83787879 0.77056    2.94529167 2.34178804 0.56466667
 0.55588235 2.53027273 0.80315    2.1099     1.27092529 2.23500526
 3.29379545 1.2075     0.53142105 0.7392     1.68560943 1.13705
 0.7336     1.49866667 1.96980702 1.65469048 2.80168182 2.32716667
 0.57325    0.938      3.26355882 1.28129825 0.7497     3.88991304
 1.87295833 4.08143333 2.3988     1.461      2.51733333]",112
23,0,RandomForestRegressor,-1.5105402298421744,0.3930682424177273,"[2.93380545 4.14994596 3.91545036 3.84658501 4.12950765 3.85980367
 3.930901   3.58009503 3.802322   3.76933055 4.0544479  3.779128
 3.34714203 3.1813744  2.66816416 3.88615804 0.15514185 3.75201217
 3.58788886 4.10930996 3.56756366 4.01175377 3.79890685 3.79527037
 2.92314695 4.09520381 3.93198234 3.67134357 3.97513996 3.85689355
 3.708808   3.73384792 3.79201629 3.83507361 3.62779919 3.77202475
 3.98897575 3.08842098 3.67298    3.70949117 3.82093445 3.95136255
 3.4463487  3.75683125 3.78783355 4.0278008  4.05722966 3.51316558
 3.55034    3.8068062  4.01071921 3.52647632 3.87962845 3.80645623
 4.09087607 4.16818194 3.82335936 3.79050712 4.18830292 3.59226166]","[4.04066667 2.88129545 4.10488    3.92245614 3.9716875  4.141
 4.1718     3.69086957 4.10577419 3.69086957 3.98402778 4.14503846
 3.90634783 3.9121     2.23468333 3.41920513 3.885      4.10696552
 3.973      4.0348     3.93566667 3.74009524 3.967      3.95786047
 2.24414035 4.12482353 3.63185    3.85896154 3.99       4.18909677
 4.141      3.92479167 4.03058065 3.882      4.0075     3.9905
 3.97656522 4.13166667 3.88989474 3.6947517  4.01666667 3.88585
 4.05109375 3.99723077 4.13111765 3.72742105 3.95470968 3.84791304
 4.078      4.03012    3.94880952 4.1965     4.132      3.7922
 4.10716667 4.14594118 3.95425    3.73515789 4.1753     2.80645455]",112
25,0,RandomForestRegressor,-0.1239359570548868,0.8008121626184296,"[2.03632972 2.28418436 1.52013729 1.99899372 1.20290064 3.3902695
 1.38697632 1.69975171 2.23571671 2.47365387 1.44951491 1.89433751
 1.43216251 3.54377763 1.1765229  2.63380985 1.55092648 1.26068149
 1.00234665 1.51633453 1.40459123 1.5999787  1.9729915  1.20137077
 1.08234602 3.33881788 2.72691022 2.23464046 2.50358767 1.99532049
 2.23057096 2.32258155 1.54866391 1.32012487 2.58286013 1.87610383
 1.23018979 3.14253408 1.69903409 2.28772809 2.96658267 1.29247489
 1.52835889 2.4196335  2.06609112 1.17557954 1.42060461 1.46411207
 1.98777405 1.37623873]","[2.50983333 1.23017391 1.000125   1.419      1.20293478 1.51783333
 0.94067647 3.9715     1.16905645 1.2845     1.16375    3.9715
 1.49890476 2.911      1.48273529 2.5255     3.08266667 1.31404
 1.536      3.3762549  2.32315625 1.270325   1.77356818 2.56972222
 2.522      3.06951802 3.2799     1.85277273 2.49637681 3.16187069
 2.24490952 2.05075269 2.65104839 2.56652    2.24946377 1.38725
 0.77816667 2.23533333 1.32525    2.3952381  4.00288462 2.18624638
 0.81035294 1.79948276 2.27262338 1.38504545 1.60428947 2.5625
 2.53706522 1.08325   ]",112
26,0,RandomForestRegressor,-0.052785814766713735,0.6368448170088201,"[2.54990912 1.96309428 2.545396   2.09339317 1.97284356 1.97708418
 1.83755461 3.52707562 2.82090651 2.08154069 1.78861998 2.48765093
 1.83374628 1.48861636 2.32220315 2.58960012 2.6079938  2.28139639
 2.35672478 2.32556881 2.40358773 2.22963491 2.86443112 2.16792416
 3.08256959 3.37899571 3.21009523 3.45469196 1.95119987 2.30866665
 2.93471368 1.76732988 2.85699022 2.45305655 1.77195985 2.11781098
 3.62158673 2.51482722 2.49926165 2.80146139]","[1.0815     2.18183333 2.11806667 3.04335897 1.98961333 2.35533333
 1.98511765 1.89292857 1.65576923 2.83156897 2.03865152 3.18866667
 1.76722308 2.24170168 3.0636     3.99480769 3.51740351 2.50642727
 2.85302632 2.09134    1.393875   1.26864706 2.22205217 4.2289375
 2.70921333 2.708      2.30544444 3.99041667 0.88656522 2.05292105
 4.11475    2.44401515 2.60556897 2.1022     2.10460753 2.50542105
 3.18041176 2.766125   3.0218     2.27739147]",112
29,0,RandomForestRegressor,-1.0313374766621983,0.14330263643300262,"[0.39846567 0.34539261 0.94390049 1.99398036 0.82766658 0.83184368
 0.3869997  0.63875749 0.42697695 1.37542508 0.24617765 0.809632
 0.46683248 1.07260153 0.52645009 0.85261614 1.08582824 0.95303769
 0.43318944 1.27933772 0.79084924 0.30523967 2.11535814 1.08556527
 0.58725783 1.1440906  0.9151183  1.21998799 0.63774434 0.32620712
 0.93494936 0.9341189  1.03206461 0.47767443 0.36458954 0.85921256
 0.6789298  0.57197683 1.0549009  0.72752638 0.44496555 0.51989462
 1.03185629 0.43782493 0.61260203 1.09786784 0.4675358  0.82390707
 1.12468659 0.81564678 1.4359592  0.75904269 0.56787821 1.16287232
 0.79663587 0.69483664]","[0.8701     0.8554     0.78840476 0.8239     0.87634615 0.53694118
 0.7520625  1.06367442 0.777      0.96117    0.77852778 0.76576471
 0.83547561 1.281      0.65261538 0.84462    0.47618333 0.92239113
 0.7662     0.75673913 0.9723     0.8708     1.30347368 0.659
 0.53725    1.43535    0.89464865 0.7725     0.58668421 0.6083
 1.36856522 1.22136    0.64526316 0.81557609 0.696      0.56875
 0.60655    0.895125   1.33107692 0.69878261 0.126      0.4438
 0.66393293 0.5992     0.66325    0.55525    1.28490698 1.0885
 1.10931452 0.66376154 1.30347368 0.62328    0.98652273 0.84807692
 0.50878947 0.57361957]",112
30,0,RandomForestRegressor,-0.29881258455114135,0.11852794970642143,"[1.47558602 1.32923004 0.83041327 0.97377876 1.01716286 1.1681061
 0.6719512  0.81144442 1.01265557 0.84524415 1.19626958 1.16543432
 0.77425725 1.34514304 0.88052442 0.89308734 0.75422177 0.93103052
 1.14119194 0.69915992 0.7071556  0.97812905 1.19823247 1.06281067
 0.81587394 1.33686335 1.02770465 0.99487103 1.3566971  1.33359094
 1.01558235 1.19515295 1.09196142 0.68253761 1.06032698 1.20131458
 1.10231445 0.83575609 1.27004311 1.57959556 0.97932982 1.72672824
 1.22418217 0.88004898 1.41069714 0.92506194 1.01645009 0.90998677
 1.33392942 0.84952589 1.16019393 1.28570373 1.30976345 0.9498322
 0.9479529  1.39710828 0.89145621 1.15354704 1.2179643  1.5151053 ]","[1.1732     1.00996    1.0276875  0.796775   0.944125   0.99056
 0.772      1.20177273 0.87696    1.43025    1.52025641 1.15040476
 1.3769     1.34925    1.05233333 0.69405    0.70212683 0.937125
 1.5155     0.4935     1.78314835 0.94665789 1.08232353 0.76206667
 1.42437273 1.40761765 1.31530952 1.42416522 1.76975479 1.2125
 0.58296    0.9646875  0.938      1.421      0.41044828 0.896
 1.0626     1.38065455 0.87579167 0.78880952 0.9885     1.6106
 1.58095    0.95992105 1.30101176 1.13782927 0.85965517 0.66957692
 0.92065    0.99567391 0.98254545 1.01325    1.41425    0.94870476
 1.24725    1.21809677 0.81736486 1.38015    1.35227647 0.987     ]",112
31,0,RandomForestRegressor,-0.7645576217241166,0.032665306560590864,"[-0.06180592 -0.04378132 -0.04178288 -0.00367225  0.02416903 -0.12271759
 -0.02164986 -0.02486786 -0.04223039  0.02785469  0.05318449 -0.04029029
  0.10716814 -0.02385175 -0.91066026  0.07819754 -0.09462641  0.05675713
 -0.25214944 -0.03303609  0.06085543  0.00621636 -0.02404614 -0.45089604
 -0.02486158 -0.12202021  0.00719082  0.06035106  0.01131623 -0.08573788
  0.10056753 -0.03756751 -0.11686183  0.13622983  0.22924535 -0.29243755
 -0.08258117 -0.34114847  0.02092888  0.05642955 -0.02758937 -0.06763916
  0.08682361  0.00391012  0.01638432  0.05813253  0.01523783 -0.15530408
 -0.00525423 -0.01000365 -0.07360446 -0.06987332  0.0292576   0.00359046
 -0.34717222 -0.04265568 -0.1892217  -0.16401657  0.06104342  0.0993995 ]","[ 0.12845    -0.0343913   0.063       0.0842625   0.11230435 -0.00175
  0.0665     -0.11025    -0.24964     0.14745652 -0.21459524  0.056
  0.19962069  0.02066667 -0.22516667  0.03394737 -0.1041     -0.01241935
  0.09775    -0.02000431 -0.10719048  0.13142105  0.007      -0.0315
 -0.04725    -0.21845588 -0.039       0.146125   -0.1774     -0.084
 -0.0405     -0.1238125  -0.0336      0.10223684  0.0105     -0.15617241
 -0.1092     -0.23755897 -0.06623077  0.0448     -0.42605    -0.055
 -0.033      -0.17371774 -0.02261538  0.154875   -0.08511364  0.161875
  0.01740789  0.17590476 -0.05843478 -0.0355122   0.12456818 -0.00572727
  0.16365517 -0.0973     -0.10432258 -0.42605    -0.02481818  0.1575    ]",112
35,0,RandomForestRegressor,-0.5499580124522403,0.06524463963809199,"[ 0.13929534 -0.25160568  0.02903152  0.08656103 -0.15331187  0.20846977
  0.09049929  0.03924059  0.0210226   0.34469617  0.22067853  0.16760321
  0.24071882  0.21013314  0.05569952  0.06713856 -0.02834943  0.34394188
  0.09852586  0.23950596  0.01617581  0.16216057  0.36277146  0.09343698
 -0.83670654 -0.28076898  0.21863962  0.08445244  0.02485299  0.04521808
  0.14729268  0.1293787   0.14527753  0.14356056  0.05287545  0.33746715
  0.23357069 -0.07149807  0.0086353   0.19397279]","[ 0.0962027   0.0301     -0.19905263 -0.056      -0.0435      0.164
  0.083      -0.16578748  0.3885      0.05995455  0.35816667  0.20165385
 -0.09530612 -0.05542041 -0.03825926  0.00969231  0.22369565  0.38422222
  0.06636    -0.05844167  0.3185      0.06665217 -0.16913636 -0.10534884
 -0.09609615 -0.10487364  0.04940727 -0.07664706  0.16065     0.02321951
  0.91184211 -0.00679412 -0.06204545  0.14028    -0.09102778  0.31372727
  0.24313333  0.18103448 -0.03605     0.128625  ]",112
36,0,RandomForestRegressor,0.006070248882389384,0.5467454855729393,"[ 1.29037549  2.4812509   2.22801291  2.57209005  2.21623954  1.25501951
  1.53785868  0.76597732  2.19388126  2.47566323  1.90604243  2.69549329
  1.53264427  1.6404205   2.78462708  2.23054703  2.77072324  1.39863347
  2.3089755   1.04014786  2.02993163  1.75844521  1.98863607  2.71163884
  1.79372653  3.23439739  2.23523113  1.82541942  3.26099894  2.04076545
  2.07198967  1.9367784   3.19200367  2.74888259  1.56192618  1.675432
 -0.07624268  1.72607314  1.62279475  2.53420897  3.12666877  1.66840216
  1.80601252  1.96901128  2.77055538  1.36809321  2.31847591  1.57582187
  1.93307431  2.40450755  1.4656779   2.57917742  3.06438586  1.69671159]","[1.970625   1.28625    2.44798551 1.88285965 1.97984    1.44523077
 2.58383333 0.5662     2.86745    1.87533333 1.28247368 2.02037681
 1.24595172 0.79613889 2.13633333 2.14489    4.1291875  1.3454
 2.07633333 1.29590476 1.46596154 0.68288889 1.43535    2.02739583
 1.76675    2.18341667 1.87533333 1.41261207 1.79521379 1.5778
 2.09910606 2.02115152 2.7831875  2.65363333 2.09698148 0.90533333
 0.5662     1.41261207 1.0962     0.88795833 2.71093333 1.74982143
 2.61088506 2.60270833 2.36490476 1.4328381  4.16891667 2.9005
 1.88705072 1.15404545 2.50105    2.24133333 2.04304    1.98692308]",112
22,0,GradientBoostingRegressor,0.23112972514254027,0.7439603517289627,"[1.45157235 1.53284829 1.55507826 2.02320668 1.92957883 1.88705703
 2.46196354 1.9873439  1.53644561 2.04466862 1.69590054 1.73766217
 1.72949949 1.97530136 2.04466862 1.88456781 1.44037175 1.44037175
 1.9873439  1.71330388 1.44717343 1.79809748 1.53644561 2.11124328
 1.44717343 1.5748223  1.97607063 1.93429103 1.46774745 1.93429103
 1.81920124 1.57565228 1.71603818 1.44717343 1.44717343 1.5748223
 1.44717343 1.58162399 1.889284   1.45157235 1.55209743 1.93429103
 1.44717343 1.44717343 1.889284   1.42494347 1.44717343 1.98423331
 1.59403533 2.0753805  1.9873439  1.70735648 1.93429103]","[1.75688    0.79468421 0.9065     1.98387273 1.58023333 2.31642105
 4.09236842 3.048      1.48154911 2.194      1.469      2.28764
 2.5005     2.87004167 4.102      2.83789394 1.2164375  0.902
 2.6848     1.83787879 0.77056    2.94529167 2.34178804 0.56466667
 0.55588235 2.53027273 0.80315    2.1099     1.27092529 2.23500526
 3.29379545 1.2075     0.53142105 0.7392     1.68560943 1.13705
 0.7336     1.49866667 1.96980702 1.65469048 2.80168182 2.32716667
 0.57325    0.938      3.26355882 1.28129825 0.7497     3.88991304
 1.87295833 4.08143333 2.3988     1.461      2.51733333]",112
23,0,GradientBoostingRegressor,-0.39073189210307224,0.21774299172955314,"[3.2686035  3.95291429 3.92693234 3.88525574 3.9449851  3.85587047
 3.66843711 3.81972594 3.85587047 3.83909133 3.87667185 3.85587047
 3.80084983 3.88775598 3.64284267 3.69285979 1.93713871 3.85587047
 3.87832182 3.88508167 3.86599046 3.95033059 3.85454234 3.89612955
 3.79247625 3.95291429 3.95033059 3.88775598 3.90288941 3.85587047
 3.85587047 3.8725863  3.92576301 3.8055459  3.88144147 3.94615444
 3.85454234 3.66159664 3.81230518 3.85226023 3.85587047 3.77435094
 3.84911061 3.85587047 3.9134475  3.86963067 3.88775598 3.81637122
 3.7521014  3.8560745  3.95891693 3.68751328 3.66843711 3.86980473
 3.95891693 3.9134475  3.87468161 3.88775598 3.95291429 3.67529429]","[4.04066667 2.88129545 4.10488    3.92245614 3.9716875  4.141
 4.1718     3.69086957 4.10577419 3.69086957 3.98402778 4.14503846
 3.90634783 3.9121     2.23468333 3.41920513 3.885      4.10696552
 3.973      4.0348     3.93566667 3.74009524 3.967      3.95786047
 2.24414035 4.12482353 3.63185    3.85896154 3.99       4.18909677
 4.141      3.92479167 4.03058065 3.882      4.0075     3.9905
 3.97656522 4.13166667 3.88989474 3.6947517  4.01666667 3.88585
 4.05109375 3.99723077 4.13111765 3.72742105 3.95470968 3.84791304
 4.078      4.03012    3.94880952 4.1965     4.132      3.7922
 4.10716667 4.14594118 3.95425    3.73515789 4.1753     2.80645455]",112
25,0,GradientBoostingRegressor,0.07735213730089618,0.6573929996860657,"[2.27840381 1.85564211 1.7577374  2.12861487 1.83341214 2.13328386
 1.7577374  1.73061666 1.91057921 2.10057672 1.75093572 1.73061666
 1.73456712 2.37384687 1.6470056  1.91057921 1.83341214 1.74604494
 1.78655546 1.83341214 1.67727388 1.83358149 1.84006707 1.95713971
 1.83341214 2.35644353 2.37324412 2.15551382 2.36754615 2.37324412
 2.37384687 2.28520549 2.01869541 1.74604494 1.88834924 1.76683103
 2.10057672 2.37743272 1.88834924 2.15551382 2.35644353 1.86045837
 2.10057672 2.14007081 2.37324412 1.74604494 1.6470056  1.74604494
 1.92425084 1.68871126]","[2.50983333 1.23017391 1.000125   1.419      1.20293478 1.51783333
 0.94067647 3.9715     1.16905645 1.2845     1.16375    3.9715
 1.49890476 2.911      1.48273529 2.5255     3.08266667 1.31404
 1.536      3.3762549  2.32315625 1.270325   1.77356818 2.56972222
 2.522      3.06951802 3.2799     1.85277273 2.49637681 3.16187069
 2.24490952 2.05075269 2.65104839 2.56652    2.24946377 1.38725
 0.77816667 2.23533333 1.32525    2.3952381  4.00288462 2.18624638
 0.81035294 1.79948276 2.27262338 1.38504545 1.60428947 2.5625
 2.53706522 1.08325   ]",112
26,0,GradientBoostingRegressor,0.1190755492287433,0.5328834818830939,"[2.24545125 2.1762784  2.32177399 2.34762837 2.26396249 2.24568112
 2.29009535 2.82224318 2.3566499  2.38836462 2.1766245  2.30300584
 2.1762784  2.1762784  2.20511794 2.8392816  2.2331591  2.20511794
 2.50330357 2.1762784  2.3149723  2.07248594 2.40144938 2.31510261
 2.34704542 2.58873297 2.41626692 2.8392816  2.26526454 2.28803744
 2.40144938 2.07750321 2.81474214 2.2515179  2.04533058 2.7561647
 2.47685864 2.29483912 2.53372637 2.30300584]","[1.0815     2.18183333 2.11806667 3.04335897 1.98961333 2.35533333
 1.98511765 1.89292857 1.65576923 2.83156897 2.03865152 3.18866667
 1.76722308 2.24170168 3.0636     3.99480769 3.51740351 2.50642727
 2.85302632 2.09134    1.393875   1.26864706 2.22205217 4.2289375
 2.70921333 2.708      2.30544444 3.99041667 0.88656522 2.05292105
 4.11475    2.44401515 2.60556897 2.1022     2.10460753 2.50542105
 3.18041176 2.766125   3.0218     2.27739147]",112
29,0,GradientBoostingRegressor,0.01661272175980988,0.06937399187753411,"[0.75456394 0.68794935 0.94170662 1.24011054 1.00260506 0.91663167
 0.73913273 0.77475947 0.84466279 0.99374513 0.92347392 0.82541316
 0.74795344 1.00364317 0.71336354 0.86922449 1.01792265 0.83880994
 0.68794935 1.00278922 0.84282437 0.70693252 1.33431261 0.93585377
 0.76577108 1.06973027 0.99196579 0.99374513 0.81841659 0.70494648
 0.90341931 0.96178802 1.01101488 0.78499318 0.70199623 0.92785142
 0.80799294 0.77752432 0.97959576 0.80146329 0.70977255 0.79080451
 1.01101488 0.70837841 0.78499318 0.94170662 0.77475947 0.85694018
 0.95814782 0.96178802 0.98819217 0.8815254  0.70411979 0.97959576
 0.91663167 0.94721681]","[0.8701     0.8554     0.78840476 0.8239     0.87634615 0.53694118
 0.7520625  1.06367442 0.777      0.96117    0.77852778 0.76576471
 0.83547561 1.281      0.65261538 0.84462    0.47618333 0.92239113
 0.7662     0.75673913 0.9723     0.8708     1.30347368 0.659
 0.53725    1.43535    0.89464865 0.7725     0.58668421 0.6083
 1.36856522 1.22136    0.64526316 0.81557609 0.696      0.56875
 0.60655    0.895125   1.33107692 0.69878261 0.126      0.4438
 0.66393293 0.5992     0.66325    0.55525    1.28490698 1.0885
 1.10931452 0.66376154 1.30347368 0.62328    0.98652273 0.84807692
 0.50878947 0.57361957]",112
30,0,GradientBoostingRegressor,-0.0388680327134745,0.0948057474940667,"[1.17945111 1.20012031 1.08361764 1.15028092 1.10142537 1.16064859
 1.14974311 1.09301555 1.15028092 1.05587988 1.25054815 1.17891331
 1.03139743 1.17803675 1.17295048 1.12386099 1.10142537 1.08361764
 1.0854783  1.1122563  1.00607621 1.1122563  1.08361764 1.14886655
 1.08842855 1.17891331 1.26066814 1.13900198 1.25054815 1.1991999
 1.10142537 1.16402707 1.27993342 1.1314784  1.10142537 1.16064859
 1.16402707 1.03139743 1.16064859 1.19319727 1.15061195 1.19319727
 1.26269247 1.14212571 1.16763008 1.16381581 1.17803675 1.14886655
 1.20853014 1.05463889 1.20012031 1.16064859 1.18151401 1.1314784
 1.07788212 1.2682866  1.08629194 1.07520781 1.20210284 1.21146198]","[1.1732     1.00996    1.0276875  0.796775   0.944125   0.99056
 0.772      1.20177273 0.87696    1.43025    1.52025641 1.15040476
 1.3769     1.34925    1.05233333 0.69405    0.70212683 0.937125
 1.5155     0.4935     1.78314835 0.94665789 1.08232353 0.76206667
 1.42437273 1.40761765 1.31530952 1.42416522 1.76975479 1.2125
 0.58296    0.9646875  0.938      1.421      0.41044828 0.896
 1.0626     1.38065455 0.87579167 0.78880952 0.9885     1.6106
 1.58095    0.95992105 1.30101176 1.13782927 0.85965517 0.66957692
 0.92065    0.99567391 0.98254545 1.01325    1.41425    0.94870476
 1.24725    1.21809677 0.81736486 1.38015    1.35227647 0.987     ]",112
31,0,GradientBoostingRegressor,0.23947513572598556,0.014078756926163182,"[ 0.0223114  -0.02616969  0.00386133  0.03124335  0.03124335 -0.02616969
 -0.02616969 -0.02572358 -0.02616969  0.02453322 -0.03840081  0.02621941
  0.03124335 -0.02224353 -0.07592379  0.02527671 -0.05052992 -0.02616969
 -0.03916281 -0.02616969  0.03124335 -0.01947998 -0.02616969 -0.00925682
 -0.02616969 -0.08578101 -0.02154713  0.02621941 -0.07651315 -0.02616969
  0.02621941 -0.07134807 -0.02616969  0.00386133  0.05176833 -0.08737973
 -0.0454702  -0.07300236 -0.02616969 -0.02616969 -0.02715514 -0.04267155
 -0.02110998 -0.07592379 -0.0785109   0.03124335 -0.02616969  0.02453322
  0.02527671 -0.02224353 -0.01947998 -0.05052992  0.0223114  -0.02616969
  0.02381504 -0.04851187 -0.02154713 -0.02715514 -0.02154713 -0.02224353]","[ 0.12845    -0.0343913   0.063       0.0842625   0.11230435 -0.00175
  0.0665     -0.11025    -0.24964     0.14745652 -0.21459524  0.056
  0.19962069  0.02066667 -0.22516667  0.03394737 -0.1041     -0.01241935
  0.09775    -0.02000431 -0.10719048  0.13142105  0.007      -0.0315
 -0.04725    -0.21845588 -0.039       0.146125   -0.1774     -0.084
 -0.0405     -0.1238125  -0.0336      0.10223684  0.0105     -0.15617241
 -0.1092     -0.23755897 -0.06623077  0.0448     -0.42605    -0.055
 -0.033      -0.17371774 -0.02261538  0.154875   -0.08511364  0.161875
  0.01740789  0.17590476 -0.05843478 -0.0355122   0.12456818 -0.00572727
  0.16365517 -0.0973     -0.10432258 -0.42605    -0.02481818  0.1575    ]",112
35,0,GradientBoostingRegressor,0.12919242061667058,0.036656171492732745,"[ 0.08783036 -0.18448563  0.04312699  0.04200511  0.04200511  0.1443911
  0.12093881  0.04286375  0.10551053  0.12887816  0.17967121  0.10628186
  0.11677931  0.10532337  0.03606207  0.12093881  0.05381071  0.39641136
  0.10551053  0.11677931  0.03399509  0.12093881  0.08394461  0.11471351
  0.12720656  0.03140781  0.15086308  0.04312699  0.10551053  0.03399509
  0.14868154  0.11677931  0.0654463   0.13757457  0.11691806  0.11552143
  0.16250184  0.03399509  0.03959145  0.10551053]","[ 0.0962027   0.0301     -0.19905263 -0.056      -0.0435      0.164
  0.083      -0.16578748  0.3885      0.05995455  0.35816667  0.20165385
 -0.09530612 -0.05542041 -0.03825926  0.00969231  0.22369565  0.38422222
  0.06636    -0.05844167  0.3185      0.06665217 -0.16913636 -0.10534884
 -0.09609615 -0.10487364  0.04940727 -0.07664706  0.16065     0.02321951
  0.91184211 -0.00679412 -0.06204545  0.14028    -0.09102778  0.31372727
  0.24313333  0.18103448 -0.03605     0.128625  ]",112
36,0,GradientBoostingRegressor,0.09606339762707439,0.49724163708332064,"[1.76092755 1.86399339 1.89469098 1.95443557 1.85287396 1.7113735
 1.82176594 1.65048495 1.84987175 1.9822323  1.79432394 1.82444823
 1.82823505 1.6250928  1.86399339 1.72642873 1.84312448 1.82110034
 1.8957091  1.76792363 1.92566805 1.87188941 1.79432394 1.87185554
 1.82774224 1.99418909 1.74961766 2.00019173 2.00948789 1.89651226
 1.93574675 1.87453198 2.37472969 2.37176376 1.78257047 1.91891556
 1.52853656 1.92951002 1.94611621 1.96703985 2.37472969 1.85892904
 1.86622458 1.7240286  2.01245381 1.83328645 1.93880618 1.83784881
 1.7986016  1.86934652 1.74615811 1.83365186 1.84356357 1.82226967]","[1.970625   1.28625    2.44798551 1.88285965 1.97984    1.44523077
 2.58383333 0.5662     2.86745    1.87533333 1.28247368 2.02037681
 1.24595172 0.79613889 2.13633333 2.14489    4.1291875  1.3454
 2.07633333 1.29590476 1.46596154 0.68288889 1.43535    2.02739583
 1.76675    2.18341667 1.87533333 1.41261207 1.79521379 1.5778
 2.09910606 2.02115152 2.7831875  2.65363333 2.09698148 0.90533333
 0.5662     1.41261207 1.0962     0.88795833 2.71093333 1.74982143
 2.61088506 2.60270833 2.36490476 1.4328381  4.16891667 2.9005
 1.88705072 1.15404545 2.50105    2.24133333 2.04304    1.98692308]",112
22,0,DecisionTreeRegressor,-0.4552714684479482,1.4081234623465886,"[ 1.09943557  1.84347368  1.465       3.95265625  1.92490323  4.10472727
  3.91        4.11447368 -0.1785      3.05947724  1.6295      0.96475
  1.23575     1.99552727  2.11431057  2.98542857  0.98065227  1.11147273
  3.95265625  0.71225     0.952175    1.18975     0.52879167  4.15631057
  0.64793557  0.75752727  2.06272727  3.71473914  0.75052727  0.81681057
  1.25689565  1.84347368  1.92044565  0.7308      0.93731057  0.75752727
  0.7308      0.57443557  0.88770938  0.93731057  1.82875     3.71473914
  0.64793557  0.7308      1.65102727  0.75052727  1.35931057  4.03752727
  1.06202727  3.05947724  3.723       1.11110323  3.71473914]","[1.75688    0.79468421 0.9065     1.98387273 1.58023333 2.31642105
 4.09236842 3.048      1.48154911 2.194      1.469      2.28764
 2.5005     2.87004167 4.102      2.83789394 1.2164375  0.902
 2.6848     1.83787879 0.77056    2.94529167 2.34178804 0.56466667
 0.55588235 2.53027273 0.80315    2.1099     1.27092529 2.23500526
 3.29379545 1.2075     0.53142105 0.7392     1.68560943 1.13705
 0.7336     1.49866667 1.96980702 1.65469048 2.80168182 2.32716667
 0.57325    0.938      3.26355882 1.28129825 0.7497     3.88991304
 1.87295833 4.08143333 2.3988     1.461      2.51733333]",112
23,0,DecisionTreeRegressor,-2.571586918201352,0.5591933464726068,"[2.7794     4.2097013  3.9986516  4.127      3.85808088 3.98933333
 3.98933333 1.915      3.889      3.0175     4.183      3.889
 3.89066667 1.5035     1.54511538 2.92221538 1.6575     3.889
 1.73016667 4.14625    3.66325    2.7068     3.791      1.73016667
 1.5035     4.015      4.0486     4.148      4.1767     3.98933333
 3.889      4.16935    4.194375   3.3465     4.0465     3.770375
 4.078      4.03       3.679      3.6328     3.889      3.66246667
 3.801875   4.0465     4.2097013  3.62125    4.148      3.961
 3.679      3.679      3.994      3.98933333 3.98933333 3.66325
 4.2097013  4.2097013  4.0465     3.994      4.2432766  4.03      ]","[4.04066667 2.88129545 4.10488    3.92245614 3.9716875  4.141
 4.1718     3.69086957 4.10577419 3.69086957 3.98402778 4.14503846
 3.90634783 3.9121     2.23468333 3.41920513 3.885      4.10696552
 3.973      4.0348     3.93566667 3.74009524 3.967      3.95786047
 2.24414035 4.12482353 3.63185    3.85896154 3.99       4.18909677
 4.141      3.92479167 4.03058065 3.882      4.0075     3.9905
 3.97656522 4.13166667 3.88989474 3.6947517  4.01666667 3.88585
 4.05109375 3.99723077 4.13111765 3.72742105 3.95470968 3.84791304
 4.078      4.03012    3.94880952 4.1965     4.132      3.7922
 4.10716667 4.14594118 3.95425    3.73515789 4.1753     2.80645455]",112
25,0,DecisionTreeRegressor,-1.3398095252805908,1.6671305106787748,"[2.33367013 0.45697724 1.21464391 3.95265625 0.89402727 3.20039394
 1.21464391 1.35075    1.21464391 1.27793557 1.26710937 1.35075
 1.6295     3.76758333 1.33831057 1.21464391 2.56552727 0.95177727
 2.57946667 0.89402727 1.33831057 0.292      2.484      2.55360938
 0.9135     4.169875   3.96690323 0.729      3.46623333 0.71138889
 1.72988889 1.95519946 1.01491057 1.071      1.16306061 2.40373333
 3.25197724 2.98542857 2.01733333 0.729      1.96876389 1.04183333
 3.25197724 1.85288889 3.96690323 1.02735938 1.33831057 1.12502727
 3.10891057 1.58175   ]","[2.50983333 1.23017391 1.000125   1.419      1.20293478 1.51783333
 0.94067647 3.9715     1.16905645 1.2845     1.16375    3.9715
 1.49890476 2.911      1.48273529 2.5255     3.08266667 1.31404
 1.536      3.3762549  2.32315625 1.270325   1.77356818 2.56972222
 2.522      3.06951802 3.2799     1.85277273 2.49637681 3.16187069
 2.24490952 2.05075269 2.65104839 2.56652    2.24946377 1.38725
 0.77816667 2.23533333 1.32525    2.3952381  4.00288462 2.18624638
 0.81035294 1.79948276 2.27262338 1.38504545 1.60428947 2.5625
 2.53706522 1.08325   ]",112
26,0,DecisionTreeRegressor,-1.3845641731211278,1.4424561132727822,"[1.91371057 1.07318557 4.15631057 1.4385     1.67475    1.9224
 2.46756061 3.95265625 3.28697724 1.38497724 1.074475   3.48316772
 1.61131057 1.07318557 1.07318557 3.8869     2.406882   1.61131057
 0.532      1.07318557 2.3636808  1.39452727 1.4084     2.99795278
 3.28697724 3.0505     4.11269565 3.056      1.26619394 1.66366667
 1.83773333 1.3944     4.17775    3.28697724 1.3944     1.46172727
 4.03752727 1.56511057 4.15631057 3.48316772]","[1.0815     2.18183333 2.11806667 3.04335897 1.98961333 2.35533333
 1.98511765 1.89292857 1.65576923 2.83156897 2.03865152 3.18866667
 1.76722308 2.24170168 3.0636     3.99480769 3.51740351 2.50642727
 2.85302632 2.09134    1.393875   1.26864706 2.22205217 4.2289375
 2.70921333 2.708      2.30544444 3.99041667 0.88656522 2.05292105
 4.11475    2.44401515 2.60556897 2.1022     2.10460753 2.50542105
 3.18041176 2.766125   3.0218     2.27739147]",112
29,0,DecisionTreeRegressor,-4.769283094564438,0.40699956913999336,"[ 0.402       0.42525     0.7987766   3.44001667  0.034125    0.74011538
  0.41066667  0.12366667  0.1883      1.07613333 -0.550475   -0.1365
  0.36446667  1.0885      0.405       0.8667013   1.000125    1.22833333
  0.52558333  0.291375    0.8718      0.29925     3.26466667  0.89629167
  0.97811538  1.127       0.450625    1.61233333  0.4957013   0.29925
  1.39533333  0.711375    0.797125    0.57124038  0.405       1.2066
  0.7442013   0.897       0.93937255  0.504       0.175       0.401625
  1.34586667  0.42525     0.57124038  1.1018766   0.5656      0.99633333
  1.05137255  0.89016667  1.35975     0.58146667 -0.29575     0.93937255
  0.74011538  1.0327    ]","[0.8701     0.8554     0.78840476 0.8239     0.87634615 0.53694118
 0.7520625  1.06367442 0.777      0.96117    0.77852778 0.76576471
 0.83547561 1.281      0.65261538 0.84462    0.47618333 0.92239113
 0.7662     0.75673913 0.9723     0.8708     1.30347368 0.659
 0.53725    1.43535    0.89464865 0.7725     0.58668421 0.6083
 1.36856522 1.22136    0.64526316 0.81557609 0.696      0.56875
 0.60655    0.895125   1.33107692 0.69878261 0.126      0.4438
 0.66393293 0.5992     0.66325    0.55525    1.28490698 1.0885
 1.10931452 0.66376154 1.30347368 0.62328    0.98652273 0.84807692
 0.50878947 0.57361957]",112
30,0,DecisionTreeRegressor,-1.4980747428022974,0.22797105679421728,"[1.30220588 1.491      0.60666667 0.716625   1.16581818 1.1327013
 0.189      0.191625   0.50420588 0.9135     1.14566667 1.26298701
 0.35381818 1.617875   0.54075    0.31605    0.954625   0.86129167
 1.029      0.75761538 0.84       1.0709016  1.18506818 1.14152406
 1.281      1.26298701 0.81958333 1.22383333 1.14566667 1.26298701
 0.9975     1.341375   1.7458     0.5495     0.86129167 1.10761538
 1.274      0.35381818 0.74       1.68084802 1.6471     1.64727273
 1.677      0.19696429 0.812175   0.812175   1.174775   0.50420588
 1.645      0.3724     1.491      1.367625   1.109      0.9107766
 1.302      1.60813333 0.996975   1.010625   1.14566667 1.64727273]","[1.1732     1.00996    1.0276875  0.796775   0.944125   0.99056
 0.772      1.20177273 0.87696    1.43025    1.52025641 1.15040476
 1.3769     1.34925    1.05233333 0.69405    0.70212683 0.937125
 1.5155     0.4935     1.78314835 0.94665789 1.08232353 0.76206667
 1.42437273 1.40761765 1.31530952 1.42416522 1.76975479 1.2125
 0.58296    0.9646875  0.938      1.421      0.41044828 0.896
 1.0626     1.38065455 0.87579167 0.78880952 0.9885     1.6106
 1.58095    0.95992105 1.30101176 1.13782927 0.85965517 0.66957692
 0.92065    0.99567391 0.98254545 1.01325    1.41425    0.94870476
 1.24725    1.21809677 0.81736486 1.38015    1.35227647 0.987     ]",112
31,0,DecisionTreeRegressor,-4.424781969703079,0.10042299774352285,"[ 2.22027273e-01 -2.78250000e-02  5.84000000e-02  1.11193939e-01
  2.22027273e-01 -6.46470588e-01  1.28399845e-02 -8.00572917e-02
 -2.76894273e-02  6.03272727e-02  6.68070175e-02  8.55272727e-02
  3.43109375e-01  6.81060606e-02 -1.99700000e+00  2.71939394e-02
 -1.94705882e-02  8.31057269e-03  1.52727273e-03 -2.76894273e-02
  1.11193939e-01  1.52727273e-03  1.28399845e-02  1.45833333e-01
  5.51750000e-02 -2.15343750e-01  1.57500000e-02  8.55272727e-02
  2.40416667e-01  1.28399845e-02  8.55272727e-02 -1.04197059e+00
 -2.78250000e-02  1.04400000e-01 -1.98333333e-02 -5.81000000e-01
 -2.28666667e-01  5.83206522e-02 -1.26894273e-02  7.13105727e-02
 -8.40000000e-03 -2.62500000e-01 -3.68666667e-01  2.40416667e-01
  1.10250000e-02  2.17000000e-01 -2.76894273e-02 -6.09000000e-02
  2.71939394e-02  1.30666667e-01  1.52727273e-03 -1.94705882e-02
  2.67527273e-01  1.28399845e-02 -1.89000000e-01 -1.60766667e-01
 -3.36894273e-02 -1.11300000e-01 -3.36894273e-02  7.71093750e-02]","[ 0.12845    -0.0343913   0.063       0.0842625   0.11230435 -0.00175
  0.0665     -0.11025    -0.24964     0.14745652 -0.21459524  0.056
  0.19962069  0.02066667 -0.22516667  0.03394737 -0.1041     -0.01241935
  0.09775    -0.02000431 -0.10719048  0.13142105  0.007      -0.0315
 -0.04725    -0.21845588 -0.039       0.146125   -0.1774     -0.084
 -0.0405     -0.1238125  -0.0336      0.10223684  0.0105     -0.15617241
 -0.1092     -0.23755897 -0.06623077  0.0448     -0.42605    -0.055
 -0.033      -0.17371774 -0.02261538  0.154875   -0.08511364  0.161875
  0.01740789  0.17590476 -0.05843478 -0.0355122   0.12456818 -0.00572727
  0.16365517 -0.0973     -0.10432258 -0.42605    -0.02481818  0.1575    ]",112
35,0,DecisionTreeRegressor,-2.6463147246169925,0.153489635398775,"[ 1.22643906e-01  9.93105727e-02  3.63105727e-02  1.19175000e-01
 -4.88250000e-02  2.66500000e-01  9.86522727e-02 -7.29166667e-02
  1.52727273e-03  4.08028986e-01  5.58727273e-01  3.36000000e-01
  2.02695652e-01  3.67875000e-01 -1.02637500e+00  1.47525000e-01
  2.79375000e-01  5.47527273e-01  9.86522727e-02  4.08028986e-01
 -2.93144273e-02  1.09666667e-01  5.04750000e-01  1.29150000e-01
 -1.59216667e+00 -2.48266667e-01  1.48375000e-01 -2.93144273e-02
  1.18125000e-01  6.78105727e-02  8.40000000e-02  2.62236559e-01
  1.05656250e-01 -2.88750000e-01  2.32527273e-01  6.35250000e-01
  2.35527273e-01 -1.31689427e-01 -2.93144273e-02  5.61093750e-02]","[ 0.0962027   0.0301     -0.19905263 -0.056      -0.0435      0.164
  0.083      -0.16578748  0.3885      0.05995455  0.35816667  0.20165385
 -0.09530612 -0.05542041 -0.03825926  0.00969231  0.22369565  0.38422222
  0.06636    -0.05844167  0.3185      0.06665217 -0.16913636 -0.10534884
 -0.09609615 -0.10487364  0.04940727 -0.07664706  0.16065     0.02321951
  0.91184211 -0.00679412 -0.06204545  0.14028    -0.09102778  0.31372727
  0.24313333  0.18103448 -0.03605     0.128625  ]",112
36,0,DecisionTreeRegressor,-0.45189536773470906,0.7986653351915645,"[1.2705     3.022      2.05375    2.41251429 1.79051838 0.559125
 1.59928571 1.75783333 2.58906429 1.70261538 1.44433333 1.41003333
 1.199975   2.1125     2.92166667 2.38071429 4.03       1.3146
 3.83412857 1.06633333 1.68861538 1.42770833 1.97457143 0.9828
 1.2        1.56937778 0.96341538 1.70947908 3.01425974 1.63557143
 2.02666667 1.96133333 3.91853463 3.62933333 2.04091667 1.7885
 0.8115     1.70947908 1.79051838 1.70947908 3.91853463 1.22266667
 1.22266667 1.43721429 1.70947908 1.1368     2.72471429 1.14275
 3.69109524 2.85932967 2.08296429 3.85180357 2.92166667 1.7364125 ]","[1.970625   1.28625    2.44798551 1.88285965 1.97984    1.44523077
 2.58383333 0.5662     2.86745    1.87533333 1.28247368 2.02037681
 1.24595172 0.79613889 2.13633333 2.14489    4.1291875  1.3454
 2.07633333 1.29590476 1.46596154 0.68288889 1.43535    2.02739583
 1.76675    2.18341667 1.87533333 1.41261207 1.79521379 1.5778
 2.09910606 2.02115152 2.7831875  2.65363333 2.09698148 0.90533333
 0.5662     1.41261207 1.0962     0.88795833 2.71093333 1.74982143
 2.61088506 2.60270833 2.36490476 1.4328381  4.16891667 2.9005
 1.88705072 1.15404545 2.50105    2.24133333 2.04304    1.98692308]",112
22,0,SVR,-0.8729855100227799,1.812304369652116,"[0.99777621 0.99777487 0.9979649  0.99790097 0.99762874 0.99755261
 0.99843679 0.9980348  0.99786222 0.99834429 0.99733317 0.99753093
 0.99724623 0.99757133 0.99786295 0.99752594 0.99743035 0.99751286
 0.99804463 0.99770219 0.99787473 0.99779386 0.99793655 0.9979805
 0.99793935 0.99793024 0.99730466 0.99813734 0.9978534  0.99812641
 0.99788238 0.99767097 0.99787299 0.99770207 0.99800919 0.99794354
 0.99798159 0.99783686 0.99770474 0.99807559 0.99764739 0.99805105
 0.99800309 0.99815649 0.99775306 0.99741759 0.99831083 0.99763487
 0.99777897 0.99798286 0.99815129 0.99776804 0.99799346]","[1.75688    0.79468421 0.9065     1.98387273 1.58023333 2.31642105
 4.09236842 3.048      1.48154911 2.194      1.469      2.28764
 2.5005     2.87004167 4.102      2.83789394 1.2164375  0.902
 2.6848     1.83787879 0.77056    2.94529167 2.34178804 0.56466667
 0.55588235 2.53027273 0.80315    2.1099     1.27092529 2.23500526
 3.29379545 1.2075     0.53142105 0.7392     1.68560943 1.13705
 0.7336     1.49866667 1.96980702 1.65469048 2.80168182 2.32716667
 0.57325    0.938      3.26355882 1.28129825 0.7497     3.88991304
 1.87295833 4.08143333 2.3988     1.461      2.51733333]",112
23,0,SVR,-0.14849038280811322,0.17981591803945218,"[4.02471583 4.02500205 4.02505096 4.02507302 4.0251634  4.02475127
 4.02475384 4.02483265 4.02473384 4.02485973 4.02477579 4.02469856
 4.0251639  4.02515897 4.02492913 4.02482076 4.02503675 4.02470517
 4.02503158 4.02511092 4.02470948 4.02514724 4.02474937 4.02516684
 4.02474902 4.02486263 4.02481106 4.02476026 4.02481279 4.02504866
 4.02472673 4.02500225 4.02505819 4.02485136 4.0247245  4.02510021
 4.02508933 4.02484968 4.02501785 4.02471448 4.02469435 4.02489095
 4.02497113 4.02464477 4.02504766 4.02484026 4.02511208 4.02471105
 4.02492795 4.02502562 4.02490114 4.02478879 4.02474888 4.02506224
 4.02494143 4.02535146 4.0250426  4.02481996 4.02495915 4.02492451]","[4.04066667 2.88129545 4.10488    3.92245614 3.9716875  4.141
 4.1718     3.69086957 4.10577419 3.69086957 3.98402778 4.14503846
 3.90634783 3.9121     2.23468333 3.41920513 3.885      4.10696552
 3.973      4.0348     3.93566667 3.74009524 3.967      3.95786047
 2.24414035 4.12482353 3.63185    3.85896154 3.99       4.18909677
 4.141      3.92479167 4.03058065 3.882      4.0075     3.9905
 3.97656522 4.13166667 3.88989474 3.6947517  4.01666667 3.88585
 4.05109375 3.99723077 4.13111765 3.72742105 3.95470968 3.84791304
 4.078      4.03012    3.94880952 4.1965     4.132      3.7922
 4.10716667 4.14594118 3.95425    3.73515789 4.1753     2.80645455]",112
25,0,SVR,-0.543585788084783,1.0998155770212472,"[1.44856452 1.44916058 1.44900759 1.44896209 1.44858623 1.44860021
 1.44893081 1.44871585 1.44918538 1.44912852 1.44863865 1.44867489
 1.44881641 1.44888252 1.44910999 1.44903305 1.44868783 1.448687
 1.44896861 1.44850434 1.44924819 1.44871958 1.44866541 1.4488614
 1.44859634 1.44870532 1.44863302 1.44931886 1.44883808 1.44865586
 1.44865417 1.4488234  1.44903304 1.44867664 1.44858061 1.44863987
 1.44919501 1.44886346 1.44843517 1.44929548 1.44872301 1.44898175
 1.44917262 1.44892848 1.4486812  1.44887771 1.44915593 1.4488331
 1.44916341 1.44876082]","[2.50983333 1.23017391 1.000125   1.419      1.20293478 1.51783333
 0.94067647 3.9715     1.16905645 1.2845     1.16375    3.9715
 1.49890476 2.911      1.48273529 2.5255     3.08266667 1.31404
 1.536      3.3762549  2.32315625 1.270325   1.77356818 2.56972222
 2.522      3.06951802 3.2799     1.85277273 2.49637681 3.16187069
 2.24490952 2.05075269 2.65104839 2.56652    2.24946377 1.38725
 0.77816667 2.23533333 1.32525    2.3952381  4.00288462 2.18624638
 0.81035294 1.79948276 2.27262338 1.38504545 1.60428947 2.5625
 2.53706522 1.08325   ]",112
26,0,SVR,-0.5010599379519656,0.9080120838407355,"[1.93217671 1.9317872  1.93211182 1.93117275 1.93195416 1.93217822
 1.9309542  1.93126957 1.93182656 1.93116774 1.93113816 1.93236495
 1.93157493 1.9316757  1.93180647 1.93139744 1.93155354 1.93157866
 1.93167819 1.93179649 1.93203094 1.93169373 1.93215703 1.93144944
 1.93140803 1.93156358 1.93182615 1.93143622 1.93120951 1.93129609
 1.93215572 1.9311257  1.93188605 1.93167338 1.93104744 1.93167169
 1.93108828 1.93162777 1.9318969  1.93240305]","[1.0815     2.18183333 2.11806667 3.04335897 1.98961333 2.35533333
 1.98511765 1.89292857 1.65576923 2.83156897 2.03865152 3.18866667
 1.76722308 2.24170168 3.0636     3.99480769 3.51740351 2.50642727
 2.85302632 2.09134    1.393875   1.26864706 2.22205217 4.2289375
 2.70921333 2.708      2.30544444 3.99041667 0.88656522 2.05292105
 4.11475    2.44401515 2.60556897 2.1022     2.10460753 2.50542105
 3.18041176 2.766125   3.0218     2.27739147]",112
29,0,SVR,-0.05436697950804059,0.07438132248693309,"[0.8818779  0.8819065  0.88192414 0.88154167 0.88193967 0.88186129
 0.88146728 0.88201796 0.88173596 0.88208086 0.88199157 0.88196178
 0.8814917  0.88181343 0.88182787 0.88223324 0.88209419 0.88189461
 0.88179299 0.88201317 0.88190378 0.88187935 0.88184197 0.88203336
 0.88206617 0.88199391 0.88184828 0.88194455 0.88208093 0.88177961
 0.88206291 0.88204935 0.88190395 0.88215341 0.88197759 0.88204009
 0.88220381 0.8819565  0.88215471 0.88168127 0.88153598 0.8816139
 0.88215842 0.88153991 0.88212644 0.88211853 0.88191529 0.88189665
 0.88183903 0.88187874 0.88183568 0.88181262 0.8816834  0.88203344
 0.88187708 0.88214488]","[0.8701     0.8554     0.78840476 0.8239     0.87634615 0.53694118
 0.7520625  1.06367442 0.777      0.96117    0.77852778 0.76576471
 0.83547561 1.281      0.65261538 0.84462    0.47618333 0.92239113
 0.7662     0.75673913 0.9723     0.8708     1.30347368 0.659
 0.53725    1.43535    0.89464865 0.7725     0.58668421 0.6083
 1.36856522 1.22136    0.64526316 0.81557609 0.696      0.56875
 0.60655    0.895125   1.33107692 0.69878261 0.126      0.4438
 0.66393293 0.5992     0.66325    0.55525    1.28490698 1.0885
 1.10931452 0.66376154 1.30347368 0.62328    0.98652273 0.84807692
 0.50878947 0.57361957]",112
30,0,SVR,-0.08613947402952915,0.09911967783744702,"[1.1862925  1.18567838 1.18565679 1.18609197 1.18614303 1.18630011
 1.18626497 1.18606473 1.18572415 1.18563945 1.18577414 1.18586845
 1.1860135  1.1859504  1.18607977 1.18621121 1.18587965 1.18564564
 1.18605144 1.18606276 1.1856104  1.18568792 1.18610372 1.18619087
 1.18562026 1.18606245 1.18578632 1.18560722 1.18561512 1.18635785
 1.18620223 1.18621583 1.1860714  1.18612688 1.1856936  1.18578097
 1.18613574 1.18562805 1.18599143 1.18632912 1.18560919 1.18621238
 1.18562621 1.18605613 1.18609908 1.18561504 1.18574399 1.18590722
 1.18581412 1.1858206  1.18605785 1.18596023 1.18621577 1.1862353
 1.18583687 1.18609491 1.18585942 1.18582614 1.18559281 1.18601227]","[1.1732     1.00996    1.0276875  0.796775   0.944125   0.99056
 0.772      1.20177273 0.87696    1.43025    1.52025641 1.15040476
 1.3769     1.34925    1.05233333 0.69405    0.70212683 0.937125
 1.5155     0.4935     1.78314835 0.94665789 1.08232353 0.76206667
 1.42437273 1.40761765 1.31530952 1.42416522 1.76975479 1.2125
 0.58296    0.9646875  0.938      1.421      0.41044828 0.896
 1.0626     1.38065455 0.87579167 0.78880952 0.9885     1.6106
 1.58095    0.95992105 1.30101176 1.13782927 0.85965517 0.66957692
 0.92065    0.99567391 0.98254545 1.01325    1.41425    0.94870476
 1.24725    1.21809677 0.81736486 1.38015    1.35227647 0.987     ]",112
31,0,SVR,-0.4258994544181671,0.026396101906629,"[0.06204056 0.06279253 0.06193756 0.06207708 0.06243482 0.06249007
 0.06274641 0.0623197  0.06286711 0.06252857 0.06260093 0.0624929
 0.06214471 0.06222637 0.06252447 0.06256553 0.06270872 0.06295751
 0.06256788 0.06238553 0.06200206 0.06220025 0.06240205 0.0625718
 0.06289033 0.06232982 0.06231033 0.06248297 0.06222295 0.06281991
 0.06208994 0.06269621 0.06252916 0.06236117 0.06236507 0.06217481
 0.06272266 0.06256315 0.0625254  0.06254535 0.06158488 0.06218735
 0.06287434 0.06222511 0.06211978 0.06203863 0.06289469 0.06247201
 0.06218043 0.06218551 0.06260108 0.06237078 0.06241446 0.06230271
 0.0629998  0.06210008 0.06260943 0.0619848  0.06260751 0.06218626]","[ 0.12845    -0.0343913   0.063       0.0842625   0.11230435 -0.00175
  0.0665     -0.11025    -0.24964     0.14745652 -0.21459524  0.056
  0.19962069  0.02066667 -0.22516667  0.03394737 -0.1041     -0.01241935
  0.09775    -0.02000431 -0.10719048  0.13142105  0.007      -0.0315
 -0.04725    -0.21845588 -0.039       0.146125   -0.1774     -0.084
 -0.0405     -0.1238125  -0.0336      0.10223684  0.0105     -0.15617241
 -0.1092     -0.23755897 -0.06623077  0.0448     -0.42605    -0.055
 -0.033      -0.17371774 -0.02261538  0.154875   -0.08511364  0.161875
  0.01740789  0.17590476 -0.05843478 -0.0355122   0.12456818 -0.00572727
  0.16365517 -0.0973     -0.10432258 -0.42605    -0.02481818  0.1575    ]",112
35,0,SVR,-0.23853007714506758,0.05213525006165816,"[0.17912882 0.17865927 0.17905133 0.17886414 0.17889252 0.17875585
 0.17856835 0.17865792 0.17851552 0.17855293 0.17838506 0.17859105
 0.17874601 0.17849733 0.17860403 0.17883388 0.17883725 0.17865041
 0.17855961 0.17853712 0.17888052 0.17866838 0.17866748 0.17858614
 0.17855046 0.178574   0.17874012 0.17898807 0.17840465 0.1789536
 0.17855228 0.17847159 0.17870626 0.17867369 0.17879962 0.1788379
 0.17845935 0.17900287 0.17881995 0.1788074 ]","[ 0.0962027   0.0301     -0.19905263 -0.056      -0.0435      0.164
  0.083      -0.16578748  0.3885      0.05995455  0.35816667  0.20165385
 -0.09530612 -0.05542041 -0.03825926  0.00969231  0.22369565  0.38422222
  0.06636    -0.05844167  0.3185      0.06665217 -0.16913636 -0.10534884
 -0.09609615 -0.10487364  0.04940727 -0.07664706  0.16065     0.02321951
  0.91184211 -0.00679412 -0.06204545  0.14028    -0.09102778  0.31372727
  0.24313333  0.18103448 -0.03605     0.128625  ]",112
36,0,SVR,-0.25648823891251715,0.6911748758183838,"[1.52205879 1.52226139 1.52220857 1.52235293 1.52213134 1.52197664
 1.52220908 1.52206169 1.5218787  1.52207091 1.5218536  1.52234628
 1.52180229 1.5220062  1.52228718 1.52177981 1.52238162 1.52225549
 1.5219488  1.5218238  1.52228535 1.52239063 1.52210962 1.52251561
 1.52237263 1.52213314 1.52233779 1.52230416 1.52234439 1.52214999
 1.52176531 1.52217584 1.52260715 1.52212402 1.52175074 1.52243379
 1.52224165 1.52229794 1.52192637 1.52247509 1.52219307 1.52223817
 1.52204407 1.52168418 1.52256981 1.52198281 1.52231811 1.52167692
 1.52236366 1.52242479 1.52219394 1.5220758  1.5217654  1.52179857]","[1.970625   1.28625    2.44798551 1.88285965 1.97984    1.44523077
 2.58383333 0.5662     2.86745    1.87533333 1.28247368 2.02037681
 1.24595172 0.79613889 2.13633333 2.14489    4.1291875  1.3454
 2.07633333 1.29590476 1.46596154 0.68288889 1.43535    2.02739583
 1.76675    2.18341667 1.87533333 1.41261207 1.79521379 1.5778
 2.09910606 2.02115152 2.7831875  2.65363333 2.09698148 0.90533333
 0.5662     1.41261207 1.0962     0.88795833 2.71093333 1.74982143
 2.61088506 2.60270833 2.36490476 1.4328381  4.16891667 2.9005
 1.88705072 1.15404545 2.50105    2.24133333 2.04304    1.98692308]",112
22,0,NearestNeighbors,-0.07397882331515171,1.0391839680512076,"[0.98       1.26053333 1.03766667 2.8038     1.23253333 1.3854
 1.98093333 1.79893333 1.58       2.2836     2.07246667 1.8174
 2.36786667 1.37866667 1.559      1.914      1.76086667 1.65166667
 1.81713333 1.9476     1.21433333 1.75553333 1.461      1.53966667
 1.482      1.5324     2.09306667 2.0722     1.20313333 1.69366667
 1.88126667 1.19753333 1.4946     0.819      1.6374     1.51673333
 1.33193333 1.20986667 2.1632     1.461      1.22133333 1.51533333
 1.57886667 1.5814     1.06426667 1.2888     1.5884     1.85493333
 1.27033333 1.14293333 1.70206667 1.90953333 2.2402    ]","[1.75688    0.79468421 0.9065     1.98387273 1.58023333 2.31642105
 4.09236842 3.048      1.48154911 2.194      1.469      2.28764
 2.5005     2.87004167 4.102      2.83789394 1.2164375  0.902
 2.6848     1.83787879 0.77056    2.94529167 2.34178804 0.56466667
 0.55588235 2.53027273 0.80315    2.1099     1.27092529 2.23500526
 3.29379545 1.2075     0.53142105 0.7392     1.68560943 1.13705
 0.7336     1.49866667 1.96980702 1.65469048 2.80168182 2.32716667
 0.57325    0.938      3.26355882 1.28129825 0.7497     3.88991304
 1.87295833 4.08143333 2.3988     1.461      2.51733333]",112
23,0,NearestNeighbors,-0.4443215790356856,0.22613337870839184,"[3.9002     4.00086667 3.47786667 4.0948     3.77773333 3.833
 3.77113333 3.9534     3.7966     4.0136     3.987      3.868
 3.23133333 3.89993333 3.74566667 3.66586667 3.2036     3.78513333
 3.08573333 4.1522     3.882      3.994      3.9604     3.48193333
 3.68573333 3.87753333 4.0654     3.8834     3.56646667 3.9688
 3.8372     3.24866667 3.28453333 3.9842     3.805      3.71053333
 3.9996     3.4892     3.931      4.0024     3.79773333 3.67873333
 3.57066667 3.889      3.90246667 4.0948     4.113      3.8428
 3.76973333 3.903      4.09033333 3.66026667 3.76973333 3.9772
 4.1424     4.1242     3.29293333 3.9296     4.092      3.73166667]","[4.04066667 2.88129545 4.10488    3.92245614 3.9716875  4.141
 4.1718     3.69086957 4.10577419 3.69086957 3.98402778 4.14503846
 3.90634783 3.9121     2.23468333 3.41920513 3.885      4.10696552
 3.973      4.0348     3.93566667 3.74009524 3.967      3.95786047
 2.24414035 4.12482353 3.63185    3.85896154 3.99       4.18909677
 4.141      3.92479167 4.03058065 3.882      4.0075     3.9905
 3.97656522 4.13166667 3.88989474 3.6947517  4.01666667 3.88585
 4.05109375 3.99723077 4.13111765 3.72742105 3.95470968 3.84791304
 4.078      4.03012    3.94880952 4.1965     4.132      3.7922
 4.10716667 4.14594118 3.95425    3.73515789 4.1753     2.80645455]",112
25,0,NearestNeighbors,-0.23571304399053328,0.8804541121069732,"[1.77293333 1.99606667 1.72953333 2.01986667 1.60393333 2.84693333
 1.4116     2.12373333 1.72953333 2.05766667 1.64706667 1.43553333
 2.4446     2.42806667 1.7228     1.73793333 2.08146667 1.7928
 1.14293333 1.8114     2.0224     1.4414     1.42853333 1.6066
 1.48173333 2.3326     1.22833333 1.89846667 2.01593333 1.16673333
 1.40026667 2.63526667 2.26666667 1.79906667 1.49433333 1.40053333
 2.07613333 1.93446667 1.69773333 1.8954     2.37626667 2.0256
 2.09153333 1.629      1.3686     2.20073333 1.50133333 1.81126667
 1.8992     1.90366667]","[2.50983333 1.23017391 1.000125   1.419      1.20293478 1.51783333
 0.94067647 3.9715     1.16905645 1.2845     1.16375    3.9715
 1.49890476 2.911      1.48273529 2.5255     3.08266667 1.31404
 1.536      3.3762549  2.32315625 1.270325   1.77356818 2.56972222
 2.522      3.06951802 3.2799     1.85277273 2.49637681 3.16187069
 2.24490952 2.05075269 2.65104839 2.56652    2.24946377 1.38725
 0.77816667 2.23533333 1.32525    2.3952381  4.00288462 2.18624638
 0.81035294 1.79948276 2.27262338 1.38504545 1.60428947 2.5625
 2.53706522 1.08325   ]",112
26,0,NearestNeighbors,-0.08459861617427888,0.65608882410577,"[2.55913333 2.28053333 2.45806667 1.75666667 2.33346667 2.57453333
 2.279      2.71786667 2.5832     2.75593333 2.64086667 2.9528
 1.69146667 2.1036     2.31133333 2.77806667 2.5804     2.20466667
 2.5832     2.27213333 2.69633333 2.50033333 2.43173333 2.063
 2.45553333 2.48826667 2.29733333 2.49666667 1.90506667 2.46673333
 2.31106667 2.04086667 2.29133333 2.4894     2.17833333 2.71226667
 2.62573333 2.32673333 2.09533333 2.8632    ]","[1.0815     2.18183333 2.11806667 3.04335897 1.98961333 2.35533333
 1.98511765 1.89292857 1.65576923 2.83156897 2.03865152 3.18866667
 1.76722308 2.24170168 3.0636     3.99480769 3.51740351 2.50642727
 2.85302632 2.09134    1.393875   1.26864706 2.22205217 4.2289375
 2.70921333 2.708      2.30544444 3.99041667 0.88656522 2.05292105
 4.11475    2.44401515 2.60556897 2.1022     2.10460753 2.50542105
 3.18041176 2.766125   3.0218     2.27739147]",112
29,0,NearestNeighbors,-0.15695113379512682,0.0816182193268145,"[0.6286     0.6468     0.71373333 0.6902     0.65633333 0.96766667
 0.5978     0.8148     0.7154     1.1886     1.0276     1.0514
 0.5544     1.11046667 0.8512     0.8708     1.1032     0.7224
 0.6734     1.0598     0.7308     0.6286     1.17486667 0.861
 0.9996     0.9604     1.36526667 1.078      0.903      0.7434
 0.8792     0.9296     1.1088     0.6832     0.7224     0.9114
 0.8974     0.8344     0.92106667 0.7434     0.4368     0.6468
 0.8666     0.5768     0.8638     0.8568     0.9184     0.8806
 1.04886667 1.16786667 1.12726667 0.8498     0.5908     1.0458
 0.88786667 0.8848    ]","[0.8701     0.8554     0.78840476 0.8239     0.87634615 0.53694118
 0.7520625  1.06367442 0.777      0.96117    0.77852778 0.76576471
 0.83547561 1.281      0.65261538 0.84462    0.47618333 0.92239113
 0.7662     0.75673913 0.9723     0.8708     1.30347368 0.659
 0.53725    1.43535    0.89464865 0.7725     0.58668421 0.6083
 1.36856522 1.22136    0.64526316 0.81557609 0.696      0.56875
 0.60655    0.895125   1.33107692 0.69878261 0.126      0.4438
 0.66393293 0.5992     0.66325    0.55525    1.28490698 1.0885
 1.10931452 0.66376154 1.30347368 0.62328    0.98652273 0.84807692
 0.50878947 0.57361957]",112
30,0,NearestNeighbors,-0.298147866018744,0.11846728835642062,"[1.155      0.84953333 0.987      1.09606667 1.0612     0.9576
 1.1928     0.96586667 1.0346     1.0262     0.8918     0.945
 1.41426667 0.98433333 1.05       1.1326     0.7938     1.0304
 0.8974     1.21546667 1.015      1.0276     1.0934     0.9604
 1.0178     1.71146667 0.9086     1.0024     1.0906     1.19266667
 0.9114     1.169      1.2222     1.27706667 0.70253333 1.0024
 1.18286667 0.8806     1.4676     1.1578     0.9716     1.253
 1.2502     1.66946667 0.9982     1.1424     0.67313333 1.0094
 0.7126     0.9926     1.1172     1.1396     1.0976     1.2474
 0.8722     1.2726     0.9576     1.0066     0.945      1.58266667]","[1.1732     1.00996    1.0276875  0.796775   0.944125   0.99056
 0.772      1.20177273 0.87696    1.43025    1.52025641 1.15040476
 1.3769     1.34925    1.05233333 0.69405    0.70212683 0.937125
 1.5155     0.4935     1.78314835 0.94665789 1.08232353 0.76206667
 1.42437273 1.40761765 1.31530952 1.42416522 1.76975479 1.2125
 0.58296    0.9646875  0.938      1.421      0.41044828 0.896
 1.0626     1.38065455 0.87579167 0.78880952 0.9885     1.6106
 1.58095    0.95992105 1.30101176 1.13782927 0.85965517 0.66957692
 0.92065    0.99567391 0.98254545 1.01325    1.41425    0.94870476
 1.24725    1.21809677 0.81736486 1.38015    1.35227647 0.987     ]",112
31,0,NearestNeighbors,-0.42432765901831604,0.026367004994204857,"[ 0.0336      0.0602     -0.0014      0.0756     -0.0154      0.007
 -0.035      -0.0098      0.0518      0.0728      0.084      -0.0812
  0.0938     -0.119      -0.0406      0.0322      0.0336      0.021
  0.0966      0.0322      0.1246      0.0896     -0.0728     -0.1862
  0.0252     -0.25746667  0.11913333 -0.07966667 -0.21726667 -0.091
 -0.105      -0.1134     -0.0392     -0.0252      0.014      -0.46213333
 -0.0224     -0.014       0.0574     -0.049      -0.0882     -0.1064
  0.1064      0.0224     -0.3248      0.09786667  0.0588     -0.04326667
 -0.1862      0.07       -0.00826667 -0.007      -0.16506667 -0.44673333
 -0.1064      0.0266     -0.0938     -0.119      -0.0266      0.0308    ]","[ 0.12845    -0.0343913   0.063       0.0842625   0.11230435 -0.00175
  0.0665     -0.11025    -0.24964     0.14745652 -0.21459524  0.056
  0.19962069  0.02066667 -0.22516667  0.03394737 -0.1041     -0.01241935
  0.09775    -0.02000431 -0.10719048  0.13142105  0.007      -0.0315
 -0.04725    -0.21845588 -0.039       0.146125   -0.1774     -0.084
 -0.0405     -0.1238125  -0.0336      0.10223684  0.0105     -0.15617241
 -0.1092     -0.23755897 -0.06623077  0.0448     -0.42605    -0.055
 -0.033      -0.17371774 -0.02261538  0.154875   -0.08511364  0.161875
  0.01740789  0.17590476 -0.05843478 -0.0355122   0.12456818 -0.00572727
  0.16365517 -0.0973     -0.10432258 -0.42605    -0.02481818  0.1575    ]",112
35,0,NearestNeighbors,-0.27039411924062784,0.053476549585410184,"[ 0.2394     -0.084       0.19446667  0.0728      0.028       0.2394
 -0.08006667  0.1848     -0.0266     -0.02266667  0.28546667  0.0574
  0.0126     -0.049      -0.14726667  0.1414      0.105      -0.0308
  0.0308     -0.12766667  0.3192      0.0924      0.2254     -0.00866667
 -0.11366667 -0.22566667  0.1624      0.042       0.168       0.2156
 -0.0532     -0.13186667  0.1246      0.1246      0.0126      0.1274
  0.0336      0.0434     -0.0434      0.1484    ]","[ 0.0962027   0.0301     -0.19905263 -0.056      -0.0435      0.164
  0.083      -0.16578748  0.3885      0.05995455  0.35816667  0.20165385
 -0.09530612 -0.05542041 -0.03825926  0.00969231  0.22369565  0.38422222
  0.06636    -0.05844167  0.3185      0.06665217 -0.16913636 -0.10534884
 -0.09609615 -0.10487364  0.04940727 -0.07664706  0.16065     0.02321951
  0.91184211 -0.00679412 -0.06204545  0.14028    -0.09102778  0.31372727
  0.24313333  0.18103448 -0.03605     0.128625  ]",112
36,0,NearestNeighbors,-0.03422468862344075,0.568911111612389,"[1.6766     1.8376     2.16013333 2.25113333 1.44673333 1.46493333
 2.0364     1.54026667 1.42406667 1.52766667 1.58673333 2.68146667
 2.03806667 1.78606667 2.00866667 1.80373333 2.75146667 1.41313333
 1.73513333 1.48006667 2.15846667 2.4138     1.818      2.76826667
 1.68053333 2.091      2.26513333 2.2062     2.01706667 1.63713333
 1.43273333 2.049      2.45273333 1.53746667 1.98206667 1.9314
 1.9006     2.195      1.40586667 2.41493333 2.168      1.86
 1.61333333 1.94986667 2.44013333 1.8502     2.2888     2.292
 2.30853333 2.35193333 1.36413333 1.56433333 2.2878     1.65813333]","[1.970625   1.28625    2.44798551 1.88285965 1.97984    1.44523077
 2.58383333 0.5662     2.86745    1.87533333 1.28247368 2.02037681
 1.24595172 0.79613889 2.13633333 2.14489    4.1291875  1.3454
 2.07633333 1.29590476 1.46596154 0.68288889 1.43535    2.02739583
 1.76675    2.18341667 1.87533333 1.41261207 1.79521379 1.5778
 2.09910606 2.02115152 2.7831875  2.65363333 2.09698148 0.90533333
 0.5662     1.41261207 1.0962     0.88795833 2.71093333 1.74982143
 2.61088506 2.60270833 2.36490476 1.4328381  4.16891667 2.9005
 1.88705072 1.15404545 2.50105    2.24133333 2.04304    1.98692308]",112
22,0,MLPRegressor,0.25864343370612086,0.7173380345843384,"[1.67927385 1.14204612 1.56083569 2.37325574 1.92379028 1.41510281
 2.46105967 2.016982   2.00392524 1.99111961 2.01297127 1.99485122
 2.10368122 1.55612943 1.95890285 2.16261878 1.60686862 1.51424668
 2.01362024 1.90796872 1.22040393 2.26532901 1.64353703 2.10909723
 1.40624823 1.8394927  1.68810755 2.25506788 1.44796239 1.99843271
 2.07842946 1.35254321 1.72477964 1.37280618 1.8509596  1.84300702
 1.35511746 1.73914615 2.10493106 1.61901863 1.55103314 2.00843036
 1.36974117 1.58021622 1.99396922 1.42258026 1.63119693 2.00214538
 1.67093568 1.95245    1.93506398 2.12277536 2.07806564]","[1.75688    0.79468421 0.9065     1.98387273 1.58023333 2.31642105
 4.09236842 3.048      1.48154911 2.194      1.469      2.28764
 2.5005     2.87004167 4.102      2.83789394 1.2164375  0.902
 2.6848     1.83787879 0.77056    2.94529167 2.34178804 0.56466667
 0.55588235 2.53027273 0.80315    2.1099     1.27092529 2.23500526
 3.29379545 1.2075     0.53142105 0.7392     1.68560943 1.13705
 0.7336     1.49866667 1.96980702 1.65469048 2.80168182 2.32716667
 0.57325    0.938      3.26355882 1.28129825 0.7497     3.88991304
 1.87295833 4.08143333 2.3988     1.461      2.51733333]",112
23,0,MLPRegressor,-0.7245389966986413,0.2700062338597855,"[4.23999143 3.74402054 3.47144519 3.80943532 3.79233305 3.43995603
 3.19208513 4.51950799 3.60836711 4.48029444 4.23023376 3.93123102
 3.28304565 3.56086523 3.28664634 3.42056931 3.5184425  3.93801034
 3.47162944 3.64330286 3.91215354 4.09179325 4.33922373 3.71125818
 3.45403538 4.04581974 4.08912185 3.68434447 3.35869473 3.62944194
 3.68518973 3.89990257 3.26001273 4.40182738 3.49714829 3.60908136
 4.27064078 3.03381363 4.3885498  3.99290035 4.10193151 3.60495134
 3.77952569 4.25634384 3.72717559 3.73077805 3.85314781 4.51437431
 4.18767645 4.33636492 3.82308962 3.15472383 3.30963262 3.70020446
 4.2391349  4.39044958 3.10616641 3.76240077 4.03445592 3.31942496]","[4.04066667 2.88129545 4.10488    3.92245614 3.9716875  4.141
 4.1718     3.69086957 4.10577419 3.69086957 3.98402778 4.14503846
 3.90634783 3.9121     2.23468333 3.41920513 3.885      4.10696552
 3.973      4.0348     3.93566667 3.74009524 3.967      3.95786047
 2.24414035 4.12482353 3.63185    3.85896154 3.99       4.18909677
 4.141      3.92479167 4.03058065 3.882      4.0075     3.9905
 3.97656522 4.13166667 3.88989474 3.6947517  4.01666667 3.88585
 4.05109375 3.99723077 4.13111765 3.72742105 3.95470968 3.84791304
 4.078      4.03012    3.94880952 4.1965     4.132      3.7922
 4.10716667 4.14594118 3.95425    3.73515789 4.1753     2.80645455]",112
25,0,MLPRegressor,0.1037415420636083,0.6385903658121425,"[2.17498772 1.13529352 1.55752368 2.26757296 1.93496734 2.69962418
 1.58110828 2.25316648 1.9427451  1.85789784 2.00345181 1.656042
 2.29942997 2.17146385 1.2113664  1.54229455 2.36965788 1.67208817
 1.31938554 1.97161561 1.66908024 1.72470614 1.69344082 1.87698775
 1.88170312 2.66879367 1.95910212 1.68324309 2.06687032 2.03781375
 1.94593477 2.40789111 2.1829107  1.56327731 2.03943584 1.71336602
 1.80547225 2.46723835 2.28349739 1.79256249 2.53638754 2.3787667
 1.83685182 1.6806339  1.91509367 1.99288824 1.23725712 2.01102089
 1.98698024 1.54545294]","[2.50983333 1.23017391 1.000125   1.419      1.20293478 1.51783333
 0.94067647 3.9715     1.16905645 1.2845     1.16375    3.9715
 1.49890476 2.911      1.48273529 2.5255     3.08266667 1.31404
 1.536      3.3762549  2.32315625 1.270325   1.77356818 2.56972222
 2.522      3.06951802 3.2799     1.85277273 2.49637681 3.16187069
 2.24490952 2.05075269 2.65104839 2.56652    2.24946377 1.38725
 0.77816667 2.23533333 1.32525    2.3952381  4.00288462 2.18624638
 0.81035294 1.79948276 2.27262338 1.38504545 1.60428947 2.5625
 2.53706522 1.08325   ]",112
26,0,MLPRegressor,-0.05868843087729636,0.6404153917867964,"[2.73903774 2.08741886 2.27364064 1.73793577 2.38885092 2.37966479
 1.85356023 2.70258961 2.36432165 2.396171   2.16076109 2.59420998
 2.09770582 2.19572993 2.42574621 2.57496279 2.09668998 2.4063447
 1.94231139 1.97958843 1.84463398 2.13457977 2.9588992  1.80879627
 2.58917646 2.68896003 2.38840981 2.62821045 1.91336313 2.08571325
 2.84019757 1.83713783 2.75323696 2.47877888 2.17852322 1.87911755
 2.42108757 2.33986167 2.54530799 2.37520097]","[1.0815     2.18183333 2.11806667 3.04335897 1.98961333 2.35533333
 1.98511765 1.89292857 1.65576923 2.83156897 2.03865152 3.18866667
 1.76722308 2.24170168 3.0636     3.99480769 3.51740351 2.50642727
 2.85302632 2.09134    1.393875   1.26864706 2.22205217 4.2289375
 2.70921333 2.708      2.30544444 3.99041667 0.88656522 2.05292105
 4.11475    2.44401515 2.60556897 2.1022     2.10460753 2.50542105
 3.18041176 2.766125   3.0218     2.27739147]",112
29,0,MLPRegressor,-0.08531365320353035,0.07656448504871603,"[0.62978225 0.6563107  0.90114507 0.78679666 1.13232235 0.78074229
 0.4492091  0.88894625 0.76327907 1.14340818 1.0832597  0.95469977
 0.51096715 1.01844493 0.66746485 0.8296729  1.04122337 0.69543169
 0.70919209 1.16755872 0.75400678 0.62336451 1.14775574 0.83353386
 0.71326233 1.13898936 1.07555907 1.05693836 0.75217924 0.67867481
 0.99966845 0.92095906 1.10657774 0.77243392 0.62851944 1.24760087
 0.79047315 0.61546789 1.01003816 0.73563462 0.33056642 0.49319661
 1.10851879 0.49943658 0.74417622 1.03727057 0.90650761 0.7836139
 0.93785418 1.01166228 1.11458644 0.85986501 0.72823468 0.9940201
 0.79304765 1.17397362]","[0.8701     0.8554     0.78840476 0.8239     0.87634615 0.53694118
 0.7520625  1.06367442 0.777      0.96117    0.77852778 0.76576471
 0.83547561 1.281      0.65261538 0.84462    0.47618333 0.92239113
 0.7662     0.75673913 0.9723     0.8708     1.30347368 0.659
 0.53725    1.43535    0.89464865 0.7725     0.58668421 0.6083
 1.36856522 1.22136    0.64526316 0.81557609 0.696      0.56875
 0.60655    0.895125   1.33107692 0.69878261 0.126      0.4438
 0.66393293 0.5992     0.66325    0.55525    1.28490698 1.0885
 1.10931452 0.66376154 1.30347368 0.62328    0.98652273 0.84807692
 0.50878947 0.57361957]",112
30,0,MLPRegressor,-0.40245626394213896,0.1279863372862508,"[1.15037076 0.97911612 0.81314102 1.12845821 0.95345971 1.13171666
 1.26439365 1.19222819 0.81036642 1.02495323 1.02707876 1.04771508
 0.94500811 1.27640849 1.25436174 1.04880634 1.21799053 0.83165603
 1.28575227 0.95394537 0.87303188 0.90046334 0.96754468 1.00606049
 1.06763392 1.35739006 1.03604108 0.85596864 0.79378368 1.38443452
 1.06214488 1.31224986 1.01016634 1.02226902 0.80770768 0.81300627
 1.36681119 0.71239075 1.24545197 1.42737049 1.15802289 1.38616795
 1.15277    1.22369293 1.25678466 0.94307443 1.02315468 1.15409147
 1.04930504 1.38738333 1.2466093  1.10375111 1.40944871 1.21934676
 1.1968899  1.0011737  1.17900405 1.26619424 0.77674221 1.51447246]","[1.1732     1.00996    1.0276875  0.796775   0.944125   0.99056
 0.772      1.20177273 0.87696    1.43025    1.52025641 1.15040476
 1.3769     1.34925    1.05233333 0.69405    0.70212683 0.937125
 1.5155     0.4935     1.78314835 0.94665789 1.08232353 0.76206667
 1.42437273 1.40761765 1.31530952 1.42416522 1.76975479 1.2125
 0.58296    0.9646875  0.938      1.421      0.41044828 0.896
 1.0626     1.38065455 0.87579167 0.78880952 0.9885     1.6106
 1.58095    0.95992105 1.30101176 1.13782927 0.85965517 0.66957692
 0.92065    0.99567391 0.98254545 1.01325    1.41425    0.94870476
 1.24725    1.21809677 0.81736486 1.38015    1.35227647 0.987     ]",112
31,0,MLPRegressor,-0.14728168844349754,0.02123835889685582,"[-0.08051257 -0.0110231  -0.03101743 -0.0381585   0.0672883  -0.07494719
  0.02677609 -0.06245614  0.01796146  0.07472393  0.02743335  0.08045017
  0.00879931 -0.064926   -0.05149144  0.03662581 -0.04193583 -0.01153732
  0.0397767  -0.1302412  -0.01246842 -0.06609357 -0.13883366  0.05003706
 -0.01161501 -0.15709404 -0.10298376 -0.04448752 -0.06534764  0.02914387
 -0.07034858  0.00984089 -0.07254454  0.01220371  0.00701749 -0.14702242
  0.02576814  0.0130564  -0.04303383 -0.11852587 -0.07553889 -0.01659364
  0.0422216  -0.084576   -0.1264216  -0.03479569 -0.00164835 -0.05354795
 -0.04705927 -0.04746833 -0.03235757 -0.06690891 -0.06398396 -0.12758666
 -0.00483291 -0.0178609   0.04148139  0.08130606 -0.0002221   0.00235419]","[ 0.12845    -0.0343913   0.063       0.0842625   0.11230435 -0.00175
  0.0665     -0.11025    -0.24964     0.14745652 -0.21459524  0.056
  0.19962069  0.02066667 -0.22516667  0.03394737 -0.1041     -0.01241935
  0.09775    -0.02000431 -0.10719048  0.13142105  0.007      -0.0315
 -0.04725    -0.21845588 -0.039       0.146125   -0.1774     -0.084
 -0.0405     -0.1238125  -0.0336      0.10223684  0.0105     -0.15617241
 -0.1092     -0.23755897 -0.06623077  0.0448     -0.42605    -0.055
 -0.033      -0.17371774 -0.02261538  0.154875   -0.08511364  0.161875
  0.01740789  0.17590476 -0.05843478 -0.0355122   0.12456818 -0.00572727
  0.16365517 -0.0973     -0.10432258 -0.42605    -0.02481818  0.1575    ]",112
35,0,MLPRegressor,0.06664433043650031,0.0392890993340486,"[ 1.35559508e-01  4.94141765e-02  1.27188675e-01  1.10321062e-01
  7.24302449e-02  2.02133155e-03  1.86994179e-02  1.49921587e-01
  2.17184624e-01 -2.26860495e-02  2.00679261e-01  2.09855185e-02
  6.19391286e-02  8.20423495e-02 -1.18600512e-02  4.01391251e-02
 -6.83143238e-02  1.33412651e-01  1.36867373e-01 -1.44181322e-03
 -1.18491632e-02  1.37096939e-01  1.49362664e-01 -2.55068617e-03
 -1.42153050e-05  5.75096776e-02  1.48141851e-01 -2.52067840e-02
  3.46395525e-02  1.01533990e-01  1.66392661e-01  1.86333909e-02
 -6.06872236e-02  4.87250380e-02  6.53012562e-02  9.80220228e-02
  1.45017843e-01 -4.44813143e-02 -2.41390304e-02  6.25092972e-02]","[ 0.0962027   0.0301     -0.19905263 -0.056      -0.0435      0.164
  0.083      -0.16578748  0.3885      0.05995455  0.35816667  0.20165385
 -0.09530612 -0.05542041 -0.03825926  0.00969231  0.22369565  0.38422222
  0.06636    -0.05844167  0.3185      0.06665217 -0.16913636 -0.10534884
 -0.09609615 -0.10487364  0.04940727 -0.07664706  0.16065     0.02321951
  0.91184211 -0.00679412 -0.06204545  0.14028    -0.09102778  0.31372727
  0.24313333  0.18103448 -0.03605     0.128625  ]",112
36,0,MLPRegressor,-0.26445539252365413,0.6955574846142843,"[2.02712298 1.77593043 1.75445964 1.97490659 1.80416776 1.83866366
 1.69852139 2.35942239 1.976939   1.83040103 1.43493716 1.86614207
 1.69051983 1.67293698 1.93962022 1.95078842 1.75236275 2.11206184
 1.79855836 1.84270313 2.01972582 2.055568   1.60954946 2.2983219
 2.48267084 2.29034563 1.96042904 2.23342325 1.91589177 2.10204115
 1.40834334 2.13255391 2.7272374  1.88413645 1.56765158 2.62741374
 2.33886186 2.20521499 1.89726502 2.26565473 2.28038915 1.79097273
 1.54068554 1.80694097 2.47881165 1.67314111 1.99822066 1.68623505
 2.1315537  2.0290584  2.11886935 1.70340631 1.59765532 1.80599402]","[1.970625   1.28625    2.44798551 1.88285965 1.97984    1.44523077
 2.58383333 0.5662     2.86745    1.87533333 1.28247368 2.02037681
 1.24595172 0.79613889 2.13633333 2.14489    4.1291875  1.3454
 2.07633333 1.29590476 1.46596154 0.68288889 1.43535    2.02739583
 1.76675    2.18341667 1.87533333 1.41261207 1.79521379 1.5778
 2.09910606 2.02115152 2.7831875  2.65363333 2.09698148 0.90533333
 0.5662     1.41261207 1.0962     0.88795833 2.71093333 1.74982143
 2.61088506 2.60270833 2.36490476 1.4328381  4.16891667 2.9005
 1.88705072 1.15404545 2.50105    2.24133333 2.04304    1.98692308]",112
22,0,CausalForestDML,0.38856946436844597,0.35436116315752475,"[1.61072795 1.46771096 1.37954077 1.33089761 1.98960201 1.54045852
 1.74379513 1.16595646 1.99316079 2.20427172 1.1256826  1.98055024
 2.37552327 1.96288667 1.25028774 1.9550659  1.33748605 2.03684427
 1.11831051 1.4055449  1.34139562 1.91112734 1.27721979 2.2434053
 1.04370841 1.75114021 1.23537037 1.68754108 1.09820298 1.97677694
 1.89654608 1.45247706 1.33297068 1.17440509 2.01887489 2.02413285
 1.93449758 1.28662512 2.15354001 1.22330762 2.02045441 2.17158639
 1.53482097 1.95411807 2.00430653 2.22556927 1.79693146 0.94979808
 1.133619   1.98348998 1.98358151 1.67406072 1.24303943]","[0.819      0.81104545 1.2075     1.65469048 2.08013333 1.87295833
 2.80168182 0.835375   2.23500526 2.13706211 1.14429    2.36879545
 2.93973118 2.13205    2.55859091 2.9244058  1.30316667 2.126625
 0.94325    0.74215    1.79953091 2.3488     1.76768468 2.1099
 0.6105     2.72124074 1.40634211 0.56552941 0.55588235 2.51733333
 0.713125   1.66941379 1.75882759 1.00877206 3.11626667 2.66116154
 1.469      1.67356    2.19349807 0.826875   2.5136     2.3526875
 0.77       1.85922989 2.39425    1.74985965 0.9296     0.77056
 0.57325    0.868      2.10697674 0.56298333 0.7392    ]",113
23,0,CausalForestDML,0.0565833034147436,0.2101364825784179,"[3.85195776 3.87836501 3.77778776 4.05237825 3.75633348 3.93695137
 3.7824914  3.79069708 3.87506982 3.96777586 3.70844124 3.76365437
 3.91167701 3.5119181  3.78343654 3.92877999 3.80091994 3.9019823
 4.00736557 3.87921139 3.7978456  4.0451325  4.03373371 3.82696931
 3.76216091 3.47241989 3.64588377 3.91153947 3.79776968 4.04236937
 3.78398285 3.8751842  3.79785527 3.82240631 3.8103044  3.7169368
 3.77931016 3.82436582 3.37845094 3.87865438 3.76711921 3.8939014
 3.74209441 3.85109595 3.79812264 3.87490688 3.51695517 3.93382261
 3.55612422 3.87121263 3.772915   3.76426241 3.90161834 3.78055162
 3.46342952 3.76042228 3.76012973 3.76049189 3.77542286 3.85200767]","[3.973      4.10270588 3.39166667 3.76880952 4.10572    3.77079699
 4.08472    2.24414035 2.43612281 4.12482353 3.90634783 4.143
 3.74009524 3.78820635 3.99       3.50409375 3.938      3.85896154
 3.961625   3.94481579 4.057      4.154125   4.1753     4.02486111
 3.78590988 4.17154545 3.9715     3.99775    3.90558974 4.05036842
 4.04241667 4.17444444 3.90406897 2.24414035 4.04335    3.33701449
 3.81006061 4.03058065 2.23468333 3.9758     4.010625   3.885
 4.11066667 3.90872222 4.02274286 3.70561111 4.08446154 4.13909091
 4.16868182 4.1065     4.03552273 4.067      3.924875   4.036
 2.78558333 4.13235294 3.68939153 4.06194118 4.02769565 3.7124    ]",113
25,0,CausalForestDML,0.3128085408192851,0.45227169755692087,"[2.32686918 2.05196055 2.07562031 2.05390318 1.85654889 1.97403896
 1.78334699 2.09005486 2.16763009 1.89517168 1.53439103 2.24395727
 1.87268309 2.16366237 2.10127598 2.06633098 2.01374227 1.63738401
 2.24489799 2.30397104 2.30834451 1.34966877 2.57513261 2.80564532
 1.78273082 2.24551252 2.56874116 2.52899365 1.71261022 2.7583068
 1.75148164 1.8308404  1.56345387 1.60871197 2.27433749 1.96142808
 2.57447156 1.73259859 1.48913008 2.31149375 2.0463226  1.74309665
 2.80687066 2.01809612 1.77953046 1.79913467 1.76152194 2.32202253
 2.33773945 1.90708881]","[2.09586111 2.0811     1.27316    1.19317391 2.34226471 2.47122727
 0.47916129 2.522      2.9272     1.536      2.34592157 2.82871053
 1.15373333 1.4455     1.99633333 1.06785    1.2222     1.33957895
 2.33957471 1.32525    2.21801333 0.85225    3.06951802 2.36314545
 1.16586207 2.30948333 2.51237333 3.04514706 0.518      2.911
 2.56972222 2.0905     1.2165     0.17544444 1.99498718 2.21072
 2.4975     1.1375     0.5845     4.14594118 1.91575    1.51742105
 2.2585     1.30261765 1.00719231 1.23017391 1.53685    2.36731818
 3.13134848 1.20293478]",113
26,0,CausalForestDML,0.16289329100740235,0.3225450729979413,"[2.27768705 2.03400478 2.20007679 2.15652637 2.05837976 2.02696831
 2.48823604 2.02422559 2.30776439 2.51402905 2.35761309 2.28743534
 2.20995017 2.24243371 2.25601617 2.79803077 2.11544443 2.10693309
 2.49167436 2.11818658 2.55620109 2.44268268 2.59049549 2.65442066
 2.17042885 2.45834452 2.59113792 1.95643615 2.080706   2.33111616
 2.43396501 2.4080015  1.98011021 2.03783018 2.4244237  2.13379591
 2.45790061 1.94984705 2.339177   2.41499611]","[2.24170168 2.17665333 2.02421875 3.04335897 2.44401515 2.80915217
 2.12212308 2.50542105 2.47515385 1.867      2.35595833 2.18855645
 2.05712    0.88656522 0.76628947 3.99041667 1.98511765 1.81468966
 2.72571053 1.83407895 3.18866667 2.17986316 2.750375   2.60972727
 2.43383333 3.19562121 2.22205217 1.36635484 2.13575862 1.5365
 1.57823077 1.78185    1.98511765 2.40733333 2.77283333 1.87113043
 2.766125   1.4714     3.0636     1.95558974]",113
29,0,CausalForestDML,-0.05657491603007703,0.07620709956047352,"[0.67617216 0.57074782 0.61753128 0.92762765 0.60505774 0.71984605
 1.03862373 0.88436899 0.59000826 1.01322524 1.23112285 0.70172995
 0.56292922 0.62731221 0.72506259 0.65218459 0.93667823 0.94731121
 0.64960901 0.61789438 0.91810903 1.05454192 0.75413105 0.60116921
 0.82803043 0.59737549 0.63337007 0.84872557 0.96997549 0.62829527
 1.15526491 0.56169447 0.63457239 0.94961272 0.69386318 0.81180179
 0.96530166 1.00254816 0.76753339 0.94167674 0.57343967 0.89711947
 0.88589415 0.65815432 0.93494352 1.21379462 0.71310843 0.81121277
 0.67120236 1.02837697 0.76142702 0.92962302 0.56389194 0.73282762
 0.79237034 0.5788564 ]","[0.5505     0.620625   0.92239113 1.20103846 0.8034     0.34758621
 0.77852778 0.77896    0.7662     0.47618333 1.17154545 0.67405435
 0.6083     0.83547561 0.60231818 1.09872    1.22616667 0.72740769
 0.91726923 0.93625    0.62921    0.8043     1.37783333 1.07431579
 0.74025    1.16424    0.7520625  0.76576471 0.56875    0.69026
 1.26588    0.68342105 0.5085     1.38241667 0.81557609 1.204
 0.99715    0.89464865 0.60655    1.21990909 0.92149167 0.90586
 1.0695     0.36272222 0.66373548 1.38075    0.73808824 1.16168182
 0.5143     1.18704444 0.60612097 1.20142105 0.8708     1.10216129
 1.24180606 0.895125  ]",113
30,0,CausalForestDML,0.06337649562793246,0.10666803582775146,"[1.06431191 1.06748994 1.09874496 1.09085799 1.15084634 1.02046939
 1.00752174 1.15303599 1.05240801 1.19636965 1.02155583 1.08137217
 1.10674521 1.0419095  1.06685633 1.0891975  1.06968523 1.04124034
 0.99292958 1.07097619 0.99747724 1.03445316 1.00617856 1.02793938
 1.05464328 0.98696375 1.00666046 1.02932348 1.28435577 1.07861865
 1.10141924 1.03831148 1.00408805 1.02932382 1.03536665 1.05863206
 1.05059641 1.04412911 1.01643438 1.04299855 1.05325814 0.93261399
 1.04848968 1.10003767 1.01496624 0.99296915 1.06129812 1.07456462
 1.05593444 1.03559471 1.06555392 0.9715336  1.01019155 1.14668027
 0.98337517 1.19089121 1.09824878 1.04791846 1.12247527 1.00000183]","[1.5155     0.788      1.46543478 0.919625   0.99935294 1.58355
 1.47097674 1.43904    1.25244    1.40761765 1.32175    0.921
 1.2215     0.77942308 1.76975479 1.57808571 1.2698     0.796775
 0.41044828 1.43006818 0.9835     0.937125   1.06174359 0.98980952
 1.2306     1.10641176 1.1571875  1.22037097 2.41098039 1.37186538
 0.59808    1.31690476 0.98977273 1.09175294 1.06097727 1.25872174
 0.5131875  0.938      1.05233333 0.93877778 1.0185     0.70212683
 1.09807895 1.3481     0.94870476 1.127      1.35227647 1.28075
 1.07139375 1.2033     0.931      0.98829231 1.31530952 0.88425926
 1.17432    0.78880952 1.652      1.0417931  0.77492857 0.31419444]",113
31,0,CausalForestDML,0.438841878580276,0.006584915499730238,"[-0.0026887   0.04896832  0.00731173 -0.0048096  -0.00732906 -0.01259466
  0.01162647 -0.04538199 -0.02794475 -0.10213476 -0.07762222  0.04406824
 -0.0604177  -0.11567495 -0.09471527  0.03558028 -0.03343765  0.03187864
 -0.00477769 -0.01975299 -0.06945502  0.02391671 -0.04673674 -0.04948691
 -0.02519104 -0.02547849  0.00550606 -0.07012817 -0.10065879 -0.08359806
 -0.10162563 -0.02425332 -0.0375731  -0.03711804 -0.08157826  0.01524634
  0.02391755 -0.05076041 -0.11932336 -0.05206125 -0.03523087 -0.05229545
  0.02357888 -0.09141336 -0.04757661 -0.04313855 -0.02485532  0.01889213
  0.00154435 -0.05045394 -0.01420365 -0.02669621 -0.04015835 -0.00687796
  0.04435692 -0.10845319  0.0041725  -0.07085575  0.0473741  -0.10837234]","[ 0.09775     0.16861765  0.03014118  0.01210588 -0.1359      0.0168
 -0.01676316  0.06172222  0.04076471 -0.21845588 -0.111       0.15188108
 -0.1148     -0.23473    -0.1774      0.081375   -0.063       0.0842625
  0.0105     -0.12571622 -0.23061111 -0.01241935  0.112      -0.0435
 -0.05573077 -0.18184091  0.024      -0.20904545 -0.27085606 -0.05090909
 -0.08733333 -0.08113636 -0.12438462 -0.02081739 -0.04165    -0.07161957
  0.11630769 -0.0336     -0.22516667 -0.04384615 -0.01441176 -0.1041
 -0.00331579 -0.23204167 -0.00572727 -0.03836538 -0.02481818  0.11326
  0.00248684 -0.0728     -0.1727069  -0.07575    -0.039       0.02223529
  0.15283333 -0.15277857 -0.035      -0.14368421  0.02331    -0.233625  ]",113
35,0,CausalForestDML,0.07616591414735985,0.032432822576560515,"[ 0.04502857  0.14624895  0.11746666  0.10974108  0.07469609  0.00247178
  0.06015681  0.01930458  0.03768725 -0.0061363   0.14797071  0.07166491
  0.17204027  0.03465766  0.18851006  0.10791203  0.08937582  0.08772589
 -0.02757232  0.10936337  0.18598185  0.1523536   0.09716849  0.11509643
  0.00590408 -0.05989286  0.08233206  0.02042252  0.14415024  0.13400387
 -0.03516868  0.0166785   0.05587628  0.03693426  0.08938945  0.11160688
  0.07605413 -0.002324    0.13180029  0.12467163]","[ 0.05983871  0.21488108  0.31372727  0.0962027   0.18774    -0.03206518
 -0.15764286 -0.12095    -0.0676734  -0.056       0.17131579  0.083
  0.00247059 -0.04009091  0.18991304  0.16548    -0.0755     -0.12609524
 -0.0615      0.05995455 -0.24619048 -0.08166667  0.04454545  0.13125
  0.039375    0.23690625 -0.3053     -0.09102778  0.13201364  0.14365
 -0.09530612 -0.05542041  0.09613235 -0.00679412  0.20165385  0.23503846
  0.165375   -0.13143791  0.82483333  0.17325   ]",113
36,0,CausalForestDML,0.07075722726412681,0.5544288412764897,"[1.71466452 1.63076394 1.91874564 1.67494903 1.6865733  1.88470328
 1.61684817 1.64472212 1.59857125 1.71261011 2.25695497 1.69975648
 2.21566752 1.73759342 1.64476391 1.78675064 1.84357785 2.13559677
 1.65218662 1.82047753 1.81949974 1.64549603 1.66301908 1.85847655
 1.69978105 1.73742557 2.29159242 2.26808597 1.66279724 1.65874651
 2.16272183 2.01170505 1.78512093 1.9037161  2.15532692 2.0022381
 2.24367951 2.20253754 1.66313988 1.68158948 1.70475515 1.66874694
 1.78906755 1.70961992 1.63947048 1.64310448 1.90785688 1.7586948
 1.44938427 1.73065935 1.48910565 1.58515567 1.70221152 1.64195161]","[1.17854167 1.970625   0.88795833 2.04304    2.02037681 2.31220833
 1.19618182 1.88705072 1.28247368 0.7805     2.69061765 1.52536364
 2.36490476 2.16681818 1.77173684 2.306      1.8165     1.79521379
 0.82171552 1.86844737 2.02739583 3.9863     1.58713333 2.98715
 2.815125   4.1291875  1.69805263 2.7831875  1.5778     1.21961538
 1.90624194 1.41261207 1.1435     1.41261207 2.36490476 4.13756
 1.649      2.65175439 1.4568125  1.14208889 1.7458     1.5253
 1.30742105 1.06008    1.19031818 2.59833333 0.93177778 1.09476316
 1.12159091 2.2895     1.20126087 1.30956667 2.18108718 2.05901515]",113
22,0,RandomForestRegressor,0.12281045190693773,0.5083846658898196,"[1.38191359 1.77868926 1.98970379 1.03305241 2.42424764 2.15108827
 2.83175725 1.04436835 1.27224907 2.20399011 0.86860842 1.57213401
 3.47954187 2.59949203 1.1981926  2.47536211 2.07498316 1.65856957
 1.03379679 1.45225096 1.18335082 2.38605406 1.17159223 2.95542311
 0.87150447 1.53177216 0.80966157 1.9763358  0.86500579 2.48352507
 1.58338602 2.22997944 1.26686483 1.25856562 2.72480065 2.18078232
 1.27384183 1.09749887 2.27954521 0.89556051 1.67291058 3.03304906
 2.79666798 2.33357607 2.4965822  2.3284487  2.06493097 0.76562769
 1.04209567 2.66306183 2.06174028 1.26684844 1.30999827]","[0.819      0.81104545 1.2075     1.65469048 2.08013333 1.87295833
 2.80168182 0.835375   2.23500526 2.13706211 1.14429    2.36879545
 2.93973118 2.13205    2.55859091 2.9244058  1.30316667 2.126625
 0.94325    0.74215    1.79953091 2.3488     1.76768468 2.1099
 0.6105     2.72124074 1.40634211 0.56552941 0.55588235 2.51733333
 0.713125   1.66941379 1.75882759 1.00877206 3.11626667 2.66116154
 1.469      1.67356    2.19349807 0.826875   2.5136     2.3526875
 0.77       1.85922989 2.39425    1.74985965 0.9296     0.77056
 0.57325    0.868      2.10697674 0.56298333 0.7392    ]",113
23,0,RandomForestRegressor,-0.12004260687377877,0.2494781093002926,"[3.86574781 4.19273797 4.0548581  4.21577593 3.70487547 4.09426557
 3.74859797 3.83678748 4.1068327  4.10175879 3.33825572 3.7805938
 3.98656702 3.4973463  3.99754366 4.081414   3.77292237 3.91146339
 4.03862012 4.03792877 3.755865   4.17609843 3.98232107 3.56387
 3.75858063 3.06607803 3.32591854 4.03273041 3.62533182 4.12484864
 3.79848533 4.04628468 3.84681042 3.87748367 3.6604622  3.54898556
 3.870191   3.96818257 2.6302691  4.11288582 3.47055767 4.06707271
 3.5290508  3.93395762 3.68777567 3.84983734 3.14788509 4.18632734
 4.10895389 3.9385408  3.82647508 3.69389905 3.75674621 3.630492
 2.32962985 3.92314462 3.763355   3.78715724 3.88943158 3.65726964]","[3.973      4.10270588 3.39166667 3.76880952 4.10572    3.77079699
 4.08472    2.24414035 2.43612281 4.12482353 3.90634783 4.143
 3.74009524 3.78820635 3.99       3.50409375 3.938      3.85896154
 3.961625   3.94481579 4.057      4.154125   4.1753     4.02486111
 3.78590988 4.17154545 3.9715     3.99775    3.90558974 4.05036842
 4.04241667 4.17444444 3.90406897 2.24414035 4.04335    3.33701449
 3.81006061 4.03058065 2.23468333 3.9758     4.010625   3.885
 4.11066667 3.90872222 4.02274286 3.70561111 4.08446154 4.13909091
 4.16868182 4.1065     4.03552273 4.067      3.924875   4.036
 2.78558333 4.13235294 3.68939153 4.06194118 4.02769565 3.7124    ]",113
25,0,RandomForestRegressor,0.0029656850062047546,0.6561932575564238,"[2.79074395 1.64652435 1.82007409 1.95208916 3.09578941 1.23288576
 1.92969056 1.23403498 1.8143958  1.73579313 1.16926927 1.91697467
 1.09379252 2.74695192 2.2650898  1.68344953 1.19790953 1.83101215
 2.45309471 1.56483842 2.97097887 1.07154779 2.28238392 3.74250931
 1.82476033 3.35773755 1.87826155 3.25586493 2.08846728 4.07379265
 2.00767502 1.74233829 1.27450399 0.56539879 1.69603438 1.29943779
 3.31858041 1.39502751 1.22322991 2.6251554  2.43744483 1.10523778
 3.68555378 1.70752499 1.35098583 1.7303171  2.38403538 2.90761634
 1.90113566 1.23467589]","[2.09586111 2.0811     1.27316    1.19317391 2.34226471 2.47122727
 0.47916129 2.522      2.9272     1.536      2.34592157 2.82871053
 1.15373333 1.4455     1.99633333 1.06785    1.2222     1.33957895
 2.33957471 1.32525    2.21801333 0.85225    3.06951802 2.36314545
 1.16586207 2.30948333 2.51237333 3.04514706 0.518      2.911
 2.56972222 2.0905     1.2165     0.17544444 1.99498718 2.21072
 2.4975     1.1375     0.5845     4.14594118 1.91575    1.51742105
 2.2585     1.30261765 1.00719231 1.23017391 1.53685    2.36731818
 3.13134848 1.20293478]",113
26,0,RandomForestRegressor,-0.051916725703079925,0.40531338888439794,"[1.99022769 1.54561868 1.91090526 2.06975574 1.42129913 1.81947192
 2.41209606 1.78239206 2.59757507 2.79740666 1.90340618 2.46021041
 2.09760448 1.92575208 2.31939952 3.48982581 1.94671494 2.23815449
 3.3441894  2.28611506 3.44086405 1.75071307 2.985232   2.96553075
 1.74970309 2.44002038 2.53633234 1.39917889 1.39532689 1.8333839
 2.4822727  3.06089421 1.80495281 1.35223535 2.85583577 2.03626533
 2.85736623 1.81389233 2.67482737 2.56575871]","[2.24170168 2.17665333 2.02421875 3.04335897 2.44401515 2.80915217
 2.12212308 2.50542105 2.47515385 1.867      2.35595833 2.18855645
 2.05712    0.88656522 0.76628947 3.99041667 1.98511765 1.81468966
 2.72571053 1.83407895 3.18866667 2.17986316 2.750375   2.60972727
 2.43383333 3.19562121 2.22205217 1.36635484 2.13575862 1.5365
 1.57823077 1.78185    1.98511765 2.40733333 2.77283333 1.87113043
 2.766125   1.4714     3.0636     1.95558974]",113
29,0,RandomForestRegressor,-0.47492772762659596,0.10638144297999151,"[0.28063103 0.42797712 0.70763011 1.15221333 0.54073058 0.74435921
 0.8694038  1.03103917 0.48807061 1.01274003 1.16299806 0.66466998
 0.2868444  0.37585644 0.55723748 0.70181535 1.06021474 1.13592856
 0.61910652 0.27499913 1.22305932 1.20234588 0.74256092 0.39629766
 0.75286912 0.66327715 0.4002395  0.86624223 0.91787723 0.33170783
 1.44377109 0.38743497 0.68312177 1.25336921 0.60405696 0.7467105
 1.17591393 1.09324154 0.67114868 1.25417581 0.76251547 0.5931803
 0.98285676 0.47449621 0.98048092 1.2658353  0.72277134 0.7089068
 0.33558444 1.17757972 0.67978803 1.0344815  0.45422678 0.68472571
 0.60939898 0.49655447]","[0.5505     0.620625   0.92239113 1.20103846 0.8034     0.34758621
 0.77852778 0.77896    0.7662     0.47618333 1.17154545 0.67405435
 0.6083     0.83547561 0.60231818 1.09872    1.22616667 0.72740769
 0.91726923 0.93625    0.62921    0.8043     1.37783333 1.07431579
 0.74025    1.16424    0.7520625  0.76576471 0.56875    0.69026
 1.26588    0.68342105 0.5085     1.38241667 0.81557609 1.204
 0.99715    0.89464865 0.60655    1.21990909 0.92149167 0.90586
 1.0695     0.36272222 0.66373548 1.38075    0.73808824 1.16168182
 0.5143     1.18704444 0.60612097 1.20142105 0.8708     1.10216129
 1.24180606 0.895125  ]",113
30,0,RandomForestRegressor,-0.1544384956845548,0.13147405146657345,"[1.03507489 0.70063313 1.28727921 1.2651634  1.06876399 0.99688473
 1.31614178 1.59987822 1.46260417 1.41955132 0.61702629 1.16676302
 0.95760748 1.10407669 1.35818038 0.93332062 1.58808298 1.13139628
 1.03653101 0.94678216 0.93888054 1.22333787 0.67686274 1.10871384
 1.73986797 1.00304714 1.00070095 0.45268642 1.61305466 0.93701019
 1.12829078 1.0317675  1.17607707 0.78669315 1.01951638 1.40165797
 1.03195779 1.28351909 0.75050673 1.14320618 1.23053864 0.57276678
 0.99182799 1.03652868 0.93559191 1.04666119 1.11664124 0.86757838
 0.76693374 1.13684869 1.52899662 0.51885398 1.13166642 1.01487144
 0.63706868 0.52682333 1.1855086  1.1719225  1.09876373 0.60514233]","[1.5155     0.788      1.46543478 0.919625   0.99935294 1.58355
 1.47097674 1.43904    1.25244    1.40761765 1.32175    0.921
 1.2215     0.77942308 1.76975479 1.57808571 1.2698     0.796775
 0.41044828 1.43006818 0.9835     0.937125   1.06174359 0.98980952
 1.2306     1.10641176 1.1571875  1.22037097 2.41098039 1.37186538
 0.59808    1.31690476 0.98977273 1.09175294 1.06097727 1.25872174
 0.5131875  0.938      1.05233333 0.93877778 1.0185     0.70212683
 1.09807895 1.3481     0.94870476 1.127      1.35227647 1.28075
 1.07139375 1.2033     0.931      0.98829231 1.31530952 0.88425926
 1.17432    0.78880952 1.652      1.0417931  0.77492857 0.31419444]",113
31,0,RandomForestRegressor,-2.619151173330202,0.04246896506965758,"[-1.32361747e-01  1.35677722e-01  5.87500474e-03 -4.55876662e-01
  3.10216853e-02  1.88399803e-02  2.93973630e-02  6.57369866e-02
  6.99684573e-02 -1.13227666e-01 -1.84289477e-02  1.63154457e-01
  3.98589479e-02 -7.89701922e-01 -4.54781954e-02 -6.22062747e-03
  3.60654639e-02  9.15588243e-02  2.70905491e-01  2.05292174e-02
 -1.60807130e-01  1.90568304e-02 -1.07016455e-01  1.39823498e-01
  6.62176754e-02  2.45630079e-02 -5.12488754e-02  1.57199517e-01
 -2.68406998e-02 -1.93085803e-02  5.42896212e-02 -1.35972165e-02
  8.78298692e-02  5.54220114e-02  2.89602049e-02  3.49447858e-02
  2.68329929e-02 -1.07622708e-01 -1.23752201e+00 -5.71640380e-03
  2.65164705e-02 -1.24439057e-01  4.04853253e-02  4.30953120e-02
 -6.65072842e-03  1.15260732e-02  4.35559322e-02  1.34072002e-01
  2.78036433e-03 -1.74415911e-02 -4.09928992e-02  6.95412317e-02
 -1.35002860e-02  3.05754350e-01  1.48726657e-01  3.23494265e-02
  3.68773040e-02 -2.55432979e-05  1.44672067e-01 -1.54466404e-01]","[ 0.09775     0.16861765  0.03014118  0.01210588 -0.1359      0.0168
 -0.01676316  0.06172222  0.04076471 -0.21845588 -0.111       0.15188108
 -0.1148     -0.23473    -0.1774      0.081375   -0.063       0.0842625
  0.0105     -0.12571622 -0.23061111 -0.01241935  0.112      -0.0435
 -0.05573077 -0.18184091  0.024      -0.20904545 -0.27085606 -0.05090909
 -0.08733333 -0.08113636 -0.12438462 -0.02081739 -0.04165    -0.07161957
  0.11630769 -0.0336     -0.22516667 -0.04384615 -0.01441176 -0.1041
 -0.00331579 -0.23204167 -0.00572727 -0.03836538 -0.02481818  0.11326
  0.00248684 -0.0728     -0.1727069  -0.07575    -0.039       0.02223529
  0.15283333 -0.15277857 -0.035      -0.14368421  0.02331    -0.233625  ]",113
35,0,RandomForestRegressor,-0.5843217856363339,0.05562040648272744,"[ 0.06331438  0.40779831  0.3135099   0.13645697  0.1008105   0.24904555
  0.11233681 -0.07154466 -0.15813377  0.01336017  0.07389018  0.13848936
  0.17086643  0.06692776  0.12990045  0.12477752 -0.51526833  0.12705557
 -0.08082992  0.3574674   0.29409697  0.14442016  0.22410823  0.13935292
  0.00661513  0.17196316  0.05891028  0.03454273  0.31795836 -0.38809175
  0.16612659  0.20672793  0.25218283  0.29354029  0.14871417  0.21833641
  0.06775133  0.11636976  0.21641015 -0.0814402 ]","[ 0.05983871  0.21488108  0.31372727  0.0962027   0.18774    -0.03206518
 -0.15764286 -0.12095    -0.0676734  -0.056       0.17131579  0.083
  0.00247059 -0.04009091  0.18991304  0.16548    -0.0755     -0.12609524
 -0.0615      0.05995455 -0.24619048 -0.08166667  0.04454545  0.13125
  0.039375    0.23690625 -0.3053     -0.09102778  0.13201364  0.14365
 -0.09530612 -0.05542041  0.09613235 -0.00679412  0.20165385  0.23503846
  0.165375   -0.13143791  0.82483333  0.17325   ]",113
36,0,RandomForestRegressor,0.1835827451241362,0.4871119646013294,"[1.59333637 1.67873568 2.01143079 2.54949003 1.98624604 2.16422944
 1.39941325 1.75721536 1.22819044 1.53900583 2.97806306 1.75253581
 2.67902237 1.81149627 1.78613683 2.09338686 2.00918333 2.82788618
 1.80543801 1.71783916 2.10094715 1.90214232 2.3008015  1.9068267
 1.60065375 2.55376972 2.68189561 3.75973469 2.3008015  1.16646113
 2.01657886 2.10301231 1.54867408 1.63817924 2.79652891 2.46090028
 2.60260122 2.87368769 1.78581386 1.73323865 1.76438336 1.41417328
 1.50229659 2.07923636 1.55387981 2.09996699 1.9200085  1.34977772
 0.68653886 1.49324    0.94919231 1.41264195 1.55454506 1.9130039 ]","[1.17854167 1.970625   0.88795833 2.04304    2.02037681 2.31220833
 1.19618182 1.88705072 1.28247368 0.7805     2.69061765 1.52536364
 2.36490476 2.16681818 1.77173684 2.306      1.8165     1.79521379
 0.82171552 1.86844737 2.02739583 3.9863     1.58713333 2.98715
 2.815125   4.1291875  1.69805263 2.7831875  1.5778     1.21961538
 1.90624194 1.41261207 1.1435     1.41261207 2.36490476 4.13756
 1.649      2.65175439 1.4568125  1.14208889 1.7458     1.5253
 1.30742105 1.06008    1.19031818 2.59833333 0.93177778 1.09476316
 1.12159091 2.2895     1.20126087 1.30956667 2.18108718 2.05901515]",113
22,0,GradientBoostingRegressor,0.16342778262310564,0.4848444536855531,"[1.8257361  1.8257361  1.66086108 1.53399767 1.99101882 1.69136864
 2.62842096 1.52589283 2.0406308  2.06427755 1.51909115 2.00481434
 2.1710614  2.0406308  1.52589283 1.99101882 1.66086108 2.0406308
 1.52589283 1.52719598 1.53399767 2.01324878 1.49752837 2.0406308
 1.52589283 1.92882877 1.48942354 2.25012025 1.52589283 2.02448543
 2.0042116  1.97147636 1.49752837 1.52589283 2.01840083 2.01840083
 2.01032288 1.53399767 2.06427755 1.52719598 2.01840083 2.50781655
 2.2219365  2.09255198 2.0857503  2.04067527 2.03382911 1.52589283
 1.52589283 1.96464523 2.11045113 1.77941347 1.5535589 ]","[0.819      0.81104545 1.2075     1.65469048 2.08013333 1.87295833
 2.80168182 0.835375   2.23500526 2.13706211 1.14429    2.36879545
 2.93973118 2.13205    2.55859091 2.9244058  1.30316667 2.126625
 0.94325    0.74215    1.79953091 2.3488     1.76768468 2.1099
 0.6105     2.72124074 1.40634211 0.56552941 0.55588235 2.51733333
 0.713125   1.66941379 1.75882759 1.00877206 3.11626667 2.66116154
 1.469      1.67356    2.19349807 0.826875   2.5136     2.3526875
 0.77       1.85922989 2.39425    1.74985965 0.9296     0.77056
 0.57325    0.868      2.10697674 0.56298333 0.7392    ]",113
23,0,GradientBoostingRegressor,-0.005904160677316472,0.22405493023477022,"[3.92514169 3.99180497 3.96073138 3.99297431 3.89593048 3.9903906
 3.89593048 3.92781599 3.99297431 3.99297431 3.55731736 3.89593048
 3.9903906  3.72390869 3.91070649 3.9903906  3.78936859 3.92781599
 3.9345396  3.91673187 3.89298023 3.99897694 3.99897694 3.91309166
 3.89232025 3.71790606 3.92301506 3.91940617 3.84582018 3.99297431
 3.91690593 3.97375221 3.90605047 3.92781599 3.78555432 3.93122817
 3.96673401 3.94033994 3.60909087 3.99180497 3.89764065 3.92781599
 3.73839492 3.91070649 3.89593048 3.90969068 3.62356061 3.99297431
 3.82884982 3.97375221 3.91690593 3.92150148 3.87791126 3.8613481
 3.64747077 3.87761174 3.51114747 3.89232025 3.89593048 3.91070649]","[3.973      4.10270588 3.39166667 3.76880952 4.10572    3.77079699
 4.08472    2.24414035 2.43612281 4.12482353 3.90634783 4.143
 3.74009524 3.78820635 3.99       3.50409375 3.938      3.85896154
 3.961625   3.94481579 4.057      4.154125   4.1753     4.02486111
 3.78590988 4.17154545 3.9715     3.99775    3.90558974 4.05036842
 4.04241667 4.17444444 3.90406897 2.24414035 4.04335    3.33701449
 3.81006061 4.03058065 2.23468333 3.9758     4.010625   3.885
 4.11066667 3.90872222 4.02274286 3.70561111 4.08446154 4.13909091
 4.16868182 4.1065     4.03552273 4.067      3.924875   4.036
 2.78558333 4.13235294 3.68939153 4.06194118 4.02769565 3.7124    ]",113
25,0,GradientBoostingRegressor,0.1208807688070398,0.5785880219183803,"[2.04653893 1.88741499 2.04114165 2.3429838  2.10566038 2.2854442
 1.80818131 2.04114165 2.15656219 1.81338319 1.79653754 1.87198671
 2.14572569 2.37318184 2.32888708 1.90586044 2.30440118 1.80818131
 1.85398897 2.30708182 2.14572569 1.79653754 2.09721903 2.34429481
 2.00793501 2.30708182 2.52657258 2.31411264 1.80818131 2.53802852
 2.07178666 1.80818131 1.79653754 1.77430758 2.11531277 1.80818131
 2.33481376 1.82221734 2.09401662 2.27969981 1.85856157 1.78973586
 2.53802852 2.15656219 1.78973586 1.82221734 2.37326595 2.32089956
 2.5534893  1.77430758]","[2.09586111 2.0811     1.27316    1.19317391 2.34226471 2.47122727
 0.47916129 2.522      2.9272     1.536      2.34592157 2.82871053
 1.15373333 1.4455     1.99633333 1.06785    1.2222     1.33957895
 2.33957471 1.32525    2.21801333 0.85225    3.06951802 2.36314545
 1.16586207 2.30948333 2.51237333 3.04514706 0.518      2.911
 2.56972222 2.0905     1.2165     0.17544444 1.99498718 2.21072
 2.4975     1.1375     0.5845     4.14594118 1.91575    1.51742105
 2.2585     1.30261765 1.00719231 1.23017391 1.53685    2.36731818
 3.13134848 1.20293478]",113
26,0,GradientBoostingRegressor,0.06921230553143953,0.35864123609670184,"[2.2793867  2.2793867  2.2793867  2.19757235 2.11068899 2.42088211
 2.31884891 2.13398238 2.2549788  2.31884891 2.0628715  2.29384556
 2.31170807 2.30490638 2.50144379 2.57493821 1.98012779 2.19112359
 2.42979584 1.92508997 2.2838935  2.23398576 2.31884891 2.64889046
 2.24292741 2.2838935  2.55511605 1.92508997 2.2793867  2.31170807
 2.31170807 2.42528904 1.98012779 2.19406046 2.35117028 2.06324489
 2.35117028 2.07855507 2.31884891 2.41083886]","[2.24170168 2.17665333 2.02421875 3.04335897 2.44401515 2.80915217
 2.12212308 2.50542105 2.47515385 1.867      2.35595833 2.18855645
 2.05712    0.88656522 0.76628947 3.99041667 1.98511765 1.81468966
 2.72571053 1.83407895 3.18866667 2.17986316 2.750375   2.60972727
 2.43383333 3.19562121 2.22205217 1.36635484 2.13575862 1.5365
 1.57823077 1.78185    1.98511765 2.40733333 2.77283333 1.87113043
 2.766125   1.4714     3.0636     1.95558974]",113
29,0,GradientBoostingRegressor,0.0589894896454668,0.06787183810825821,"[0.73166206 0.76490221 0.80503213 1.04180017 0.75170331 0.79541538
 0.93107206 0.91916232 0.69236892 1.02552079 1.0452807  0.78941274
 0.70945528 0.73135669 0.78727701 0.83933795 0.94588625 0.90733074
 0.80503213 0.72013088 1.00426269 1.04811468 0.81684375 0.70650503
 0.85734707 0.76490221 0.757353   0.78131027 0.92109922 0.72308278
 0.96048263 0.76490221 0.70990333 0.850098   0.78941274 0.85636079
 1.02552079 1.04544038 0.81250174 0.94588625 0.76490221 0.93089241
 0.90227569 0.79541538 0.93453262 0.98266785 0.88285386 0.91404492
 0.57382113 1.01711096 0.81250174 0.83401956 0.70945528 0.7406172
 0.73257202 0.76490221]","[0.5505     0.620625   0.92239113 1.20103846 0.8034     0.34758621
 0.77852778 0.77896    0.7662     0.47618333 1.17154545 0.67405435
 0.6083     0.83547561 0.60231818 1.09872    1.22616667 0.72740769
 0.91726923 0.93625    0.62921    0.8043     1.37783333 1.07431579
 0.74025    1.16424    0.7520625  0.76576471 0.56875    0.69026
 1.26588    0.68342105 0.5085     1.38241667 0.81557609 1.204
 0.99715    0.89464865 0.60655    1.21990909 0.92149167 0.90586
 1.0695     0.36272222 0.66373548 1.38075    0.73808824 1.16168182
 0.5143     1.18704444 0.60612097 1.20142105 0.8708     1.10216129
 1.24180606 0.895125  ]",113
30,0,GradientBoostingRegressor,0.02620892247883455,0.11090089140503755,"[1.08076806 0.93410364 1.12940912 1.09615038 1.16806839 1.20771744
 1.16592376 1.13625056 1.20847076 1.17595212 1.0710999  1.08826666
 1.14980367 1.14980367 1.14833306 1.08371831 1.1802782  1.1468657
 1.09801015 1.11757826 1.19078037 1.10888713 1.10185469 1.34722039
 1.20847076 1.1215254  1.08950082 0.9133603  1.26302871 1.08371831
 1.1576874  1.14385601 1.1468657  1.02383632 1.07985684 1.20847076
 1.13575104 1.19946494 1.11098936 1.10888713 1.18792882 1.09801015
 1.08296515 1.17099467 1.12628842 1.1215254  1.11757826 0.95492472
 1.03112372 1.1276436  1.26827345 0.9951516  1.34722039 1.16369003
 1.10717509 1.1576874  1.08557941 1.19565067 1.09214057 1.06475141]","[1.5155     0.788      1.46543478 0.919625   0.99935294 1.58355
 1.47097674 1.43904    1.25244    1.40761765 1.32175    0.921
 1.2215     0.77942308 1.76975479 1.57808571 1.2698     0.796775
 0.41044828 1.43006818 0.9835     0.937125   1.06174359 0.98980952
 1.2306     1.10641176 1.1571875  1.22037097 2.41098039 1.37186538
 0.59808    1.31690476 0.98977273 1.09175294 1.06097727 1.25872174
 0.5131875  0.938      1.05233333 0.93877778 1.0185     0.70212683
 1.09807895 1.3481     0.94870476 1.127      1.35227647 1.28075
 1.07139375 1.2033     0.931      0.98829231 1.31530952 0.88425926
 1.17432    0.78880952 1.652      1.0417931  0.77492857 0.31419444]",113
31,0,GradientBoostingRegressor,0.2744580975565991,0.008513878596314275,"[-0.0095578   0.03817018 -0.03814612  0.00528388 -0.01193491  0.01269744
 -0.01193491 -0.02996929 -0.00383593 -0.08071557 -0.03814612  0.03817018
 -0.06743278 -0.07114546 -0.06593377  0.03817018  0.00664349  0.03817018
  0.0577948  -0.01193491 -0.07447848 -0.03814612 -0.01611083  0.03817018
 -0.00904256 -0.03629514 -0.01116191 -0.04081899 -0.062268   -0.0500853
 -0.0851887  -0.01193491 -0.00849105 -0.06848663 -0.07596179  0.03817018
 -0.00849105 -0.04294539 -0.07625326 -0.0352777  -0.03814612 -0.03629514
 -0.01454101 -0.07114546 -0.03216852 -0.02437915 -0.00102541  0.03817018
 -0.01193491 -0.02437915 -0.01193491 -0.00102541 -0.01957988  0.00690792
  0.03817018 -0.07114546 -0.00849105 -0.03753698 -0.01116191 -0.06895906]","[ 0.09775     0.16861765  0.03014118  0.01210588 -0.1359      0.0168
 -0.01676316  0.06172222  0.04076471 -0.21845588 -0.111       0.15188108
 -0.1148     -0.23473    -0.1774      0.081375   -0.063       0.0842625
  0.0105     -0.12571622 -0.23061111 -0.01241935  0.112      -0.0435
 -0.05573077 -0.18184091  0.024      -0.20904545 -0.27085606 -0.05090909
 -0.08733333 -0.08113636 -0.12438462 -0.02081739 -0.04165    -0.07161957
  0.11630769 -0.0336     -0.22516667 -0.04384615 -0.01441176 -0.1041
 -0.00331579 -0.23204167 -0.00572727 -0.03836538 -0.02481818  0.11326
  0.00248684 -0.0728     -0.1727069  -0.07575    -0.039       0.02223529
  0.15283333 -0.15277857 -0.035      -0.14368421  0.02331    -0.233625  ]",113
35,0,GradientBoostingRegressor,-0.0170892665451996,0.03570670992934792,"[ 0.0609393   0.20349451  0.09867633  0.08485878  0.11634131  0.13468297
  0.08485878  0.04758013  0.04292588  0.05194819  0.13555601  0.10480447
  0.149957    0.0609393   0.12573947  0.13808979  0.04513093  0.0609393
  0.05194819  0.14039995  0.151603    0.08485878  0.1037167   0.08485878
  0.0609393   0.13808979  0.12922554  0.08608405  0.11473786  0.04184117
  0.13468297  0.12322703  0.12322703  0.13468297  0.09265506  0.16086386
  0.13808979  0.09265506  0.149957   -0.08799023]","[ 0.05983871  0.21488108  0.31372727  0.0962027   0.18774    -0.03206518
 -0.15764286 -0.12095    -0.0676734  -0.056       0.17131579  0.083
  0.00247059 -0.04009091  0.18991304  0.16548    -0.0755     -0.12609524
 -0.0615      0.05995455 -0.24619048 -0.08166667  0.04454545  0.13125
  0.039375    0.23690625 -0.3053     -0.09102778  0.13201364  0.14365
 -0.09530612 -0.05542041  0.09613235 -0.00679412  0.20165385  0.23503846
  0.165375   -0.13143791  0.82483333  0.17325   ]",113
36,0,GradientBoostingRegressor,0.09968420016631097,0.5371696830259763,"[1.85817274 1.9897281  2.03573665 1.90075346 1.80931719 1.76852951
 1.77241824 1.80931719 1.7585077  1.85675837 2.33249769 1.90760075
 2.3844561  1.83550853 1.8259594  1.81419391 1.60792212 2.41567185
 1.85675837 1.88353406 1.8369229  1.82215521 2.06533516 1.88353406
 1.85934208 1.82255447 2.11828274 2.72624213 2.06533516 1.84011998
 2.02876213 2.02384611 1.87672795 1.88273059 2.3844561  2.20733823
 2.18915148 2.33249769 1.76097012 1.84011998 1.82956963 1.84011998
 1.85934208 1.78577394 1.78309963 1.81203522 1.83809224 1.71463878
 1.464397   1.83550853 1.48699247 1.79418376 1.79418376 1.80931719]","[1.17854167 1.970625   0.88795833 2.04304    2.02037681 2.31220833
 1.19618182 1.88705072 1.28247368 0.7805     2.69061765 1.52536364
 2.36490476 2.16681818 1.77173684 2.306      1.8165     1.79521379
 0.82171552 1.86844737 2.02739583 3.9863     1.58713333 2.98715
 2.815125   4.1291875  1.69805263 2.7831875  1.5778     1.21961538
 1.90624194 1.41261207 1.1435     1.41261207 2.36490476 4.13756
 1.649      2.65175439 1.4568125  1.14208889 1.7458     1.5253
 1.30742105 1.06008    1.19031818 2.59833333 0.93177778 1.09476316
 1.12159091 2.2895     1.20126087 1.30956667 2.18108718 2.05901515]",113
22,0,DecisionTreeRegressor,-0.7071771412867875,0.989412929593803,"[ 0.86731057  0.86731057  1.85261654  1.07931057  1.93842381  1.50402727
  2.402       0.80731057  2.20783438  2.14352381  1.19327727  3.395225
  2.4595      2.20783438  0.80731057  2.26339881  1.84180952  2.20783438
  1.06531057  0.67210937  1.07931057  0.863625    0.958125    2.20783438
  0.754425    1.1035      0.567       4.11269565  1.01071057  2.20783438
  0.94302381  2.3645      0.958125    1.06531057  3.37322368  2.08905108
  2.01842704  1.07931057  2.32752381  0.81790227  2.08905108  4.1445
  2.718       3.55491057  3.55491057  1.43885714  2.09277381  0.936075
  0.85321057  4.099       2.49181057 -0.3542      0.754425  ]","[0.819      0.81104545 1.2075     1.65469048 2.08013333 1.87295833
 2.80168182 0.835375   2.23500526 2.13706211 1.14429    2.36879545
 2.93973118 2.13205    2.55859091 2.9244058  1.30316667 2.126625
 0.94325    0.74215    1.79953091 2.3488     1.76768468 2.1099
 0.6105     2.72124074 1.40634211 0.56552941 0.55588235 2.51733333
 0.713125   1.66941379 1.75882759 1.00877206 3.11626667 2.66116154
 1.469      1.67356    2.19349807 0.826875   2.5136     2.3526875
 0.77       1.85922989 2.39425    1.74985965 0.9296     0.77056
 0.57325    0.868      2.10697674 0.56298333 0.7392    ]",113
23,0,DecisionTreeRegressor,-0.9438155741262946,0.4329651669368504,"[4.03366667 4.10270588 4.2432766  4.2432766  3.98933333 4.05861538
 3.98933333 3.994      4.2097013  4.015      3.1184     3.98933333
 3.7588     4.33954545 4.1767     3.3115     3.287      4.148
 4.183      4.0696     3.679      4.2097013  4.2097013  4.183
 3.6328     1.54511538 3.61871429 4.16935    4.03366667 4.015
 4.0696     3.987      3.66325    3.994      3.287      3.79175
 4.05       4.194375   1.54511538 4.10270588 3.66325    4.148
 3.287      4.03366667 3.889      4.16935    2.6791     4.2432766
 3.98933333 4.0486     4.2005     4.0465     3.961      3.961
 2.797225   3.98933333 2.4212     3.6328     3.6328     4.14625   ]","[3.973      4.10270588 3.39166667 3.76880952 4.10572    3.77079699
 4.08472    2.24414035 2.43612281 4.12482353 3.90634783 4.143
 3.74009524 3.78820635 3.99       3.50409375 3.938      3.85896154
 3.961625   3.94481579 4.057      4.154125   4.1753     4.02486111
 3.78590988 4.17154545 3.9715     3.99775    3.90558974 4.05036842
 4.04241667 4.17444444 3.90406897 2.24414035 4.04335    3.33701449
 3.81006061 4.03058065 2.23468333 3.9758     4.010625   3.885
 4.11066667 3.90872222 4.02274286 3.70561111 4.08446154 4.13909091
 4.16868182 4.1065     4.03552273 4.067      3.924875   4.036
 2.78558333 4.13235294 3.68939153 4.06194118 4.02769565 3.7124    ]",113
25,0,DecisionTreeRegressor,-1.1780543438829683,1.4334758127721798,"[1.65359629 4.03752727 1.51515    1.90405625 2.725175   3.8764
 1.389675   2.56611111 4.11310937 1.06691667 1.076175   1.53481299
 0.54191667 4.15631057 1.06319394 1.65359629 2.1164     1.30681057
 1.2226     1.99911111 2.97975    0.93231057 4.169875   3.996625
 1.69661905 4.17747368 3.8764     2.54663838 1.389675   4.17775
 2.59910938 1.30681057 1.389675   0.20547368 1.435875   1.30681057
 2.82097368 2.627      2.725175   3.861      1.64281057 2.27346667
 4.17775    4.10472727 1.18802727 0.84271057 4.239175   4.03752727
 1.1684     1.18802727]","[2.09586111 2.0811     1.27316    1.19317391 2.34226471 2.47122727
 0.47916129 2.522      2.9272     1.536      2.34592157 2.82871053
 1.15373333 1.4455     1.99633333 1.06785    1.2222     1.33957895
 2.33957471 1.32525    2.21801333 0.85225    3.06951802 2.36314545
 1.16586207 2.30948333 2.51237333 3.04514706 0.518      2.911
 2.56972222 2.0905     1.2165     0.17544444 1.99498718 2.21072
 2.4975     1.1375     0.5845     4.14594118 1.91575    1.51742105
 2.2585     1.30261765 1.00719231 1.23017391 1.53685    2.36731818
 3.13134848 1.20293478]",113
26,0,DecisionTreeRegressor,-0.9936949985280623,0.7681893979917328,"[2.67202486 1.4823875  2.67202486 1.53416667 1.49006667 2.03697143
 2.67202486 1.13710227 2.3445     2.67202486 1.49006667 1.90805625
 2.11171057 1.99292727 2.82748438 3.056      1.13710227 3.46952727
 3.635      1.46660937 2.67202486 2.02494565 2.98086613 2.98542857
 2.1204     2.67202486 3.4066     1.14548437 1.4823875  2.11171057
 2.194575   3.49146667 1.13710227 1.31731057 2.11171057 1.58819394
 2.11171057 1.46660937 2.67202486 3.38541667]","[2.24170168 2.17665333 2.02421875 3.04335897 2.44401515 2.80915217
 2.12212308 2.50542105 2.47515385 1.867      2.35595833 2.18855645
 2.05712    0.88656522 0.76628947 3.99041667 1.98511765 1.81468966
 2.72571053 1.83407895 3.18866667 2.17986316 2.750375   2.60972727
 2.43383333 3.19562121 2.22205217 1.36635484 2.13575862 1.5365
 1.57823077 1.78185    1.98511765 2.40733333 2.77283333 1.87113043
 2.766125   1.4714     3.0636     1.95558974]",113
29,0,DecisionTreeRegressor,-2.680602612396444,0.26546915459561243,"[ 0.343       0.60083333  0.84433333  1.708875    0.5355      0.679
 -0.39035     1.2572766   0.64033333  1.16025     2.5955      0.51611538
  0.525       0.08213333 -0.228375    0.70933333  1.0605      0.91641667
  0.84433333  0.43866667  1.19466667  0.9996      0.84375     0.343
  0.993375    0.861       0.513       0.2513      1.08885     0.08213333
  0.79125     0.44333333  0.54        0.966       0.51611538  0.5928
  1.7262      0.61075     0.6707013   1.19175     0.861       0.93846667
  0.6426      0.363125    0.93846667  2.7495      1.03961538  1.099175
 -0.26366667  0.89985     0.6707013   1.89        0.349125    0.43866667
  0.4984      0.76066667]","[0.5505     0.620625   0.92239113 1.20103846 0.8034     0.34758621
 0.77852778 0.77896    0.7662     0.47618333 1.17154545 0.67405435
 0.6083     0.83547561 0.60231818 1.09872    1.22616667 0.72740769
 0.91726923 0.93625    0.62921    0.8043     1.37783333 1.07431579
 0.74025    1.16424    0.7520625  0.76576471 0.56875    0.69026
 1.26588    0.68342105 0.5085     1.38241667 0.81557609 1.204
 0.99715    0.89464865 0.60655    1.21990909 0.92149167 0.90586
 1.0695     0.36272222 0.66373548 1.38075    0.73808824 1.16168182
 0.5143     1.18704444 0.60612097 1.20142105 0.8708     1.10216129
 1.24180606 0.895125  ]",113
30,0,DecisionTreeRegressor,-2.483054608072896,0.39667015827562063,"[ 1.575       0.96425     1.7955      1.8186      0.5937013   2.56442017
  0.693       1.023       1.11733333  1.1370763   0.5943      1.75105
  0.87066071  0.77091071  1.43733333  0.2628      1.36033333  0.71647059
  1.10766667  1.11733333  1.02128205  0.93426667  0.5943      0.79125
  2.35071429  1.42975     1.149       0.2485      0.5937013   1.9425
  0.8959011   0.8505      1.1226      0.1854      1.0206      0.81433333
  1.60286538  2.17        1.06925     0.93426667  0.88608597  0.95447059
  0.7392      1.421       0.7682766   1.77625     1.11733333  0.3472
  0.4326      1.2075      0.975      -0.6956      0.79125     0.977375
  1.06925     0.02278571  1.575       1.4945     -0.0924      0.69435   ]","[1.5155     0.788      1.46543478 0.919625   0.99935294 1.58355
 1.47097674 1.43904    1.25244    1.40761765 1.32175    0.921
 1.2215     0.77942308 1.76975479 1.57808571 1.2698     0.796775
 0.41044828 1.43006818 0.9835     0.937125   1.06174359 0.98980952
 1.2306     1.10641176 1.1571875  1.22037097 2.41098039 1.37186538
 0.59808    1.31690476 0.98977273 1.09175294 1.06097727 1.25872174
 0.5131875  0.938      1.05233333 0.93877778 1.0185     0.70212683
 1.09807895 1.3481     0.94870476 1.127      1.35227647 1.28075
 1.07139375 1.2033     0.931      0.98829231 1.31530952 0.88425926
 1.17432    0.78880952 1.652      1.0417931  0.77492857 0.31419444]",113
31,0,DecisionTreeRegressor,-10.323664404631756,0.13287765142408284,"[ 1.06527273e-01  2.12227273e-01 -9.75644273e-02 -5.28500000e-01
  1.08560272e-02  1.61000000e-01  1.08560272e-02 -2.20500000e-01
 -9.88727273e-02 -1.92798295e-01  5.09250000e-02  1.84734375e-01
  2.24656250e-01 -1.90227778e+00  1.83750000e-01  2.97609375e-01
  2.27494949e-02  5.75272727e-02 -2.33333333e-02  1.08560272e-02
 -6.70833333e-03 -4.39427313e-04 -1.96350000e-01  9.84000000e-02
  1.99105727e-02  1.84545455e-01  5.73105727e-02  2.24656250e-01
  3.69722222e-02 -4.41000000e-02  9.18750000e-02  1.08560272e-02
 -1.45689427e-01 -3.12200000e-01 -3.41250000e-02 -2.83500000e-01
 -1.45689427e-01 -6.14250000e-02 -1.95616667e+00 -4.06894273e-02
  1.21800000e-01 -2.14545455e-02  9.94736842e-02  7.06956522e-02
  3.89355727e-02  1.53300000e-01  1.62310573e-01  2.64027273e-01
  1.08560272e-02  1.61175000e-01 -5.11894273e-02  5.73105727e-02
 -1.52250000e-01  2.63375000e-01  1.76352273e-01  7.06956522e-02
 -1.45689427e-01 -1.87250000e-01  2.35810573e-01  3.59032258e-02]","[ 0.09775     0.16861765  0.03014118  0.01210588 -0.1359      0.0168
 -0.01676316  0.06172222  0.04076471 -0.21845588 -0.111       0.15188108
 -0.1148     -0.23473    -0.1774      0.081375   -0.063       0.0842625
  0.0105     -0.12571622 -0.23061111 -0.01241935  0.112      -0.0435
 -0.05573077 -0.18184091  0.024      -0.20904545 -0.27085606 -0.05090909
 -0.08733333 -0.08113636 -0.12438462 -0.02081739 -0.04165    -0.07161957
  0.11630769 -0.0336     -0.22516667 -0.04384615 -0.01441176 -0.1041
 -0.00331579 -0.23204167 -0.00572727 -0.03836538 -0.02481818  0.11326
  0.00248684 -0.0728     -0.1727069  -0.07575    -0.039       0.02223529
  0.15283333 -0.15277857 -0.035      -0.14368421  0.02331    -0.233625  ]",113
35,0,DecisionTreeRegressor,-1.4429000938897478,0.08576231006270443,"[ 0.01831057  0.26665227  0.69825     0.12293557  0.621       0.53169565
  0.12293557  0.01995    -0.21793333  0.020175    0.14597724  0.13052727
  0.25090227  0.01831057 -0.30566667  0.270375    0.27825     0.01831057
  0.020175    0.27269565  0.1785     -0.22370833  0.129       0.12293557
 -0.06268943  0.32648437  0.162225   -0.02367273  0.6153      0.107625
  0.53169565  0.329875    0.399       0.19602823  0.21525     0.26402727
  0.119       0.57225     0.31810227  0.26665227]","[ 0.05983871  0.21488108  0.31372727  0.0962027   0.18774    -0.03206518
 -0.15764286 -0.12095    -0.0676734  -0.056       0.17131579  0.083
  0.00247059 -0.04009091  0.18991304  0.16548    -0.0755     -0.12609524
 -0.0615      0.05995455 -0.24619048 -0.08166667  0.04454545  0.13125
  0.039375    0.23690625 -0.3053     -0.09102778  0.13201364  0.14365
 -0.09530612 -0.05542041  0.09613235 -0.00679412  0.20165385  0.23503846
  0.165375   -0.13143791  0.82483333  0.17325   ]",113
36,0,DecisionTreeRegressor,-0.7131603258118859,1.022149993767791,"[0.966      0.928375   2.8978263  3.53142857 1.361325   2.50014286
 1.52841667 1.19       0.798      1.446375   3.6600763  2.367125
 2.0852013  1.33175    1.407      1.493625   0.553      3.02767045
 1.446375   1.4882766  3.84642857 2.18075    1.17075    1.29675
 2.52994872 2.37533333 2.0852013  3.6600763  1.17075    1.39960993
 0.714      2.8978263  2.240125   1.2783013  2.0852013  3.85212987
 0.8737013  3.370875   0.522375   2.240125   2.0695     2.240125
 1.39960993 2.68685    1.855      2.74133333 3.44394326 2.682125
 1.2216     1.28733088 1.13633333 2.589225   3.37001667 1.361325  ]","[1.17854167 1.970625   0.88795833 2.04304    2.02037681 2.31220833
 1.19618182 1.88705072 1.28247368 0.7805     2.69061765 1.52536364
 2.36490476 2.16681818 1.77173684 2.306      1.8165     1.79521379
 0.82171552 1.86844737 2.02739583 3.9863     1.58713333 2.98715
 2.815125   4.1291875  1.69805263 2.7831875  1.5778     1.21961538
 1.90624194 1.41261207 1.1435     1.41261207 2.36490476 4.13756
 1.649      2.65175439 1.4568125  1.14208889 1.7458     1.5253
 1.30742105 1.06008    1.19031818 2.59833333 0.93177778 1.09476316
 1.12159091 2.2895     1.20126087 1.30956667 2.18108718 2.05901515]",113
22,0,SVR,-0.6816988679844522,0.9746467214368368,"[1.01896209 1.01898635 1.01895202 1.01918865 1.01888164 1.01890285
 1.01894169 1.0192984  1.01923564 1.01925416 1.01906256 1.01857075
 1.01928129 1.01892533 1.01957012 1.01885397 1.01897387 1.01898075
 1.01902126 1.01902455 1.01887906 1.01944466 1.0189647  1.01940571
 1.01935871 1.01862957 1.01909975 1.01878163 1.01905652 1.01926617
 1.01839302 1.01854316 1.01914415 1.0190078  1.01899806 1.01872893
 1.01889614 1.01936829 1.01904188 1.01900672 1.01873902 1.01915456
 1.01930237 1.01903658 1.01861927 1.01881315 1.0190357  1.0189938
 1.01911916 1.01960384 1.01900334 1.01902374 1.01881972]","[0.819      0.81104545 1.2075     1.65469048 2.08013333 1.87295833
 2.80168182 0.835375   2.23500526 2.13706211 1.14429    2.36879545
 2.93973118 2.13205    2.55859091 2.9244058  1.30316667 2.126625
 0.94325    0.74215    1.79953091 2.3488     1.76768468 2.1099
 0.6105     2.72124074 1.40634211 0.56552941 0.55588235 2.51733333
 0.713125   1.66941379 1.75882759 1.00877206 3.11626667 2.66116154
 1.469      1.67356    2.19349807 0.826875   2.5136     2.3526875
 0.77       1.85922989 2.39425    1.74985965 0.9296     0.77056
 0.57325    0.868      2.10697674 0.56298333 0.7392    ]",113
23,0,SVR,-0.1800567316273014,0.26284564575197333,"[4.02501165 4.02495583 4.0251825  4.02498811 4.02502304 4.02508029
 4.02496016 4.02476729 4.02523223 4.02488532 4.02514379 4.02501862
 4.02514918 4.02527081 4.02483169 4.02481573 4.02505046 4.02477951
 4.02493206 4.02508177 4.02472902 4.02527678 4.02499398 4.02475203
 4.02496301 4.02515564 4.02496687 4.02481933 4.02476671 4.02525642
 4.02503808 4.02482385 4.02474893 4.02500522 4.02473449 4.02501048
 4.02496642 4.02503783 4.02492918 4.02514486 4.02469974 4.02501649
 4.0250228  4.02486247 4.02470469 4.02516935 4.02516152 4.0249295
 4.02479106 4.02479292 4.02504496 4.02471556 4.02503797 4.02492737
 4.02483353 4.02477162 4.02475174 4.02469582 4.02471222 4.0251609 ]","[3.973      4.10270588 3.39166667 3.76880952 4.10572    3.77079699
 4.08472    2.24414035 2.43612281 4.12482353 3.90634783 4.143
 3.74009524 3.78820635 3.99       3.50409375 3.938      3.85896154
 3.961625   3.94481579 4.057      4.154125   4.1753     4.02486111
 3.78590988 4.17154545 3.9715     3.99775    3.90558974 4.05036842
 4.04241667 4.17444444 3.90406897 2.24414035 4.04335    3.33701449
 3.81006061 4.03058065 2.23468333 3.9758     4.010625   3.885
 4.11066667 3.90872222 4.02274286 3.70561111 4.08446154 4.13909091
 4.16868182 4.1065     4.03552273 4.067      3.924875   4.036
 2.78558333 4.13235294 3.68939153 4.06194118 4.02769565 3.7124    ]",113
25,0,SVR,-0.1906902030119233,0.7836469330143124,"[1.50700895 1.50668624 1.50672894 1.50691998 1.50698174 1.50674457
 1.50694798 1.50666525 1.50669703 1.5070336  1.50705594 1.5064831
 1.50702558 1.50721502 1.50665622 1.50685094 1.50698314 1.50701498
 1.50659128 1.50639792 1.50670591 1.50713198 1.50658234 1.50667248
 1.50725694 1.50677585 1.50675876 1.50655308 1.50702851 1.50698414
 1.50697019 1.50692655 1.50706822 1.50661878 1.50668753 1.50703446
 1.5067983  1.50712087 1.50716705 1.50650119 1.50721296 1.50672669
 1.50666408 1.50669193 1.50670287 1.50712641 1.50684915 1.50652646
 1.50667013 1.50654934]","[2.09586111 2.0811     1.27316    1.19317391 2.34226471 2.47122727
 0.47916129 2.522      2.9272     1.536      2.34592157 2.82871053
 1.15373333 1.4455     1.99633333 1.06785    1.2222     1.33957895
 2.33957471 1.32525    2.21801333 0.85225    3.06951802 2.36314545
 1.16586207 2.30948333 2.51237333 3.04514706 0.518      2.911
 2.56972222 2.0905     1.2165     0.17544444 1.99498718 2.21072
 2.4975     1.1375     0.5845     4.14594118 1.91575    1.51742105
 2.2585     1.30261765 1.00719231 1.23017391 1.53685    2.36731818
 3.13134848 1.20293478]",113
26,0,SVR,-0.190117009929879,0.45856325569995987,"[1.96892208 1.96883249 1.969176   1.96839815 1.96834964 1.96835499
 1.96879257 1.96877188 1.96828568 1.96940102 1.96823437 1.96881783
 1.96897974 1.96844204 1.96850834 1.96874753 1.96818046 1.96837236
 1.96909698 1.96873562 1.96949256 1.96896896 1.96947379 1.96843626
 1.96871147 1.96920172 1.96929533 1.96843277 1.96892888 1.96887643
 1.96903753 1.96917233 1.96828422 1.96851413 1.96895195 1.96840857
 1.96893704 1.96836802 1.96911803 1.96898846]","[2.24170168 2.17665333 2.02421875 3.04335897 2.44401515 2.80915217
 2.12212308 2.50542105 2.47515385 1.867      2.35595833 2.18855645
 2.05712    0.88656522 0.76628947 3.99041667 1.98511765 1.81468966
 2.72571053 1.83407895 3.18866667 2.17986316 2.750375   2.60972727
 2.43383333 3.19562121 2.22205217 1.36635484 2.13575862 1.5365
 1.57823077 1.78185    1.98511765 2.40733333 2.77283333 1.87113043
 2.766125   1.4714     3.0636     1.95558974]",113
29,0,SVR,-0.002208037662882134,0.0722858043927932,"[0.8867678  0.88700129 0.8872717  0.88705383 0.88727124 0.88747368
 0.88738067 0.88750886 0.88702934 0.88744459 0.88713754 0.88748667
 0.88700545 0.8867206  0.88739783 0.88701224 0.88723289 0.88747353
 0.88727639 0.88669284 0.88716946 0.88707958 0.88700248 0.88725817
 0.88692008 0.88722745 0.88668918 0.88734645 0.88742511 0.88672389
 0.88712982 0.88698375 0.88731227 0.88709665 0.88750546 0.88682784
 0.88738939 0.88708581 0.88755552 0.88722462 0.88700195 0.88732055
 0.88755944 0.88723529 0.88735125 0.88683636 0.88740963 0.88739259
 0.88669954 0.88742384 0.88724606 0.88739623 0.88724874 0.88676221
 0.88731081 0.88728396]","[0.5505     0.620625   0.92239113 1.20103846 0.8034     0.34758621
 0.77852778 0.77896    0.7662     0.47618333 1.17154545 0.67405435
 0.6083     0.83547561 0.60231818 1.09872    1.22616667 0.72740769
 0.91726923 0.93625    0.62921    0.8043     1.37783333 1.07431579
 0.74025    1.16424    0.7520625  0.76576471 0.56875    0.69026
 1.26588    0.68342105 0.5085     1.38241667 0.81557609 1.204
 0.99715    0.89464865 0.60655    1.21990909 0.92149167 0.90586
 1.0695     0.36272222 0.66373548 1.38075    0.73808824 1.16168182
 0.5143     1.18704444 0.60612097 1.20142105 0.8708     1.10216129
 1.24180606 0.895125  ]",113
30,0,SVR,-0.013265776771995919,0.11539649568394172,"[1.16515733 1.16488051 1.16520467 1.16524571 1.1649739  1.16479702
 1.16506617 1.16509175 1.16473725 1.16504401 1.16473614 1.1648892
 1.16494227 1.16492777 1.16471065 1.1651077  1.16512532 1.16520916
 1.1647937  1.16503554 1.16515534 1.1647428  1.16469079 1.16510437
 1.16470146 1.1651715  1.16485145 1.16508048 1.16502963 1.16479213
 1.16531386 1.16474045 1.16481555 1.16508357 1.16517403 1.16507115
 1.1651596  1.16502968 1.16502895 1.16474961 1.16516523 1.16485673
 1.16471111 1.16506889 1.16519068 1.16517199 1.16468736 1.16470788
 1.16474845 1.16517034 1.1651574  1.16522092 1.1647632  1.16531899
 1.16470313 1.16533811 1.16483917 1.16510436 1.16510125 1.16487165]","[1.5155     0.788      1.46543478 0.919625   0.99935294 1.58355
 1.47097674 1.43904    1.25244    1.40761765 1.32175    0.921
 1.2215     0.77942308 1.76975479 1.57808571 1.2698     0.796775
 0.41044828 1.43006818 0.9835     0.937125   1.06174359 0.98980952
 1.2306     1.10641176 1.1571875  1.22037097 2.41098039 1.37186538
 0.59808    1.31690476 0.98977273 1.09175294 1.06097727 1.25872174
 0.5131875  0.938      1.05233333 0.93877778 1.0185     0.70212683
 1.09807895 1.3481     0.94870476 1.127      1.35227647 1.28075
 1.07139375 1.2033     0.931      0.98829231 1.31530952 0.88425926
 1.17432    0.78880952 1.652      1.0417931  0.77492857 0.31419444]",113
31,0,SVR,-1.089292899699275,0.024516828098110673,"[0.06288695 0.06251    0.06330726 0.06341921 0.06325646 0.06259329
 0.06322291 0.06268954 0.06258868 0.06276552 0.06288469 0.06248842
 0.06302499 0.06297805 0.06261959 0.06248306 0.0629499  0.06248104
 0.06275677 0.06316638 0.0630971  0.06338792 0.06271507 0.06290685
 0.06266234 0.06324769 0.06289135 0.06267186 0.06259591 0.0625157
 0.06299281 0.06317698 0.06309323 0.06311906 0.06298646 0.06280617
 0.06297134 0.06292099 0.06296234 0.06280001 0.0628082  0.06314325
 0.06298846 0.06255392 0.0627379  0.06276565 0.06304123 0.06289384
 0.06320238 0.06304612 0.06298847 0.06262095 0.0627446  0.06323932
 0.06275186 0.06286892 0.06289469 0.0627487  0.06321437 0.06283266]","[ 0.09775     0.16861765  0.03014118  0.01210588 -0.1359      0.0168
 -0.01676316  0.06172222  0.04076471 -0.21845588 -0.111       0.15188108
 -0.1148     -0.23473    -0.1774      0.081375   -0.063       0.0842625
  0.0105     -0.12571622 -0.23061111 -0.01241935  0.112      -0.0435
 -0.05573077 -0.18184091  0.024      -0.20904545 -0.27085606 -0.05090909
 -0.08733333 -0.08113636 -0.12438462 -0.02081739 -0.04165    -0.07161957
  0.11630769 -0.0336     -0.22516667 -0.04384615 -0.01441176 -0.1041
 -0.00331579 -0.23204167 -0.00572727 -0.03836538 -0.02481818  0.11326
  0.00248684 -0.0728     -0.1727069  -0.07575    -0.039       0.02223529
  0.15283333 -0.15277857 -0.035      -0.14368421  0.02331    -0.233625  ]",113
35,0,SVR,-0.5924675197068965,0.055906376822978054,"[0.19986191 0.19942018 0.19977991 0.20006691 0.19943534 0.19968036
 0.20001832 0.19955538 0.19951262 0.1997041  0.1996242  0.19953085
 0.19958374 0.19989449 0.19959326 0.19935647 0.19965734 0.19980865
 0.19984477 0.19951561 0.19973856 0.19955932 0.19948192 0.1997832
 0.19987858 0.19949016 0.19890332 0.19974207 0.19991094 0.19952784
 0.19968893 0.19944014 0.19943326 0.19943495 0.19955336 0.19952499
 0.19931628 0.19974273 0.19926832 0.19957103]","[ 0.05983871  0.21488108  0.31372727  0.0962027   0.18774    -0.03206518
 -0.15764286 -0.12095    -0.0676734  -0.056       0.17131579  0.083
  0.00247059 -0.04009091  0.18991304  0.16548    -0.0755     -0.12609524
 -0.0615      0.05995455 -0.24619048 -0.08166667  0.04454545  0.13125
  0.039375    0.23690625 -0.3053     -0.09102778  0.13201364  0.14365
 -0.09530612 -0.05542041  0.09613235 -0.00679412  0.20165385  0.23503846
  0.165375   -0.13143791  0.82483333  0.17325   ]",113
36,0,SVR,-0.22676907258023693,0.7319466724739558,"[1.49103816 1.49096108 1.4914315  1.49095287 1.4912879  1.49104266
 1.49090338 1.49131945 1.49090491 1.49111877 1.49155668 1.49095223
 1.49151919 1.49113085 1.49092451 1.49121231 1.49099737 1.49119713
 1.49132517 1.49112108 1.49145161 1.49088453 1.49114094 1.49110785
 1.49136897 1.49131874 1.49130864 1.49156158 1.49114076 1.49127055
 1.49123173 1.49118264 1.49116689 1.49117534 1.49121761 1.49118769
 1.49123621 1.49133684 1.49122834 1.49107787 1.49102109 1.49104305
 1.49114233 1.49092808 1.49094753 1.49090029 1.49117751 1.491126
 1.49090179 1.49142448 1.49084883 1.49092536 1.49100478 1.49127283]","[1.17854167 1.970625   0.88795833 2.04304    2.02037681 2.31220833
 1.19618182 1.88705072 1.28247368 0.7805     2.69061765 1.52536364
 2.36490476 2.16681818 1.77173684 2.306      1.8165     1.79521379
 0.82171552 1.86844737 2.02739583 3.9863     1.58713333 2.98715
 2.815125   4.1291875  1.69805263 2.7831875  1.5778     1.21961538
 1.90624194 1.41261207 1.1435     1.41261207 2.36490476 4.13756
 1.649      2.65175439 1.4568125  1.14208889 1.7458     1.5253
 1.30742105 1.06008    1.19031818 2.59833333 0.93177778 1.09476316
 1.12159091 2.2895     1.20126087 1.30956667 2.18108718 2.05901515]",113
22,0,NearestNeighbors,0.04320028148400523,0.5545235990085261,"[2.0372     1.71466667 1.52846667 1.4722     2.38326667 1.71186667
 1.79053333 1.92073333 1.66846667 2.26706667 1.63626667 1.57633333
 2.4306     2.00753333 1.6766     1.80873333 1.43046667 1.71606667
 1.636      1.83226667 1.37813333 2.1142     1.59286667 2.0722
 1.40333333 1.2244     1.72166667 1.57213333 1.4736     2.2472
 1.78353333 1.13313333 1.88853333 1.6094     2.36226667 1.886
 2.1366     1.5604     2.45773333 1.5114     1.44726667 2.28386667
 1.87426667 2.05793333 2.1058     2.41546667 2.38186667 0.95926667
 1.56906667 1.9864     1.545      2.1254     0.99706667]","[0.819      0.81104545 1.2075     1.65469048 2.08013333 1.87295833
 2.80168182 0.835375   2.23500526 2.13706211 1.14429    2.36879545
 2.93973118 2.13205    2.55859091 2.9244058  1.30316667 2.126625
 0.94325    0.74215    1.79953091 2.3488     1.76768468 2.1099
 0.6105     2.72124074 1.40634211 0.56552941 0.55588235 2.51733333
 0.713125   1.66941379 1.75882759 1.00877206 3.11626667 2.66116154
 1.469      1.67356    2.19349807 0.826875   2.5136     2.3526875
 0.77       1.85922989 2.39425    1.74985965 0.9296     0.77056
 0.57325    0.868      2.10697674 0.56298333 0.7392    ]",113
23,0,NearestNeighbors,0.046640509723234636,0.21235113883890075,"[3.67873333 3.93913333 4.1368     4.1354     3.9534     3.93646667
 3.9492     3.68573333 3.90806667 3.87753333 3.5634     3.9534
 3.994      4.03013333 3.56646667 3.84673333 3.9604     3.8834
 4.134      4.071      3.861      4.04133333 4.1046     3.8792
 3.8386     3.46066667 3.8186     3.83553333 4.015      3.9856
 4.0122     4.071      3.8596     3.77086667 3.8596     3.96826667
 4.04693333 3.74706667 3.5816     4.0248     3.924      3.66613333
 4.0094     3.72886667 3.7966     3.9688     4.07073333 4.00073333
 3.60833333 4.0458     3.9352     3.9436     3.8092     3.8722
 3.65746667 3.9688     3.8428     3.8876     3.8442     3.9702    ]","[3.973      4.10270588 3.39166667 3.76880952 4.10572    3.77079699
 4.08472    2.24414035 2.43612281 4.12482353 3.90634783 4.143
 3.74009524 3.78820635 3.99       3.50409375 3.938      3.85896154
 3.961625   3.94481579 4.057      4.154125   4.1753     4.02486111
 3.78590988 4.17154545 3.9715     3.99775    3.90558974 4.05036842
 4.04241667 4.17444444 3.90406897 2.24414035 4.04335    3.33701449
 3.81006061 4.03058065 2.23468333 3.9758     4.010625   3.885
 4.11066667 3.90872222 4.02274286 3.70561111 4.08446154 4.13909091
 4.16868182 4.1065     4.03552273 4.067      3.924875   4.036
 2.78558333 4.13235294 3.68939153 4.06194118 4.02769565 3.7124    ]",113
25,0,NearestNeighbors,0.20138186153821647,0.5256066214974217,"[2.15466667 2.3564     1.89806667 1.45373333 1.783      1.643
 1.9328     1.87706667 1.7774     1.4722     1.53213333 1.8422
 1.8502     1.9118     2.51066667 2.25126667 1.40473333 1.51953333
 2.83713333 2.00066667 1.8334     1.57833333 2.8864     2.2192
 2.00586667 2.31833333 1.88853333 2.63933333 1.783      2.73913333
 1.91066667 1.42433333 1.6584     1.56613333 2.50226667 2.0396
 2.068      1.98766667 1.61893333 2.82033333 2.18953333 2.24553333
 1.64133333 1.81966667 2.19513333 2.01706667 2.05346667 1.818
 2.01033333 1.803     ]","[2.09586111 2.0811     1.27316    1.19317391 2.34226471 2.47122727
 0.47916129 2.522      2.9272     1.536      2.34592157 2.82871053
 1.15373333 1.4455     1.99633333 1.06785    1.2222     1.33957895
 2.33957471 1.32525    2.21801333 0.85225    3.06951802 2.36314545
 1.16586207 2.30948333 2.51237333 3.04514706 0.518      2.911
 2.56972222 2.0905     1.2165     0.17544444 1.99498718 2.21072
 2.4975     1.1375     0.5845     4.14594118 1.91575    1.51742105
 2.2585     1.30261765 1.00719231 1.23017391 1.53685    2.36731818
 3.13134848 1.20293478]",113
26,0,NearestNeighbors,-0.12407418520554381,0.4331163353815978,"[2.34773333 2.18086667 2.52693333 1.72306667 1.93586667 1.85833333
 2.45413333 2.28753333 2.37433333 3.03593333 2.4754     2.76713333
 2.628      2.03973333 2.41633333 2.3998     2.2524     2.33906667
 2.28726667 2.00586667 3.21233333 2.30546667 3.05133333 2.4138
 1.56993333 2.48073333 2.5034     1.96053333 2.16686667 2.11873333
 2.53813333 2.30013333 1.9034     1.94846667 2.46113333 2.20466667
 2.6252     2.21333333 2.48073333 2.26346667]","[2.24170168 2.17665333 2.02421875 3.04335897 2.44401515 2.80915217
 2.12212308 2.50542105 2.47515385 1.867      2.35595833 2.18855645
 2.05712    0.88656522 0.76628947 3.99041667 1.98511765 1.81468966
 2.72571053 1.83407895 3.18866667 2.17986316 2.750375   2.60972727
 2.43383333 3.19562121 2.22205217 1.36635484 2.13575862 1.5365
 1.57823077 1.78185    1.98511765 2.40733333 2.77283333 1.87113043
 2.766125   1.4714     3.0636     1.95558974]",113
29,0,NearestNeighbors,-0.429647804120614,0.10311555848249057,"[0.6244     0.714      0.6608     1.31626667 0.763      1.0976
 1.0066     1.0528     0.6104     1.0878     0.98       0.7616
 0.8008     0.483      0.83846667 0.5474     1.0654     1.0206
 0.6174     0.5544     1.0388     1.29806667 1.06706667 0.6986
 0.4788     0.581      0.5516     1.0584     1.064      0.4956
 1.11606667 0.6958     0.777      1.24206667 0.7868     0.686
 1.0458     1.55173333 0.9324     1.0556     0.651      1.0444
 1.001      0.71946667 0.994      0.8078     0.896      0.9548
 0.5278     0.868      0.8582     0.9408     0.567      0.693
 1.057      0.8526    ]","[0.5505     0.620625   0.92239113 1.20103846 0.8034     0.34758621
 0.77852778 0.77896    0.7662     0.47618333 1.17154545 0.67405435
 0.6083     0.83547561 0.60231818 1.09872    1.22616667 0.72740769
 0.91726923 0.93625    0.62921    0.8043     1.37783333 1.07431579
 0.74025    1.16424    0.7520625  0.76576471 0.56875    0.69026
 1.26588    0.68342105 0.5085     1.38241667 0.81557609 1.204
 0.99715    0.89464865 0.60655    1.21990909 0.92149167 0.90586
 1.0695     0.36272222 0.66373548 1.38075    0.73808824 1.16168182
 0.5143     1.18704444 0.60612097 1.20142105 0.8708     1.10216129
 1.24180606 0.895125  ]",113
30,0,NearestNeighbors,-0.3183071050661552,0.15013634492276748,"[0.8792     0.9912     0.8848     1.1788     1.2422     1.0304
 1.0682     1.12166667 0.8638     1.3962     0.8834     0.9436
 1.1806     1.1494     1.1452     1.587      1.52093333 1.08766667
 0.82993333 1.183      1.54193333 1.1438     0.9674     1.43833333
 1.1536     0.9758     0.9436     1.4652     1.3556     0.8708
 1.239      0.8904     1.2376     1.1466     1.064      1.5898
 1.40613333 1.204      1.078      1.1326     1.0542     0.8862
 1.1116     1.2236     1.127      1.0164     0.987      1.071
 0.8834     0.96306667 1.28433333 1.022      0.9716     1.204
 1.0248     1.358      1.0066     1.48033333 1.19       1.1522    ]","[1.5155     0.788      1.46543478 0.919625   0.99935294 1.58355
 1.47097674 1.43904    1.25244    1.40761765 1.32175    0.921
 1.2215     0.77942308 1.76975479 1.57808571 1.2698     0.796775
 0.41044828 1.43006818 0.9835     0.937125   1.06174359 0.98980952
 1.2306     1.10641176 1.1571875  1.22037097 2.41098039 1.37186538
 0.59808    1.31690476 0.98977273 1.09175294 1.06097727 1.25872174
 0.5131875  0.938      1.05233333 0.93877778 1.0185     0.70212683
 1.09807895 1.3481     0.94870476 1.127      1.35227647 1.28075
 1.07139375 1.2033     0.931      0.98829231 1.31530952 0.88425926
 1.17432    0.78880952 1.652      1.0417931  0.77492857 0.31419444]",113
31,0,NearestNeighbors,-0.38080428556476087,0.016203061481326254,"[ 9.38000000e-02  5.86666667e-02  1.33333333e-04 -1.38600000e-01
  1.05000000e-01 -1.56800000e-01 -8.96000000e-02  1.96000000e-02
  2.80000000e-03 -2.74266667e-01 -1.72200000e-01  3.50000000e-02
 -1.54000000e-01 -2.60266667e-01 -2.28466667e-01  4.62000000e-02
 -1.12000000e-01  5.88000000e-02  2.80000000e-03  7.00000000e-03
 -2.66000000e-02  2.80000000e-02 -1.05000000e-01  3.37333333e-02
  7.00000000e-02  1.20400000e-01 -8.96000000e-02 -1.03600000e-01
 -2.32666667e-01 -1.05000000e-01  8.12000000e-02  2.38000000e-02
 -1.12000000e-01 -2.38000000e-02  8.40000000e-02  3.23333333e-02
 -8.68000000e-02 -4.90000000e-02 -5.04000000e-02 -6.58000000e-02
 -7.70000000e-02  9.94000000e-02  2.10000000e-01 -1.17600000e-01
 -4.73333333e-01 -5.72666667e-02 -4.62000000e-02  5.75333333e-02
 -1.82000000e-02  4.06000000e-02 -6.30000000e-02 -4.20000000e-03
  1.38733333e-01 -1.05000000e-01  1.19000000e-01 -5.32000000e-02
 -1.06400000e-01 -1.19000000e-01  3.36000000e-02 -2.52000000e-01]","[ 0.09775     0.16861765  0.03014118  0.01210588 -0.1359      0.0168
 -0.01676316  0.06172222  0.04076471 -0.21845588 -0.111       0.15188108
 -0.1148     -0.23473    -0.1774      0.081375   -0.063       0.0842625
  0.0105     -0.12571622 -0.23061111 -0.01241935  0.112      -0.0435
 -0.05573077 -0.18184091  0.024      -0.20904545 -0.27085606 -0.05090909
 -0.08733333 -0.08113636 -0.12438462 -0.02081739 -0.04165    -0.07161957
  0.11630769 -0.0336     -0.22516667 -0.04384615 -0.01441176 -0.1041
 -0.00331579 -0.23204167 -0.00572727 -0.03836538 -0.02481818  0.11326
  0.00248684 -0.0728     -0.1727069  -0.07575    -0.039       0.02223529
  0.15283333 -0.15277857 -0.035      -0.14368421  0.02331    -0.233625  ]",113
35,0,NearestNeighbors,-0.2323817704433051,0.04326493243696007,"[ 0.1092      0.1792      0.154       0.3654      0.1792     -0.0238
  0.0854     -0.01706667 -0.26906667  0.0518      0.1974     -0.09686667
  0.1736      0.175      -0.0112      0.0448      0.147       0.1722
  0.0658     -0.03666667 -0.22006667  0.1932     -0.16266667  0.0644
  0.2576      0.0322      0.0434      0.0462      0.0574     -0.21726667
  0.0252     -0.0434     -0.0308     -0.13886667  0.0518     -0.11366667
 -0.0112      0.126       0.2212     -0.0154    ]","[ 0.05983871  0.21488108  0.31372727  0.0962027   0.18774    -0.03206518
 -0.15764286 -0.12095    -0.0676734  -0.056       0.17131579  0.083
  0.00247059 -0.04009091  0.18991304  0.16548    -0.0755     -0.12609524
 -0.0615      0.05995455 -0.24619048 -0.08166667  0.04454545  0.13125
  0.039375    0.23690625 -0.3053     -0.09102778  0.13201364  0.14365
 -0.09530612 -0.05542041  0.09613235 -0.00679412  0.20165385  0.23503846
  0.165375   -0.13143791  0.82483333  0.17325   ]",113
36,0,NearestNeighbors,0.07964259946799868,0.5491274208513419,"[2.19766667 1.6752     1.944      2.2822     2.04506667 1.4686
 1.85606667 1.8236     1.84066667 1.74746667 2.03526667 1.56013333
 1.75753333 1.75753333 2.10833333 1.8544     2.06913333 2.09293333
 1.8264     2.01986667 1.9062     2.17386667 1.79       2.1926
 2.16266667 2.11786667 2.54653333 2.0448     1.79       1.4914
 1.77153333 2.0592     2.08653333 2.0564     2.1838     2.2426
 2.1092     2.33206667 1.97366667 1.84853333 1.7718     1.8376
 2.231      1.7494     1.6962     1.86166667 2.153      1.80933333
 1.19586667 1.944      2.152      1.713      1.2936     1.95966667]","[1.17854167 1.970625   0.88795833 2.04304    2.02037681 2.31220833
 1.19618182 1.88705072 1.28247368 0.7805     2.69061765 1.52536364
 2.36490476 2.16681818 1.77173684 2.306      1.8165     1.79521379
 0.82171552 1.86844737 2.02739583 3.9863     1.58713333 2.98715
 2.815125   4.1291875  1.69805263 2.7831875  1.5778     1.21961538
 1.90624194 1.41261207 1.1435     1.41261207 2.36490476 4.13756
 1.649      2.65175439 1.4568125  1.14208889 1.7458     1.5253
 1.30742105 1.06008    1.19031818 2.59833333 0.93177778 1.09476316
 1.12159091 2.2895     1.20126087 1.30956667 2.18108718 2.05901515]",113
22,0,MLPRegressor,0.2342678273510146,0.4437883415272296,"[1.67309439 1.56894375 1.36477303 1.59507233 2.11683324 1.66523096
 1.49866064 1.463396   1.91254042 2.1177807  1.55950644 1.85080233
 1.98697327 1.82824271 1.6421177  2.14546822 1.43206258 1.8279653
 1.46065598 1.66265045 1.5445387  2.34311139 1.52932836 2.09257657
 1.50927802 1.66538668 1.49372321 1.49951992 1.44771583 1.94192488
 1.83061787 1.2597602  1.70880203 1.51672977 1.86670266 1.85127564
 2.03956663 1.83278522 1.90585519 1.62015627 1.78029556 2.19187086
 1.61570097 2.03417491 1.80717461 1.95326165 2.05479175 1.29819221
 1.4122676  1.90412007 1.68160595 1.69268074 1.33588586]","[0.819      0.81104545 1.2075     1.65469048 2.08013333 1.87295833
 2.80168182 0.835375   2.23500526 2.13706211 1.14429    2.36879545
 2.93973118 2.13205    2.55859091 2.9244058  1.30316667 2.126625
 0.94325    0.74215    1.79953091 2.3488     1.76768468 2.1099
 0.6105     2.72124074 1.40634211 0.56552941 0.55588235 2.51733333
 0.713125   1.66941379 1.75882759 1.00877206 3.11626667 2.66116154
 1.469      1.67356    2.19349807 0.826875   2.5136     2.3526875
 0.77       1.85922989 2.39425    1.74985965 0.9296     0.77056
 0.57325    0.868      2.10697674 0.56298333 0.7392    ]",113
23,0,MLPRegressor,0.09806020205197907,0.20089792487699334,"[3.75370843 3.84623088 3.61621957 4.13481143 3.84340067 3.84975668
 3.68113395 3.77611918 3.72675047 3.83909088 3.74889041 3.86959673
 3.84411696 3.55799764 3.63648648 3.85474755 3.99455618 3.79929391
 4.14870995 3.89424153 3.98482235 3.79078322 3.97515767 3.97745859
 3.79945873 3.48686183 3.78922395 3.97591505 3.80811593 3.93207532
 4.00210129 3.60228302 3.87121732 3.754701   4.02350442 3.7333035
 3.59901621 3.65916172 3.43824199 3.695387   4.01891538 3.81122202
 3.86511014 3.76778587 3.97768168 3.90966133 3.48818564 3.86780696
 3.52459355 3.72469921 3.95787805 3.87063246 3.99394319 4.03784716
 3.44748535 3.77094551 3.85586678 3.93077215 3.99929022 3.7252873 ]","[3.973      4.10270588 3.39166667 3.76880952 4.10572    3.77079699
 4.08472    2.24414035 2.43612281 4.12482353 3.90634783 4.143
 3.74009524 3.78820635 3.99       3.50409375 3.938      3.85896154
 3.961625   3.94481579 4.057      4.154125   4.1753     4.02486111
 3.78590988 4.17154545 3.9715     3.99775    3.90558974 4.05036842
 4.04241667 4.17444444 3.90406897 2.24414035 4.04335    3.33701449
 3.81006061 4.03058065 2.23468333 3.9758     4.010625   3.885
 4.11066667 3.90872222 4.02274286 3.70561111 4.08446154 4.13909091
 4.16868182 4.1065     4.03552273 4.067      3.924875   4.036
 2.78558333 4.13235294 3.68939153 4.06194118 4.02769565 3.7124    ]",113
25,0,MLPRegressor,0.30844608585007527,0.4551428259565556,"[2.09309431 2.47540542 1.88277946 2.08903858 1.40810997 2.29138514
 1.42128538 2.08930602 2.07084186 1.49842418 1.37973189 2.28933961
 1.75828254 1.32493472 2.51011735 2.30866056 1.9444101  1.80863691
 2.54111037 2.41027534 2.13337634 1.27708142 2.83518239 2.59669184
 2.24810582 2.67332016 2.21464984 2.61962946 1.67984156 2.46352883
 2.06747646 2.00383472 1.63090709 1.81634921 2.57728945 1.89500541
 2.37274172 1.34308873 1.13780048 2.75032518 2.07452423 2.28174157
 1.96576223 1.9589951  2.28625034 1.23245093 1.54942028 2.2573255
 2.37022254 2.03766436]","[2.09586111 2.0811     1.27316    1.19317391 2.34226471 2.47122727
 0.47916129 2.522      2.9272     1.536      2.34592157 2.82871053
 1.15373333 1.4455     1.99633333 1.06785    1.2222     1.33957895
 2.33957471 1.32525    2.21801333 0.85225    3.06951802 2.36314545
 1.16586207 2.30948333 2.51237333 3.04514706 0.518      2.911
 2.56972222 2.0905     1.2165     0.17544444 1.99498718 2.21072
 2.4975     1.1375     0.5845     4.14594118 1.91575    1.51742105
 2.2585     1.30261765 1.00719231 1.23017391 1.53685    2.36731818
 3.13134848 1.20293478]",113
26,0,MLPRegressor,0.04122005847492716,0.3694269116542239,"[2.23091635 2.19793349 2.40714121 1.7048647  1.79336064 1.41315581
 2.63280198 1.56031777 2.11787801 2.87514572 2.56411526 2.45571186
 2.34880403 1.91654292 1.95371867 2.68394917 1.69244244 1.80885596
 2.41361221 1.54610275 2.67949587 2.32080793 2.82757496 2.68053349
 2.23024003 2.48266686 3.10696801 1.43511266 2.20735195 1.98149759
 1.97780531 2.28267716 1.54673025 2.06958169 2.4528276  1.88510092
 2.42880034 1.94984514 2.5412933  2.46449021]","[2.24170168 2.17665333 2.02421875 3.04335897 2.44401515 2.80915217
 2.12212308 2.50542105 2.47515385 1.867      2.35595833 2.18855645
 2.05712    0.88656522 0.76628947 3.99041667 1.98511765 1.81468966
 2.72571053 1.83407895 3.18866667 2.17986316 2.750375   2.60972727
 2.43383333 3.19562121 2.22205217 1.36635484 2.13575862 1.5365
 1.57823077 1.78185    1.98511765 2.40733333 2.77283333 1.87113043
 2.766125   1.4714     3.0636     1.95558974]",113
29,0,MLPRegressor,-0.23266396740758655,0.08890779467091205,"[0.49909659 0.68227173 0.76757704 0.98909882 0.66452553 0.85510396
 1.05038766 1.02440322 0.63058309 1.01685758 1.15055314 0.85229398
 0.6576143  0.50673614 0.81795904 0.71886218 1.08827554 1.09514159
 0.80223707 0.42871024 1.00944946 1.05288718 0.91400962 0.73648853
 0.67157194 0.66348276 0.48033749 0.97023704 1.19901587 0.48898387
 1.18412017 0.57965526 0.77494903 1.06691515 0.84688723 0.69832493
 1.00092874 1.03920385 0.85983848 1.08899468 0.59617787 0.97536342
 0.95061232 0.67694878 1.01511162 0.72040188 0.80129734 0.88894792
 0.53883583 1.09989629 0.79991105 1.04719359 0.72476229 0.47440303
 0.942179   0.58583387]","[0.5505     0.620625   0.92239113 1.20103846 0.8034     0.34758621
 0.77852778 0.77896    0.7662     0.47618333 1.17154545 0.67405435
 0.6083     0.83547561 0.60231818 1.09872    1.22616667 0.72740769
 0.91726923 0.93625    0.62921    0.8043     1.37783333 1.07431579
 0.74025    1.16424    0.7520625  0.76576471 0.56875    0.69026
 1.26588    0.68342105 0.5085     1.38241667 0.81557609 1.204
 0.99715    0.89464865 0.60655    1.21990909 0.92149167 0.90586
 1.0695     0.36272222 0.66373548 1.38075    0.73808824 1.16168182
 0.5143     1.18704444 0.60612097 1.20142105 0.8708     1.10216129
 1.24180606 0.895125  ]",113
30,0,MLPRegressor,-0.04428492166684239,0.11892913312422032,"[1.26781771 0.97038568 1.06892069 1.09478075 1.26043353 1.0085497
 1.26397883 1.35579855 0.9601079  1.1453041  1.10061269 0.99521943
 1.26594238 1.00265516 0.87401116 1.13101161 0.9970942  1.18009895
 0.89439041 1.04748957 0.98012788 0.91521447 0.97851939 1.11621389
 0.93294989 1.14917248 0.86459686 1.18362011 1.29579555 1.14224161
 1.09117966 1.0830342  1.06837504 1.19330605 1.24657919 1.08313896
 1.08602837 0.96173432 1.24013276 0.92206736 1.3118774  1.11962498
 1.07114289 1.28061361 1.17807902 1.14504736 0.86750503 1.09390634
 1.20216814 1.21423567 1.15341867 1.30328862 1.01813071 1.13192
 1.03432813 1.35576659 1.21609183 1.06121346 1.30777136 1.07553636]","[1.5155     0.788      1.46543478 0.919625   0.99935294 1.58355
 1.47097674 1.43904    1.25244    1.40761765 1.32175    0.921
 1.2215     0.77942308 1.76975479 1.57808571 1.2698     0.796775
 0.41044828 1.43006818 0.9835     0.937125   1.06174359 0.98980952
 1.2306     1.10641176 1.1571875  1.22037097 2.41098039 1.37186538
 0.59808    1.31690476 0.98977273 1.09175294 1.06097727 1.25872174
 0.5131875  0.938      1.05233333 0.93877778 1.0185     0.70212683
 1.09807895 1.3481     0.94870476 1.127      1.35227647 1.28075
 1.07139375 1.2033     0.931      0.98829231 1.31530952 0.88425926
 1.17432    0.78880952 1.652      1.0417931  0.77492857 0.31419444]",113
31,0,MLPRegressor,0.038565882144600105,0.01128195812014308,"[ 0.02076745 -0.04253148 -0.02118685 -0.00434107 -0.05297326 -0.08144859
  0.04591054 -0.08855844 -0.05770248 -0.1142846  -0.12151909 -0.01106368
  0.00794013 -0.10971117 -0.05937779  0.00030154 -0.03565321 -0.07555297
  0.02999117 -0.0144485  -0.02611664 -0.02771328  0.00541944 -0.09858837
 -0.07196969 -0.06474731 -0.03896393 -0.00296224 -0.05353237 -0.07579995
 -0.06242016 -0.01515052  0.03787447 -0.02382834 -0.0561534  -0.00767928
 -0.00184521 -0.07836459 -0.09043306 -0.06021559 -0.08480537 -0.05476906
 -0.00294948 -0.09911212 -0.10639449 -0.12665657 -0.00411228 -0.07739737
  0.04274224 -0.03547947 -0.03628072 -0.0384186  -0.08935411  0.11556879
  0.07750078  0.00706364 -0.05507259  0.00543964  0.07295965 -0.03884011]","[ 0.09775     0.16861765  0.03014118  0.01210588 -0.1359      0.0168
 -0.01676316  0.06172222  0.04076471 -0.21845588 -0.111       0.15188108
 -0.1148     -0.23473    -0.1774      0.081375   -0.063       0.0842625
  0.0105     -0.12571622 -0.23061111 -0.01241935  0.112      -0.0435
 -0.05573077 -0.18184091  0.024      -0.20904545 -0.27085606 -0.05090909
 -0.08733333 -0.08113636 -0.12438462 -0.02081739 -0.04165    -0.07161957
  0.11630769 -0.0336     -0.22516667 -0.04384615 -0.01441176 -0.1041
 -0.00331579 -0.23204167 -0.00572727 -0.03836538 -0.02481818  0.11326
  0.00248684 -0.0728     -0.1727069  -0.07575    -0.039       0.02223529
  0.15283333 -0.15277857 -0.035      -0.14368421  0.02331    -0.233625  ]",113
35,0,MLPRegressor,0.04299457248726568,0.03359736094461106,"[ 0.09185748  0.25605267  0.16117532  0.17982026  0.19581989  0.11416692
  0.12436416  0.06440734  0.15929154  0.0824937   0.17923167  0.0809235
  0.2102326   0.09747581  0.24524735  0.09770817 -0.00908313  0.08442098
  0.03269686  0.04033801  0.19121859  0.24062796  0.10773111  0.13684148
  0.09337763  0.02792436  0.04834996  0.12392936  0.14586236  0.1192973
  0.11998722  0.18355885  0.21936001  0.07935246  0.10772028  0.11105757
  0.15555275  0.11550574  0.32772899  0.1457347 ]","[ 0.05983871  0.21488108  0.31372727  0.0962027   0.18774    -0.03206518
 -0.15764286 -0.12095    -0.0676734  -0.056       0.17131579  0.083
  0.00247059 -0.04009091  0.18991304  0.16548    -0.0755     -0.12609524
 -0.0615      0.05995455 -0.24619048 -0.08166667  0.04454545  0.13125
  0.039375    0.23690625 -0.3053     -0.09102778  0.13201364  0.14365
 -0.09530612 -0.05542041  0.09613235 -0.00679412  0.20165385  0.23503846
  0.165375   -0.13143791  0.82483333  0.17325   ]",113
36,0,MLPRegressor,-0.11154631635613343,0.663199493484412,"[1.88043925 1.68619442 1.97728807 1.69403953 1.45772897 1.75836815
 1.38534494 1.67717164 1.21523844 1.94133728 2.08157208 1.7369403
 2.12637085 1.97289838 1.79589387 1.7884799  1.67357612 1.81459295
 1.86858305 1.8501239  1.81113378 1.47639656 1.68212716 2.00794863
 1.58506907 1.465486   2.44320979 2.29154443 1.68042264 1.70092333
 1.87193955 2.08500591 1.83498718 2.05607648 2.08353024 1.94908734
 2.3574467  2.11125388 1.68442586 1.59415116 1.61779612 1.57606655
 1.91091927 1.6216629  1.50471477 1.2455669  1.95829164 2.01712923
 1.39020067 1.6676731  1.42693522 1.4300519  1.63516289 1.42680383]","[1.17854167 1.970625   0.88795833 2.04304    2.02037681 2.31220833
 1.19618182 1.88705072 1.28247368 0.7805     2.69061765 1.52536364
 2.36490476 2.16681818 1.77173684 2.306      1.8165     1.79521379
 0.82171552 1.86844737 2.02739583 3.9863     1.58713333 2.98715
 2.815125   4.1291875  1.69805263 2.7831875  1.5778     1.21961538
 1.90624194 1.41261207 1.1435     1.41261207 2.36490476 4.13756
 1.649      2.65175439 1.4568125  1.14208889 1.7458     1.5253
 1.30742105 1.06008    1.19031818 2.59833333 0.93177778 1.09476316
 1.12159091 2.2895     1.20126087 1.30956667 2.18108718 2.05901515]",113
22,0,CausalForestDML,0.34036080826793846,0.5277669993194011,"[1.12745182 1.96400929 1.19931741 1.6380449  2.01913611 2.36083261
 1.09868018 1.41992552 2.11956877 1.92879894 2.25804546 1.33620645
 2.21944926 1.30251712 1.07400378 1.76648269 2.455209   1.92861341
 2.10211175 2.51342668 2.08953556 1.06437442 1.674082   2.17350604
 1.11995439 1.7198448  2.25474704 1.17811976 1.91756844 2.15732506
 1.86787964 1.90817871 1.44928712 1.96297012 1.88240515 1.88800829
 1.20670638 2.49209052 1.9266472  1.67609455 1.62886357 1.3979445
 1.12831374 1.21691279 1.07060153 0.99840452 1.32611378 2.17564222
 1.34679575 1.41837966 1.05752869 1.23760997 1.1349309 ]","[1.0514     0.8799     1.30354167 1.93491346 4.00592857 2.62478947
 1.14429    1.67356    0.80315    1.83787879 2.194      0.65769091
 2.13205    0.83734483 0.57858621 2.5136     0.56466667 2.08013333
 3.88991304 1.48037634 2.28575    1.06008    1.99110142 3.87884211
 0.835375   2.56715909 2.10697674 0.87690909 2.39425    2.98273563
 1.461      3.29379545 1.93022222 0.9296     2.04175    1.56795865
 0.96191667 2.81712946 2.28968548 0.77677174 0.669375   1.65469048
 1.03384615 0.902      1.27092529 0.794      0.7965     2.23500526
 1.67356    1.059      0.77056    0.826875   0.8505    ]",114
23,0,CausalForestDML,-0.18333410478192858,0.1377124768487254,"[3.84189372 3.67938295 3.65266831 3.69871998 3.80994755 4.05024781
 3.55164928 3.96515682 3.87624902 3.64319811 3.76410793 3.64932182
 3.68556068 3.67179757 3.73636824 4.00551678 3.6691542  3.66206775
 3.46992552 3.67917223 3.71814112 3.70299242 3.68314716 3.68938878
 3.84591758 4.01789876 4.02421399 3.67535536 3.67968419 3.85053142
 4.05019579 3.89688919 3.76128529 3.68129145 3.84092352 3.71515519
 3.72153124 4.06758763 3.42325116 3.84689545 3.89092535 3.5655006
 3.68164998 3.46780018 3.68707162 4.06683465 3.92853641 3.68802912
 3.69620172 3.74861837 3.41307737 3.70102685 3.67931868 3.6932084
 3.673441   3.46190685 3.88216098 3.49834018 3.8403791  3.54142684]","[2.9861     4.0075     3.78590988 4.14503846 4.12370588 4.03782609
 4.21068182 3.91215385 3.95786047 4.0906     4.02878125 3.99113636
 4.141      4.08472    4.00934615 4.08390476 3.6947517  3.66048958
 3.1401     4.02769565 4.0615     3.92479167 4.10577419 4.03012
 3.99775    3.75125    4.089375   4.10641176 3.7922     4.18842105
 3.76880952 3.93907692 4.057      3.99018182 3.95470968 4.10488
 3.89334483 4.14594118 3.78820635 3.39166667 3.91825    4.132
 4.02274286 2.78558333 4.080625   4.132      3.89577419 4.14683333
 4.04241667 4.0635625  2.78492    4.07357895 4.138      4.117
 4.07877778 2.901      3.94888889 4.1965     3.42433333 4.132     ]",114
25,0,CausalForestDML,0.3359541990191005,0.41684028331392853,"[1.75467738 1.69464788 2.47136947 2.30409568 2.38394704 1.63660418
 1.74336352 1.78016003 1.83787806 2.5793514  1.78294695 2.03188791
 1.89757261 1.29557442 1.80260568 2.25617691 1.88846745 2.24879905
 2.37493975 2.04544855 2.04313753 1.33204391 2.499542   1.74048225
 1.89368424 2.41530689 1.58999271 1.63938048 1.35962027 1.44763469
 2.0862033  2.52537852 1.64507351 1.80102366 2.03522096 1.58972322
 2.510412   1.85083986 1.62413452 1.62034225 2.33772352 2.70682043
 2.00125594 2.16779115 2.49321663 2.18219921 2.05079056 2.00498768
 1.93057292 1.77719356]","[1.0318     0.99095652 2.40159649 3.28494253 4.00288462 1.49890476
 0.81035294 1.08133333 1.878025   2.80949    1.05024074 2.84516667
 2.5255     0.94067647 1.16905645 2.09586111 1.70721849 2.51237333
 2.46705    2.29082105 2.9473     2.01885507 2.61029545 2.25205714
 2.58397778 2.608625   1.60428947 1.16375    1.38504545 2.32315625
 1.30755882 3.04514706 1.15710714 2.39346552 2.9272     0.96075
 3.06951802 1.17705    3.46066667 2.23941304 3.16918667 3.19253623
 1.270325   2.69691729 2.79125    2.30948333 2.17833333 1.64516667
 2.40216667 1.627     ]",114
26,0,CausalForestDML,0.12031007069499655,0.47427304120356356,"[1.97338406 2.43982821 2.5766177  2.50000954 2.19226452 2.04159655
 2.28115148 2.14348672 2.18820962 2.60399808 2.30450611 2.37794057
 1.88915139 2.0470998  2.13641035 2.29191871 2.09202729 2.3032722
 2.21571435 2.50199071 1.85909487 2.22541583 2.00869516 1.97973869
 2.14745496 1.94769902 2.50511508 2.12932353 2.57217726 2.45377666
 1.81593436 2.71509602 2.13144285 2.17801797 2.29888616 2.23450396
 2.04986533 2.05392432 2.20495537 2.60557051]","[1.35322727 2.29133333 2.44401515 3.04836957 2.12212308 2.35137333
 4.015      2.92738462 1.70486842 3.99480769 1.5365     4.11475
 2.11802564 1.3349     2.03865152 2.47515385 1.94366667 2.43383333
 2.45227368 2.83598387 2.25107658 3.0636     1.19031818 1.81468966
 2.35533333 2.71642105 1.538      2.18855645 1.561      2.0665
 2.13575862 3.99041667 2.50642727 2.55029167 2.17986316 1.0115
 2.04443548 2.22865278 2.37853333 2.35333333]",114
29,0,CausalForestDML,0.34752446567671946,0.05133332347273922,"[0.82948981 0.63744041 0.71462029 0.84630416 0.78118327 0.80259358
 0.87441471 0.87841952 0.68119108 1.25866738 0.81532218 0.93804942
 0.84007476 0.77118535 0.71313737 1.24053831 0.95493042 0.88510138
 0.71905641 0.60776862 0.61934998 0.70985725 0.83608736 0.90367208
 1.25789441 0.72172631 0.7086139  0.91447003 0.70890834 0.70053662
 0.75173632 0.70802797 0.81468272 0.95643755 0.87825544 0.61475747
 0.92954633 0.77163897 0.6064097  0.9202795  0.65356263 0.91102299
 1.25521563 1.02087048 0.88418551 0.90453345 0.96841372 0.98164522
 0.88306048 0.79067021 0.74781532 0.78971209 0.84170386 0.69369416
 0.93977435 0.60620172]","[1.08340909 0.63626316 0.7252     0.66376154 0.7903913  0.88977778
 0.77164706 0.96052727 0.92239113 1.322      0.763      1.13495455
 1.37783333 0.5691     0.49340909 0.8239     0.790125   0.88240385
 1.09872    0.67258333 0.712775   0.5922     0.789      0.74445
 1.43535    0.58668421 0.7232     1.54455    0.60612097 0.37778947
 0.86365789 0.966      0.693      1.35210526 0.7955     0.55882051
 0.96117    0.716625   0.3297     0.99813913 0.58864865 1.13910714
 1.17752174 0.8043     0.62921    1.20103846 1.18704444 1.00030952
 1.2056625  0.24952941 0.71729412 1.24180606 0.68891667 0.6181875
 0.9905     0.7392    ]",114
30,0,CausalForestDML,-0.02700569844905143,0.13115389322506693,"[1.0653493  1.05978823 1.073      1.08362419 1.04481724 1.04305855
 1.09762557 1.04474926 1.0503659  1.04516171 1.11753095 1.0028515
 1.03792212 0.99910285 1.0316176  1.00058821 1.04992674 1.12599412
 1.12526542 1.03290855 1.18638657 1.08225058 1.04647332 1.05737826
 1.00015796 1.0593778  0.98973943 1.03336356 0.99117268 1.06651491
 1.06146595 1.05204681 1.08604217 1.02013464 1.07067567 1.03028478
 1.20718624 1.06539953 0.99394657 1.13053068 1.08083547 1.11520783
 1.05032183 1.02342993 1.1474771  1.32144203 1.08908092 1.06826589
 1.02183548 1.07634434 1.060568   1.01215577 1.01986757 1.12138686
 1.06536052 1.04585973 1.07633046 1.0471418  1.09146074 1.02534904]","[0.74411111 1.34925    1.2306     1.39125    1.10896154 1.22811111
 1.43904    0.56159    0.76206667 0.873      0.74515385 1.0875
 0.58296    1.47097674 1.003      0.98425    1.10968421 1.20467308
 1.34295    1.8322625  1.65777241 0.59808    0.87696    0.99567391
 1.127      1.99735556 0.96722105 1.03483333 1.13782927 0.919625
 1.1015     1.41556383 1.377875   1.04196957 1.34490476 1.31530952
 1.52716667 2.0318     1.30101176 1.1732     1.21809677 1.41425
 1.07188679 0.31419444 1.12753684 2.36433333 1.56261538 1.38310345
 1.09807895 1.38872143 1.10662963 0.97189474 1.1433587  1.5785
 1.68063816 1.0542     1.37359091 1.01325    1.2453     1.1014    ]",114
31,0,CausalForestDML,0.2535005670058891,0.015485830967215257,"[-0.13007701 -0.00198796 -0.03071811 -0.04734359 -0.01114995 -0.01822994
 -0.03672673 -0.05012264 -0.08180333 -0.10045316 -0.01015355 -0.00148566
 -0.01227857 -0.01417404  0.00345049  0.062036    0.01171942 -0.03813111
 -0.08146378 -0.01575786 -0.00315244 -0.11501425 -0.00831752  0.00258088
 -0.04927764 -0.00113051 -0.0372908   0.00501619  0.0296092   0.00123832
 -0.08420041  0.02466117  0.07525856 -0.1146031  -0.01591791 -0.04658449
 -0.01099892 -0.08587441 -0.13481501 -0.0208026  -0.04683957 -0.01441567
 -0.03757023 -0.12988258 -0.10672213 -0.10171002 -0.11617392 -0.05299274
  0.02899744 -0.11059703  0.06632804 -0.05566261 -0.00363889  0.00657946
 -0.08208908 -0.02890749 -0.00739516 -0.0820037  -0.0967877  -0.07480988]","[-0.11019565  0.02066667 -0.05573077 -0.01575     0.02066667 -0.07893529
  0.06172222  0.15       -0.0315     -0.04875    -0.20243333 -0.07744444
 -0.0405     -0.01676316  0.00731818  0.16861765  0.05896154  0.06066667
 -0.18075556  0.01081818 -0.19554118 -0.08733333 -0.24964     0.17590476
 -0.03836538 -0.02424265 -0.09717647 -0.10047879  0.154875    0.01210588
 -0.0954      0.012       0.24990476 -0.23549286 -0.05323784 -0.039
  0.6195     -0.20645528 -0.02261538  0.12845    -0.0973      0.12456818
 -0.00289655 -0.233625   -0.02227273 -0.13172727 -0.19227419 -0.03226087
 -0.00331579 -0.22342143  0.25279167 -0.04943077  0.0126      0.119
 -0.18397826 -0.05631818  0.11230435 -0.0355122  -0.11792308 -0.1038587 ]",114
35,0,CausalForestDML,0.06382896832882323,0.06458449038622523,"[ 0.10499941 -0.00223579 -0.02923354  0.11515028  0.06768113  0.06392176
  0.04199067  0.05588247  0.07316165 -0.02982739  0.10302481  0.06464273
  0.12265995  0.00915451  0.07764921  0.04324816  0.11296816  0.01994527
  0.09603626 -0.14593382 -0.09394057  0.07559512 -0.01078875  0.04653979
  0.0030156   0.0995429   0.03525195  0.02573686  0.05896661  0.08461841
  0.11013707  0.02172535  0.03067953  0.06540428  0.08018876  0.04946185
  0.01202113  0.07123296  0.08241139  0.06333607]","[ 0.3885     -0.16733957 -0.0615      0.14028     0.11424     0.35816667
  0.039375    0.08297561 -0.042       0.0825      0.20625    -0.3053
  0.91184211 -0.10118701  0.82483333  0.14035     0.18401338 -0.0676734
  0.18991304 -0.06191379 -0.18253846  0.82483333  0.18103448 -0.10682609
 -0.16578748  0.38422222  0.07228125 -0.03825926  0.3185      0.1869
  0.23503846 -0.06314815  0.02433333 -0.05775     0.22125     0.3522931
 -0.03206518  0.04454545  0.1276      0.12025   ]",114
36,0,CausalForestDML,0.11890589442244803,0.42718126429836545,"[1.9033151  1.82015932 1.76979181 1.72992394 2.05034783 1.64014707
 1.85047006 1.64639591 1.68943175 1.83318075 1.53690084 1.70633652
 1.64273103 1.84936718 1.7977431  1.56912962 1.85987338 1.8158827
 1.67291292 1.79425082 1.80487054 1.78283973 2.01671708 1.85413641
 1.75205092 1.4976618  1.63859205 1.54203353 1.50827628 1.82643836
 1.7879957  1.98932711 1.69482371 1.80428645 1.72582343 1.73226224
 1.81189718 1.69580389 1.80300495 1.97108164 1.96592614 1.70465353
 1.84889199 1.8561763  1.89422606 1.84250699 2.10261221 1.87096693
 1.84536486 1.69553752 1.66880625 1.65088258 1.83612225 1.69308848]","[0.88795833 1.77161957 2.6392963  0.9432973  0.72077778 1.33485714
 2.86745    1.30956667 2.36354545 1.65585    1.38352941 1.50315
 1.29590476 1.8866     2.35078788 0.5662     2.815125   2.07165333
 1.22686667 0.745      1.76258784 1.17934783 1.88285965 2.04304
 2.76434    1.27321765 1.3722549  1.30651111 1.34231034 2.358
 1.10942222 2.94083333 1.5145     1.1865     2.38136364 2.05901515
 1.76675    0.90533333 2.05833333 1.8396     4.13756    1.28791667
 2.15350725 2.9825     1.98404    1.48615385 2.02115152 2.53428333
 1.18084615 1.08619231 1.5778     0.79613889 1.6996     1.52306667]",114
22,0,RandomForestRegressor,0.19111291459468904,0.6471779045323628,"[0.86428487 2.21503964 0.83626813 1.72912641 1.98328769 2.72274693
 1.03219886 1.24329623 2.98885727 1.39291275 2.86926236 1.11863809
 2.62882636 0.96828606 0.85061377 1.26438819 2.6143691  1.35784754
 3.25440085 2.87869993 2.75429415 1.02510473 1.56140453 2.12188218
 1.18529247 1.87221409 3.10437439 1.1485224  2.13097519 2.24963288
 1.17514378 1.86458653 1.21617742 1.50764533 1.45873008 1.5252388
 0.81974512 2.91200943 1.91275893 1.3676665  2.27344827 1.4586344
 1.08285837 0.9038534  0.87975785 0.8574469  1.41570555 1.99021196
 1.01631619 1.23014754 0.86671332 0.90996664 0.91484506]","[1.0514     0.8799     1.30354167 1.93491346 4.00592857 2.62478947
 1.14429    1.67356    0.80315    1.83787879 2.194      0.65769091
 2.13205    0.83734483 0.57858621 2.5136     0.56466667 2.08013333
 3.88991304 1.48037634 2.28575    1.06008    1.99110142 3.87884211
 0.835375   2.56715909 2.10697674 0.87690909 2.39425    2.98273563
 1.461      3.29379545 1.93022222 0.9296     2.04175    1.56795865
 0.96191667 2.81712946 2.28968548 0.77677174 0.669375   1.65469048
 1.03384615 0.902      1.27092529 0.794      0.7965     2.23500526
 1.67356    1.059      0.77056    0.826875   0.8505    ]",114
23,0,RandomForestRegressor,0.11716899331047137,0.1027409284315975,"[4.11398147 3.65379388 3.687334   3.803146   3.87109686 4.1841001
 3.98977    4.05751203 4.09473138 3.75545888 3.63018594 3.81184688
 3.77293    3.796095   4.02466693 4.23929049 3.758464   3.773154
 3.61242025 3.844081   3.96064099 3.77312554 3.769682   3.76080974
 3.48804372 4.21424866 4.16088677 3.68512135 3.79839243 4.20514533
 4.17041402 4.01410361 3.90686104 3.710343   3.99567947 4.0372242
 3.91094592 4.22013522 3.39977632 4.1319339  3.96656204 3.83658
 3.66678    2.56358486 3.855802   4.214409   4.02041004 3.826246
 3.78692286 3.70962379 2.95161412 3.707872   3.919435   3.872501
 3.791487   3.41438617 3.94623261 3.96063211 4.11019854 3.99339967]","[2.9861     4.0075     3.78590988 4.14503846 4.12370588 4.03782609
 4.21068182 3.91215385 3.95786047 4.0906     4.02878125 3.99113636
 4.141      4.08472    4.00934615 4.08390476 3.6947517  3.66048958
 3.1401     4.02769565 4.0615     3.92479167 4.10577419 4.03012
 3.99775    3.75125    4.089375   4.10641176 3.7922     4.18842105
 3.76880952 3.93907692 4.057      3.99018182 3.95470968 4.10488
 3.89334483 4.14594118 3.78820635 3.39166667 3.91825    4.132
 4.02274286 2.78558333 4.080625   4.132      3.89577419 4.14683333
 4.04241667 4.0635625  2.78492    4.07357895 4.138      4.117
 4.07877778 2.901      3.94888889 4.1965     3.42433333 4.132     ]",114
25,0,RandomForestRegressor,0.3124096396592524,0.4316198674624367,"[1.21760198 1.79517867 3.56211288 2.63858588 2.71073472 1.39249006
 1.1185926  1.12666666 1.39136322 2.7406215  1.45733009 1.57945502
 2.03069381 1.04247114 1.78275363 2.74888231 1.47005791 1.66598382
 2.88974984 2.67503059 2.29803837 1.39905436 3.11774221 1.23689388
 1.7861255  3.24064822 1.62777785 1.30156185 1.26449234 1.65582349
 1.89705836 3.16769089 1.3018141  1.83233809 2.489317   1.42812832
 2.82920472 1.14529239 1.45142963 0.88039217 2.84655439 2.81322103
 1.58422394 2.58318909 3.40057204 3.43748169 2.68607204 1.97161298
 2.03678235 1.79784836]","[1.0318     0.99095652 2.40159649 3.28494253 4.00288462 1.49890476
 0.81035294 1.08133333 1.878025   2.80949    1.05024074 2.84516667
 2.5255     0.94067647 1.16905645 2.09586111 1.70721849 2.51237333
 2.46705    2.29082105 2.9473     2.01885507 2.61029545 2.25205714
 2.58397778 2.608625   1.60428947 1.16375    1.38504545 2.32315625
 1.30755882 3.04514706 1.15710714 2.39346552 2.9272     0.96075
 3.06951802 1.17705    3.46066667 2.23941304 3.16918667 3.19253623
 1.270325   2.69691729 2.79125    2.30948333 2.17833333 1.64516667
 2.40216667 1.627     ]",114
26,0,RandomForestRegressor,-0.009927393689900033,0.5444888254870842,"[1.6361044  2.03794121 2.64305676 2.68011966 2.48365067 1.84186082
 2.90712346 2.07197095 2.29768429 2.88556442 2.62931084 2.6818368
 1.44972018 2.15348799 2.15686603 2.70169548 1.99788546 2.01759258
 2.45631513 3.36448307 1.69898822 1.64107735 1.25650609 1.71794564
 2.42400279 1.95402655 2.80422135 2.46489076 3.45594918 2.77577013
 1.41056276 3.46593136 1.95860841 1.91700632 2.06264105 2.28988359
 1.4142562  1.77396694 1.96415567 2.48151589]","[1.35322727 2.29133333 2.44401515 3.04836957 2.12212308 2.35137333
 4.015      2.92738462 1.70486842 3.99480769 1.5365     4.11475
 2.11802564 1.3349     2.03865152 2.47515385 1.94366667 2.43383333
 2.45227368 2.83598387 2.25107658 3.0636     1.19031818 1.81468966
 2.35533333 2.71642105 1.538      2.18855645 1.561      2.0665
 2.13575862 3.99041667 2.50642727 2.55029167 2.17986316 1.0115
 2.04443548 2.22865278 2.37853333 2.35333333]",114
29,0,RandomForestRegressor,-0.0915840895821236,0.08588006173492989,"[0.89275674 0.60531063 0.54172107 0.68430099 0.72296858 0.76397603
 1.11351043 0.92393545 0.77686171 1.73472286 0.84162079 0.97202922
 0.79493595 0.98982039 0.73646272 1.71261259 1.24518078 0.89925087
 0.70970205 0.4908581  0.42732125 0.35307711 0.81016818 1.09551979
 1.02247966 0.70780515 0.56000419 1.10229886 0.6842729  0.6567758
 0.85888594 0.76493103 0.77832723 0.90744208 1.04113298 0.29326245
 1.24058082 0.82476525 0.29763847 0.98701175 0.65481847 1.16276658
 1.01737645 1.04872306 1.02281501 1.34924192 1.10162438 1.05657838
 0.96690497 0.97351151 0.55570203 0.60796662 0.85340383 0.66230495
 0.90348877 0.46803826]","[1.08340909 0.63626316 0.7252     0.66376154 0.7903913  0.88977778
 0.77164706 0.96052727 0.92239113 1.322      0.763      1.13495455
 1.37783333 0.5691     0.49340909 0.8239     0.790125   0.88240385
 1.09872    0.67258333 0.712775   0.5922     0.789      0.74445
 1.43535    0.58668421 0.7232     1.54455    0.60612097 0.37778947
 0.86365789 0.966      0.693      1.35210526 0.7955     0.55882051
 0.96117    0.716625   0.3297     0.99813913 0.58864865 1.13910714
 1.17752174 0.8043     0.62921    1.20103846 1.18704444 1.00030952
 1.2056625  0.24952941 0.71729412 1.24180606 0.68891667 0.6181875
 0.9905     0.7392    ]",114
30,0,RandomForestRegressor,-0.082207053882557,0.13820338933530116,"[1.29938327 1.16485745 1.89792771 1.263517   1.20113966 1.47044573
 1.865482   0.87102091 1.0518     0.81809111 1.41771804 0.87498958
 1.07694787 1.3407993  0.87180993 0.45639841 1.01005415 1.83137551
 1.37779205 0.93071814 1.48350476 1.11141996 1.2766267  1.5805878
 1.28211839 1.88597791 0.83541132 1.10876925 0.88653721 1.28149746
 1.80354023 1.01530125 1.59047    0.76803556 0.91933148 1.30043368
 1.42605277 1.98383171 1.04971183 1.33997611 1.36505118 1.42827421
 0.96867584 1.03647478 1.13872887 2.65383936 0.90824093 1.39833806
 0.83930227 1.16064016 1.26615654 0.80681172 0.98086409 2.54402825
 1.16315016 0.91410692 1.05621441 1.22030683 1.25821046 0.87747499]","[0.74411111 1.34925    1.2306     1.39125    1.10896154 1.22811111
 1.43904    0.56159    0.76206667 0.873      0.74515385 1.0875
 0.58296    1.47097674 1.003      0.98425    1.10968421 1.20467308
 1.34295    1.8322625  1.65777241 0.59808    0.87696    0.99567391
 1.127      1.99735556 0.96722105 1.03483333 1.13782927 0.919625
 1.1015     1.41556383 1.377875   1.04196957 1.34490476 1.31530952
 1.52716667 2.0318     1.30101176 1.1732     1.21809677 1.41425
 1.07188679 0.31419444 1.12753684 2.36433333 1.56261538 1.38310345
 1.09807895 1.38872143 1.10662963 0.97189474 1.1433587  1.5785
 1.68063816 1.0542     1.37359091 1.01325    1.2453     1.1014    ]",114
31,0,RandomForestRegressor,-0.34012615812896163,0.027800378998670185,"[-7.34982461e-02  7.07828281e-02  5.51196880e-02  9.05619879e-03
  7.10017619e-02 -1.44674150e-03 -7.57388106e-02 -2.48559248e-01
 -2.01723046e-01 -1.08407673e-02  1.29115404e-02  1.44571294e-03
  7.82548575e-02  1.84011585e-02 -1.79646021e-03  2.07200988e-02
  4.15597096e-02  5.25563305e-02 -2.44205809e-01 -2.61619441e-02
  2.02957524e-02 -1.04936125e-01  6.07337720e-03  1.12261312e-01
 -2.81037278e-02  1.05552167e-02  5.75979562e-03  1.19923228e-02
  4.08095986e-02 -3.81655769e-01 -4.71205968e-02  3.25297628e-04
  1.94006797e-01 -4.67164973e-02  1.61138518e-02 -2.88267773e-02
 -2.90526540e-02 -3.14249636e-02  5.33919346e-02  1.43794593e-02
 -6.14482858e-03  5.34510050e-02 -1.06895736e-01 -1.48508327e-01
 -1.71208107e-01 -3.47496666e-01 -5.64415300e-01 -4.08469688e-02
  1.63829619e-02 -1.51848358e-02  1.55460984e-01 -1.38228275e-02
 -3.18638742e-01 -5.03970938e-02 -1.29606901e-04  8.42070079e-02
  1.18467079e-01 -1.05500601e-02  4.81149675e-02 -8.50200700e-02]","[-0.11019565  0.02066667 -0.05573077 -0.01575     0.02066667 -0.07893529
  0.06172222  0.15       -0.0315     -0.04875    -0.20243333 -0.07744444
 -0.0405     -0.01676316  0.00731818  0.16861765  0.05896154  0.06066667
 -0.18075556  0.01081818 -0.19554118 -0.08733333 -0.24964     0.17590476
 -0.03836538 -0.02424265 -0.09717647 -0.10047879  0.154875    0.01210588
 -0.0954      0.012       0.24990476 -0.23549286 -0.05323784 -0.039
  0.6195     -0.20645528 -0.02261538  0.12845    -0.0973      0.12456818
 -0.00289655 -0.233625   -0.02227273 -0.13172727 -0.19227419 -0.03226087
 -0.00331579 -0.22342143  0.25279167 -0.04943077  0.0126      0.119
 -0.18397826 -0.05631818  0.11230435 -0.0355122  -0.11792308 -0.1038587 ]",114
35,0,RandomForestRegressor,-0.1357259301689564,0.07835136736440636,"[ 0.16120617  0.04076741 -0.03564037  0.12028872  0.20704757  0.05427464
 -0.01956555  0.2158477   0.14755968  0.31633956  0.13488577  0.10084674
  0.2465924   0.24707053 -0.03236211  0.16232144  0.23187788 -0.09315729
  0.21607985  0.06869411 -0.07276686  0.07227197 -0.08496181  0.14244046
 -0.03624064  0.4985632  -0.25191644 -0.02745153  0.01988988  0.2023553
  0.24212266  0.14026563  0.04607018  0.1565459   0.17968979 -0.07843296
  0.22149136  0.24538171 -0.00847398  0.15875645]","[ 0.3885     -0.16733957 -0.0615      0.14028     0.11424     0.35816667
  0.039375    0.08297561 -0.042       0.0825      0.20625    -0.3053
  0.91184211 -0.10118701  0.82483333  0.14035     0.18401338 -0.0676734
  0.18991304 -0.06191379 -0.18253846  0.82483333  0.18103448 -0.10682609
 -0.16578748  0.38422222  0.07228125 -0.03825926  0.3185      0.1869
  0.23503846 -0.06314815  0.02433333 -0.05775     0.22125     0.3522931
 -0.03206518  0.04454545  0.1276      0.12025   ]",114
36,0,RandomForestRegressor,0.17825306563412702,0.3984079477249689,"[2.1230688  2.52318423 2.42313668 1.10325073 2.45460296 1.73658067
 2.09058082 1.23049631 1.87583565 1.7552659  1.09015623 1.72199597
 0.97026775 1.45959404 1.90517099 0.9010585  2.33437617 1.62039195
 0.88850857 1.68442429 2.24614168 1.13979499 2.97327778 2.79409368
 2.06785457 0.83581341 1.33187144 0.85924997 0.9230142  2.5311283
 1.53766695 3.02390067 1.91603364 2.12320519 1.8483556  1.44354176
 2.25628907 1.87218589 2.1575888  2.74055344 2.33874724 1.57423163
 1.44938161 2.73931981 2.15308846 1.81780531 1.83774361 2.08277555
 1.7141504  1.52626463 2.05500596 1.79762557 2.18894199 1.45699853]","[0.88795833 1.77161957 2.6392963  0.9432973  0.72077778 1.33485714
 2.86745    1.30956667 2.36354545 1.65585    1.38352941 1.50315
 1.29590476 1.8866     2.35078788 0.5662     2.815125   2.07165333
 1.22686667 0.745      1.76258784 1.17934783 1.88285965 2.04304
 2.76434    1.27321765 1.3722549  1.30651111 1.34231034 2.358
 1.10942222 2.94083333 1.5145     1.1865     2.38136364 2.05901515
 1.76675    0.90533333 2.05833333 1.8396     4.13756    1.28791667
 2.15350725 2.9825     1.98404    1.48615385 2.02115152 2.53428333
 1.18084615 1.08619231 1.5778     0.79613889 1.6996     1.52306667]",114
22,0,GradientBoostingRegressor,0.18608087930494488,0.651203957257284,"[1.41584136 1.89281638 1.5394718  1.7269475  1.72574746 1.88113203
 1.40903968 1.53679582 1.88113203 1.66286006 2.05703661 1.49449543
 2.05703661 1.49449543 1.41584136 1.70807066 2.05703661 1.85375001
 1.88997316 2.05703661 2.05703661 1.40903968 1.66041328 1.86845616
 1.50105514 1.70592927 2.05703661 1.53679582 1.90540144 1.60133164
 1.82997403 1.83531868 1.51476867 1.89656031 1.88113203 1.65691266
 1.40903968 2.05703661 1.9140868  1.53679582 1.73787888 1.49107975
 1.41584136 1.40903968 1.5394718  1.41584136 1.65365199 1.88397524
 1.53679582 1.41584136 1.41584136 1.40903968 1.41584136]","[1.0514     0.8799     1.30354167 1.93491346 4.00592857 2.62478947
 1.14429    1.67356    0.80315    1.83787879 2.194      0.65769091
 2.13205    0.83734483 0.57858621 2.5136     0.56466667 2.08013333
 3.88991304 1.48037634 2.28575    1.06008    1.99110142 3.87884211
 0.835375   2.56715909 2.10697674 0.87690909 2.39425    2.98273563
 1.461      3.29379545 1.93022222 0.9296     2.04175    1.56795865
 0.96191667 2.81712946 2.28968548 0.77677174 0.669375   1.65469048
 1.03384615 0.902      1.27092529 0.794      0.7965     2.23500526
 1.67356    1.059      0.77056    0.826875   0.8505    ]",114
23,0,GradientBoostingRegressor,0.1004914432939159,0.10468180608505753,"[3.92904142 3.88795982 3.87189638 3.87550662 3.94021055 3.9238945
 3.76838229 3.96577175 3.91833057 3.90489189 3.9485188  3.89177409
 3.87550662 3.87550662 3.89160003 3.94215922 3.87189638 3.86238882
 3.81309867 3.87550662 3.87992323 3.8989823  3.86238882 3.87571065
 3.89478732 3.9238945  3.9238945  3.87189638 3.87632308 3.96835546
 3.9238945  3.8574874  3.95233307 3.87189638 3.90739212 3.95332835
 3.8989823  3.94215922 3.69044349 3.95943265 3.90992075 3.76838229
 3.87550662 3.81309867 3.87189638 3.94215922 3.91833057 3.87550662
 3.89648206 3.94021055 3.67593563 3.87255637 3.86238882 3.87550662
 3.86238882 3.68444086 3.91411573 3.78745846 3.9107767  3.7859167 ]","[2.9861     4.0075     3.78590988 4.14503846 4.12370588 4.03782609
 4.21068182 3.91215385 3.95786047 4.0906     4.02878125 3.99113636
 4.141      4.08472    4.00934615 4.08390476 3.6947517  3.66048958
 3.1401     4.02769565 4.0615     3.92479167 4.10577419 4.03012
 3.99775    3.75125    4.089375   4.10641176 3.7922     4.18842105
 3.76880952 3.93907692 4.057      3.99018182 3.95470968 4.10488
 3.89334483 4.14594118 3.78820635 3.39166667 3.91825    4.132
 4.02274286 2.78558333 4.080625   4.132      3.89577419 4.14683333
 4.04241667 4.0635625  2.78492    4.07357895 4.138      4.117
 4.07877778 2.901      3.94888889 4.1965     3.42433333 4.132     ]",114
25,0,GradientBoostingRegressor,0.1737776084643059,0.5186431045257927,"[1.71074852 1.80479663 2.02154136 2.11765253 2.23221171 1.7244437
 1.8113914  1.81133159 2.14169953 2.01949005 1.82739312 1.70901542
 1.85568351 1.73124539 1.85568351 1.86296081 1.70036477 1.80249275
 2.02917597 1.85568351 2.11765253 1.71014275 2.37514249 1.77739237
 1.8266206  2.45524504 1.62634341 1.7244437  1.70334107 1.61906611
 2.10121783 2.11765253 1.66472331 1.85568351 2.11765253 1.69423058
 2.00803411 1.73124539 1.72075003 1.72857416 2.43569338 2.38065103
 2.07618617 2.33070488 2.16793492 2.11765253 2.06671974 2.14626893
 1.88157962 1.83072108]","[1.0318     0.99095652 2.40159649 3.28494253 4.00288462 1.49890476
 0.81035294 1.08133333 1.878025   2.80949    1.05024074 2.84516667
 2.5255     0.94067647 1.16905645 2.09586111 1.70721849 2.51237333
 2.46705    2.29082105 2.9473     2.01885507 2.61029545 2.25205714
 2.58397778 2.608625   1.60428947 1.16375    1.38504545 2.32315625
 1.30755882 3.04514706 1.15710714 2.39346552 2.9272     0.96075
 3.06951802 1.17705    3.46066667 2.23941304 3.16918667 3.19253623
 1.270325   2.69691729 2.79125    2.30948333 2.17833333 1.64516667
 2.40216667 1.627     ]",114
26,0,GradientBoostingRegressor,0.17627845805932452,0.4440984348993739,"[2.02492234 2.24748153 2.55877208 2.54612137 2.2200465  2.22304911
 2.77917844 2.39922058 2.36634466 2.34847252 2.27753163 2.24628434
 2.06843018 2.11942678 2.15298731 2.47029621 2.23543985 2.10017502
 2.24672707 2.71443977 2.21334486 2.06843018 1.95423104 1.96219865
 2.17797174 1.95423104 2.23223157 2.19610399 2.39447989 2.23223157
 2.06843018 2.71933427 2.07010072 2.16095493 2.17119961 2.25342871
 2.15035326 2.04574049 2.03095218 2.5912416 ]","[1.35322727 2.29133333 2.44401515 3.04836957 2.12212308 2.35137333
 4.015      2.92738462 1.70486842 3.99480769 1.5365     4.11475
 2.11802564 1.3349     2.03865152 2.47515385 1.94366667 2.43383333
 2.45227368 2.83598387 2.25107658 3.0636     1.19031818 1.81468966
 2.35533333 2.71642105 1.538      2.18855645 1.561      2.0665
 2.13575862 3.99041667 2.50642727 2.55029167 2.17986316 1.0115
 2.04443548 2.22865278 2.37853333 2.35333333]",114
29,0,GradientBoostingRegressor,0.1926839300995168,0.06351535771210813,"[0.87670517 0.72338268 0.78366999 0.91561546 0.83870651 0.91998753
 0.96260407 0.94338197 0.78705244 1.04408316 0.90254511 0.89652297
 0.85403059 0.87063562 0.82235537 1.26166769 0.96836265 0.83315945
 0.86311935 0.66909638 0.67538968 0.82115681 0.83743275 0.97794413
 0.98571862 0.83461746 0.76291047 0.92978172 0.82235537 0.80889472
 0.87670517 0.83278595 0.87392099 0.98699515 0.91998753 0.70694606
 0.97794413 0.85858092 0.71930891 0.88959717 0.793122   1.01085598
 0.97778839 1.00876067 0.92978172 1.00244616 0.93812633 0.99540497
 0.95624718 0.85716656 0.88012221 0.75635342 0.83461746 0.78366999
 0.90822225 0.71930891]","[1.08340909 0.63626316 0.7252     0.66376154 0.7903913  0.88977778
 0.77164706 0.96052727 0.92239113 1.322      0.763      1.13495455
 1.37783333 0.5691     0.49340909 0.8239     0.790125   0.88240385
 1.09872    0.67258333 0.712775   0.5922     0.789      0.74445
 1.43535    0.58668421 0.7232     1.54455    0.60612097 0.37778947
 0.86365789 0.966      0.693      1.35210526 0.7955     0.55882051
 0.96117    0.716625   0.3297     0.99813913 0.58864865 1.13910714
 1.17752174 0.8043     0.62921    1.20103846 1.18704444 1.00030952
 1.2056625  0.24952941 0.71729412 1.24180606 0.68891667 0.6181875
 0.9905     0.7392    ]",114
30,0,GradientBoostingRegressor,0.1684631599931119,0.10619151781890844,"[1.11814062 1.17760535 1.59286207 1.27934735 1.17760535 1.45595205
 1.46698777 1.11503074 1.17760535 1.1407947  1.21473698 1.17760535
 1.13016417 1.01157041 1.11503074 1.11450041 1.1125442  1.43670283
 1.16001679 1.1619416  1.17828151 1.16001679 1.17901972 1.31565865
 1.13016417 1.47724176 1.16001679 1.13678416 1.11452206 1.09690543
 1.43995899 1.11924974 1.37804851 1.03785942 1.1124051  1.149542
 1.37378102 1.47724176 1.11833634 1.17901972 1.15716046 1.19928597
 1.11831468 1.09690543 1.16601943 1.51535951 1.09500978 1.45595205
 1.11452206 1.1619416  1.11503074 1.11549445 1.14243732 2.14998263
 1.13581177 1.17760535 1.13016417 1.16001679 1.17828151 1.09796003]","[0.74411111 1.34925    1.2306     1.39125    1.10896154 1.22811111
 1.43904    0.56159    0.76206667 0.873      0.74515385 1.0875
 0.58296    1.47097674 1.003      0.98425    1.10968421 1.20467308
 1.34295    1.8322625  1.65777241 0.59808    0.87696    0.99567391
 1.127      1.99735556 0.96722105 1.03483333 1.13782927 0.919625
 1.1015     1.41556383 1.377875   1.04196957 1.34490476 1.31530952
 1.52716667 2.0318     1.30101176 1.1732     1.21809677 1.41425
 1.07188679 0.31419444 1.12753684 2.36433333 1.56261538 1.38310345
 1.09807895 1.38872143 1.10662963 0.97189474 1.1433587  1.5785
 1.68063816 1.0542     1.37359091 1.01325    1.2453     1.1014    ]",114
31,0,GradientBoostingRegressor,0.22808874943979296,0.016012988918052414,"[-0.10750508 -0.0026338  -0.00038043 -0.03689771 -0.01405413 -0.032782
 -0.02948241 -0.04190106 -0.05446331 -0.05151752 -0.03122338 -0.03122338
  0.02093609 -0.03122338 -0.03122338  0.02833187 -0.03122338 -0.00798209
 -0.07276741 -0.03481572 -0.03122338 -0.09906622 -0.03122338  0.01631187
 -0.03689771 -0.03122338 -0.03689771 -0.03122338  0.02833187  0.11349899
 -0.0555836   0.02833187  0.02833187 -0.07806122 -0.03689771 -0.03689771
 -0.01770997 -0.0555836  -0.06237072  0.01939993 -0.02941888  0.06534765
 -0.03371839 -0.05552364 -0.07271656 -0.05051899 -0.09535874 -0.03689771
 -0.01405413 -0.06660965  0.0742796  -0.0026338   0.11349899  0.01275342
 -0.0679629   0.00642125  0.02833187 -0.0555836  -0.0405926  -0.07640176]","[-0.11019565  0.02066667 -0.05573077 -0.01575     0.02066667 -0.07893529
  0.06172222  0.15       -0.0315     -0.04875    -0.20243333 -0.07744444
 -0.0405     -0.01676316  0.00731818  0.16861765  0.05896154  0.06066667
 -0.18075556  0.01081818 -0.19554118 -0.08733333 -0.24964     0.17590476
 -0.03836538 -0.02424265 -0.09717647 -0.10047879  0.154875    0.01210588
 -0.0954      0.012       0.24990476 -0.23549286 -0.05323784 -0.039
  0.6195     -0.20645528 -0.02261538  0.12845    -0.0973      0.12456818
 -0.00289655 -0.233625   -0.02227273 -0.13172727 -0.19227419 -0.03226087
 -0.00331579 -0.22342143  0.25279167 -0.04943077  0.0126      0.119
 -0.18397826 -0.05631818  0.11230435 -0.0355122  -0.11792308 -0.1038587 ]",114
35,0,GradientBoostingRegressor,0.05408486065087248,0.06525671608789593,"[0.09265965 0.04688389 0.02094484 0.10628709 0.09766871 0.09494753
 0.02094484 0.10628709 0.08875612 0.37893184 0.13876417 0.09689757
 0.12951469 0.07518377 0.09494753 0.09073069 0.12030356 0.01934446
 0.09766871 0.02094484 0.02094484 0.09494753 0.02094484 0.0741035
 0.03372459 0.44060602 0.06031777 0.02399872 0.02094484 0.10628709
 0.14466378 0.03761105 0.03830145 0.10808793 0.09494753 0.09689757
 0.10224223 0.07518377 0.09494753 0.12710524]","[ 0.3885     -0.16733957 -0.0615      0.14028     0.11424     0.35816667
  0.039375    0.08297561 -0.042       0.0825      0.20625    -0.3053
  0.91184211 -0.10118701  0.82483333  0.14035     0.18401338 -0.0676734
  0.18991304 -0.06191379 -0.18253846  0.82483333  0.18103448 -0.10682609
 -0.16578748  0.38422222  0.07228125 -0.03825926  0.3185      0.1869
  0.23503846 -0.06314815  0.02433333 -0.05775     0.22125     0.3522931
 -0.03206518  0.04454545  0.1276      0.12025   ]",114
36,0,GradientBoostingRegressor,0.09828133184236298,0.4371806805500339,"[1.90895065 1.87293806 1.80583814 1.77598038 1.92121274 1.79070471
 1.91443296 1.79070471 1.78229489 1.95515884 1.39885121 1.80583814
 1.78229489 1.85469369 1.93828441 1.57247978 1.95340593 1.92682104
 1.83183139 2.00495708 1.77988483 1.33386565 2.33699331 1.83805626
 1.91443296 1.67152765 1.66107388 1.53905198 1.61010431 2.13222691
 1.78229489 2.35365457 1.88717443 1.95610153 1.74107603 1.80583814
 1.89230345 1.93032961 1.88288843 1.86661468 1.90340228 2.00612641
 1.85004031 2.00612641 1.85469369 2.00612641 1.85004031 1.90895065
 1.82498037 1.85327933 1.88717443 1.66107388 1.93418383 1.7358102 ]","[0.88795833 1.77161957 2.6392963  0.9432973  0.72077778 1.33485714
 2.86745    1.30956667 2.36354545 1.65585    1.38352941 1.50315
 1.29590476 1.8866     2.35078788 0.5662     2.815125   2.07165333
 1.22686667 0.745      1.76258784 1.17934783 1.88285965 2.04304
 2.76434    1.27321765 1.3722549  1.30651111 1.34231034 2.358
 1.10942222 2.94083333 1.5145     1.1865     2.38136364 2.05901515
 1.76675    0.90533333 2.05833333 1.8396     4.13756    1.28791667
 2.15350725 2.9825     1.98404    1.48615385 2.02115152 2.53428333
 1.18084615 1.08619231 1.5778     0.79613889 1.6996     1.52306667]",114
22,0,DecisionTreeRegressor,-1.058820949142619,1.6472304376151707,"[0.76755    3.32056057 0.81002727 2.8456     3.13958333 3.57906061
 0.91292727 1.04011057 4.10472727 3.216      4.15631057 0.19125
 2.30056057 0.951      0.51931057 0.66092727 3.63064391 0.63723333
 4.03752727 3.63064391 2.30056057 0.91292727 2.81535    0.7474
 0.76291057 1.55795    4.15631057 1.04011057 2.58631057 0.77971057
 0.71723656 2.54269565 0.2856     0.79158333 0.78786061 3.27694565
 0.70831057 4.15631057 2.1177     0.89131057 3.38152727 0.76291057
 0.76755    1.13667273 0.81002727 0.92715    0.71925    0.90991057
 1.04011057 1.14931057 0.791175   0.91292727 1.04011057]","[1.0514     0.8799     1.30354167 1.93491346 4.00592857 2.62478947
 1.14429    1.67356    0.80315    1.83787879 2.194      0.65769091
 2.13205    0.83734483 0.57858621 2.5136     0.56466667 2.08013333
 3.88991304 1.48037634 2.28575    1.06008    1.99110142 3.87884211
 0.835375   2.56715909 2.10697674 0.87690909 2.39425    2.98273563
 1.461      3.29379545 1.93022222 0.9296     2.04175    1.56795865
 0.96191667 2.81712946 2.28968548 0.77677174 0.669375   1.65469048
 1.03384615 0.902      1.27092529 0.794      0.7965     2.23500526
 1.67356    1.059      0.77056    0.826875   0.8505    ]",114
23,0,DecisionTreeRegressor,-0.3621017109992297,0.1585168546935091,"[4.259125   4.0465     3.6328     3.889      4.2432766  4.17775
 3.98933333 4.309      4.03366667 4.2005     4.309      4.14625
 3.889      3.98933333 4.33       4.2097013  3.6328     3.889
 4.059625   3.6328     3.889      4.16935    3.889      3.679
 3.1541     4.2432766  4.2432766  3.6328     3.66325    4.2432766
 4.2432766  3.961      3.3115     3.679      4.148      4.2432766
 4.16935    4.2097013  4.33954545 4.2432766  4.0696     3.98933333
 3.889      3.028625   3.6328     4.2097013  4.127      3.889
 4.0696     3.994      3.889      3.679      3.98933333 4.0465
 3.98933333 2.54075824 4.127      3.98933333 4.18461538 3.98933333]","[2.9861     4.0075     3.78590988 4.14503846 4.12370588 4.03782609
 4.21068182 3.91215385 3.95786047 4.0906     4.02878125 3.99113636
 4.141      4.08472    4.00934615 4.08390476 3.6947517  3.66048958
 3.1401     4.02769565 4.0615     3.92479167 4.10577419 4.03012
 3.99775    3.75125    4.089375   4.10641176 3.7922     4.18842105
 3.76880952 3.93907692 4.057      3.99018182 3.95470968 4.10488
 3.89334483 4.14594118 3.78820635 3.39166667 3.91825    4.132
 4.02274286 2.78558333 4.080625   4.132      3.89577419 4.14683333
 4.04241667 4.0635625  2.78492    4.07357895 4.138      4.117
 4.07877778 2.901      3.94888889 4.1965     3.42433333 4.132     ]",114
25,0,DecisionTreeRegressor,-0.12090289579109736,0.7036223705635681,"[0.9403508  1.766375   2.76925    3.31990227 3.84020833 0.265125
 1.0591341  0.03722857 0.37822368 2.96035    1.1438     1.4341
 1.31993557 1.03381057 1.03381057 2.90506057 1.0159329  2.60915
 1.5        2.90506057 3.39548438 0.875175   3.5945     1.08631057
 1.04066667 4.09       1.76931057 1.27673438 1.11544271 1.0591341
 1.45472727 3.31990227 1.0159329  1.88431057 3.39548438 1.76931057
 3.197125   1.08616667 1.76931057 0.875175   3.74762222 1.710375
 1.07233333 2.22186061 3.17175    3.45984868 2.78931057 2.22186061
 1.0159329  0.90825   ]","[1.0318     0.99095652 2.40159649 3.28494253 4.00288462 1.49890476
 0.81035294 1.08133333 1.878025   2.80949    1.05024074 2.84516667
 2.5255     0.94067647 1.16905645 2.09586111 1.70721849 2.51237333
 2.46705    2.29082105 2.9473     2.01885507 2.61029545 2.25205714
 2.58397778 2.608625   1.60428947 1.16375    1.38504545 2.32315625
 1.30755882 3.04514706 1.15710714 2.39346552 2.9272     0.96075
 3.06951802 1.17705    3.46066667 2.23941304 3.16918667 3.19253623
 1.270325   2.69691729 2.79125    2.30948333 2.17833333 1.64516667
 2.40216667 1.627     ]",114
26,0,DecisionTreeRegressor,-1.012967702348365,1.0852645713377258,"[1.0248     2.0354     3.421275   3.7945     1.09231057 1.09231057
 2.87266667 2.29628571 3.533625   3.8869     3.63818557 1.31483333
 1.4343     1.95122049 1.99571111 2.9125     1.14975    2.29616667
 1.61761057 3.7945     1.09231057 2.62997724 0.99       1.13972727
 1.879      1.94283838 2.1925     1.41395625 3.72105    2.1925
 2.62997724 3.056      2.62997724 1.13972727 2.13569565 2.62997724
 0.44672857 1.61761057 2.12096667 3.430725  ]","[1.35322727 2.29133333 2.44401515 3.04836957 2.12212308 2.35137333
 4.015      2.92738462 1.70486842 3.99480769 1.5365     4.11475
 2.11802564 1.3349     2.03865152 2.47515385 1.94366667 2.43383333
 2.45227368 2.83598387 2.25107658 3.0636     1.19031818 1.81468966
 2.35533333 2.71642105 1.538      2.18855645 1.561      2.0665
 2.13575862 3.99041667 2.50642727 2.55029167 2.17986316 1.0115
 2.04443548 2.22865278 2.37853333 2.35333333]",114
29,0,DecisionTreeRegressor,-1.242420956465586,0.17642181854325817,"[ 1.4023675   0.161       0.795375    0.3633      0.6062766   0.4518
  1.34770588  0.910175    1.23433333  2.21194286  0.8282766   1.02655
  1.2312      0.6650766   0.6217013   2.27949286  1.073625    0.3815
  0.57433333  0.23683333  0.23683333  0.2682013   0.8568      1.439375
  0.719       0.2682013   0.690375    1.3727      0.6217013   0.0525
  0.6650766   0.481425    0.402675    1.44165     0.924       0.38033333
  1.029       0.74658088 -0.0525      0.917       1.134       1.420125
  1.02        1.06435     0.95841667  1.9614      0.66885     0.55825
  1.09361538  0.74658088  0.75936797  0.44609091  0.903       0.73460993
  1.500625    0.51      ]","[1.08340909 0.63626316 0.7252     0.66376154 0.7903913  0.88977778
 0.77164706 0.96052727 0.92239113 1.322      0.763      1.13495455
 1.37783333 0.5691     0.49340909 0.8239     0.790125   0.88240385
 1.09872    0.67258333 0.712775   0.5922     0.789      0.74445
 1.43535    0.58668421 0.7232     1.54455    0.60612097 0.37778947
 0.86365789 0.966      0.693      1.35210526 0.7955     0.55882051
 0.96117    0.716625   0.3297     0.99813913 0.58864865 1.13910714
 1.17752174 0.8043     0.62921    1.20103846 1.18704444 1.00030952
 1.2056625  0.24952941 0.71729412 1.24180606 0.68891667 0.6181875
 0.9905     0.7392    ]",114
30,0,DecisionTreeRegressor,-2.2620898546835977,0.4165855994157087,"[ 1.29325     1.866375    1.40933333  0.87733333  1.82230588  1.56683333
  0.658       1.4476      0.66520588  0.903       1.057       0.60570588
  1.29325     0.959       1.3398      0.74579167  0.868      -0.0035
  1.348375    1.00470588  2.1697013   0.96341538  2.66220588  0.266
  0.839125    2.5073      0.7602766   0.26833333  0.5348      1.11801667
  0.658       0.76813333  0.658      -0.508475    1.4805      0.81025
  1.46461538  1.40933333  0.5348      1.39270588  1.27933333  0.6995
  2.70575     1.51515     1.2867013   2.8427013   0.868       1.56683333
  0.581       1.43170588  2.1755      0.406       0.777       2.312
  1.27933333  0.6608      1.3237      0.838425    1.59854545  0.9345    ]","[0.74411111 1.34925    1.2306     1.39125    1.10896154 1.22811111
 1.43904    0.56159    0.76206667 0.873      0.74515385 1.0875
 0.58296    1.47097674 1.003      0.98425    1.10968421 1.20467308
 1.34295    1.8322625  1.65777241 0.59808    0.87696    0.99567391
 1.127      1.99735556 0.96722105 1.03483333 1.13782927 0.919625
 1.1015     1.41556383 1.377875   1.04196957 1.34490476 1.31530952
 1.52716667 2.0318     1.30101176 1.1732     1.21809677 1.41425
 1.07188679 0.31419444 1.12753684 2.36433333 1.56261538 1.38310345
 1.09807895 1.38872143 1.10662963 0.97189474 1.1433587  1.5785
 1.68063816 1.0542     1.37359091 1.01325    1.2453     1.1014    ]",114
31,0,DecisionTreeRegressor,-3.4489049698552794,0.09229074706199575,"[ 8.10833333e-02  1.00272727e-01  3.63105727e-02  3.79141304e-02
  1.30772727e-01 -4.49502969e-02 -1.47000000e-01 -1.13120000e+00
  1.03133333e-01  1.36695652e-01 -8.94273128e-05  9.93105727e-02
  7.85272727e-02  1.68105727e-02 -8.94273128e-05 -3.85000000e-02
 -8.94273128e-05 -7.00000000e-03 -6.85010870e-01 -8.94273128e-05
 -8.94273128e-05  8.10833333e-02 -8.94273128e-05  1.90666667e-01
 -3.08250000e-02  1.68105727e-02  3.79141304e-02  1.68105727e-02
  2.45000000e-01 -7.35000000e-02 -3.24000000e-02 -3.64875000e-01
  1.95234375e-01 -1.17500000e+00  3.79141304e-02 -4.42500000e-02
  2.41733333e-01  1.28739130e-01  2.06250000e-02  2.11527273e-01
 -1.40100000e-01  4.00527273e-01 -1.15500000e+00 -1.63596774e-01
 -6.90967742e-02 -1.28100000e-01  8.17500000e-02 -2.18250000e-01
  4.69736842e-02  1.50750000e-01  4.76109375e-01 -8.24727273e-02
 -7.35000000e-02  1.83272727e-02  1.35739130e-01  3.63105727e-02
  2.11527273e-01 -3.24000000e-02 -8.16666667e-02 -5.67608696e-02]","[-0.11019565  0.02066667 -0.05573077 -0.01575     0.02066667 -0.07893529
  0.06172222  0.15       -0.0315     -0.04875    -0.20243333 -0.07744444
 -0.0405     -0.01676316  0.00731818  0.16861765  0.05896154  0.06066667
 -0.18075556  0.01081818 -0.19554118 -0.08733333 -0.24964     0.17590476
 -0.03836538 -0.02424265 -0.09717647 -0.10047879  0.154875    0.01210588
 -0.0954      0.012       0.24990476 -0.23549286 -0.05323784 -0.039
  0.6195     -0.20645528 -0.02261538  0.12845    -0.0973      0.12456818
 -0.00289655 -0.233625   -0.02227273 -0.13172727 -0.19227419 -0.03226087
 -0.00331579 -0.22342143  0.25279167 -0.04943077  0.0126      0.119
 -0.18397826 -0.05631818  0.11230435 -0.0355122  -0.11792308 -0.1038587 ]",114
35,0,DecisionTreeRegressor,-1.1139546634806536,0.14583733102354415,"[ 0.33752727  0.23175     0.021175   -0.1155      0.5635      0.14485227
 -0.06168943  0.41933333  0.11506057  0.40425     0.27431057  0.2331
  0.119       0.15575     0.06872727  0.07        0.41       -0.24826667
 -0.28116667  0.119175   -0.069825    0.06872727 -0.15268943  0.202
  0.01575     0.49502727 -0.8225     -1.01115     0.01531057  0.2625
  0.32352727  0.03065625 -0.03266667  0.49502727  0.14327727  0.4785
  0.19969565  0.217       0.14485227  0.41      ]","[ 0.3885     -0.16733957 -0.0615      0.14028     0.11424     0.35816667
  0.039375    0.08297561 -0.042       0.0825      0.20625    -0.3053
  0.91184211 -0.10118701  0.82483333  0.14035     0.18401338 -0.0676734
  0.18991304 -0.06191379 -0.18253846  0.82483333  0.18103448 -0.10682609
 -0.16578748  0.38422222  0.07228125 -0.03825926  0.3185      0.1869
  0.23503846 -0.06314815  0.02433333 -0.05775     0.22125     0.3522931
 -0.03206518  0.04454545  0.1276      0.12025   ]",114
36,0,DecisionTreeRegressor,-0.7069257347073465,0.8275695964822466,"[1.2552013  2.9105     2.67344444 1.04766667 1.9347013  2.17
 3.35935    2.19135    2.25577778 1.344      0.4165     1.141
 0.69       0.7875     0.68133333 0.7975     1.26861538 2.18391111
 0.8904     1.63960588 0.28933333 1.9694     3.49722857 3.20866667
 3.35935    1.77166667 0.89833333 0.28933333 1.35796667 3.46111111
 1.11       2.36983333 1.253      1.6639     3.20866667 1.0752
 2.9105     1.8459     1.7136     2.4105     3.52936797 3.1807766
 1.88454167 1.696275   2.74248366 2.79438771 1.64916667 1.9347013
 1.092      0.775775   1.253      3.20866667 1.26861538 0.2135    ]","[0.88795833 1.77161957 2.6392963  0.9432973  0.72077778 1.33485714
 2.86745    1.30956667 2.36354545 1.65585    1.38352941 1.50315
 1.29590476 1.8866     2.35078788 0.5662     2.815125   2.07165333
 1.22686667 0.745      1.76258784 1.17934783 1.88285965 2.04304
 2.76434    1.27321765 1.3722549  1.30651111 1.34231034 2.358
 1.10942222 2.94083333 1.5145     1.1865     2.38136364 2.05901515
 1.76675    0.90533333 2.05833333 1.8396     4.13756    1.28791667
 2.15350725 2.9825     1.98404    1.48615385 2.02115152 2.53428333
 1.18084615 1.08619231 1.5778     0.79613889 1.6996     1.52306667]",114
22,0,SVR,-0.5601647246388379,1.2482633923017068,"[0.98706108 0.98657292 0.98654634 0.98679583 0.98643351 0.98643047
 0.98667429 0.98699072 0.98610261 0.9863532  0.98708155 0.98693629
 0.98660968 0.98664315 0.98689963 0.98627111 0.98677913 0.98651558
 0.98654864 0.9870717  0.98680651 0.98667479 0.98657306 0.98676946
 0.98684429 0.98672468 0.98669124 0.98670353 0.98629194 0.98665123
 0.98650086 0.98661466 0.98698163 0.98667213 0.98615239 0.98634978
 0.98648257 0.98712439 0.98674247 0.98684966 0.98644801 0.98673061
 0.98669445 0.98630726 0.98658801 0.98680913 0.98613153 0.98678325
 0.98699072 0.98657881 0.98652719 0.98664021 0.98666926]","[1.0514     0.8799     1.30354167 1.93491346 4.00592857 2.62478947
 1.14429    1.67356    0.80315    1.83787879 2.194      0.65769091
 2.13205    0.83734483 0.57858621 2.5136     0.56466667 2.08013333
 3.88991304 1.48037634 2.28575    1.06008    1.99110142 3.87884211
 0.835375   2.56715909 2.10697674 0.87690909 2.39425    2.98273563
 1.461      3.29379545 1.93022222 0.9296     2.04175    1.56795865
 0.96191667 2.81712946 2.28968548 0.77677174 0.669375   1.65469048
 1.03384615 0.902      1.27092529 0.794      0.7965     2.23500526
 1.67356    1.059      0.77056    0.826875   0.8505    ]",114
23,0,SVR,-0.12671941808774734,0.1311238484138954,"[4.02506439 4.02474099 4.02498017 4.02471654 4.02481039 4.02498986
 4.02477161 4.02486635 4.02516454 4.02501887 4.02475846 4.02502138
 4.02474415 4.02497699 4.02504921 4.0250339  4.02471189 4.02473428
 4.02483606 4.02470916 4.02478022 4.02500052 4.02475101 4.0250043
 4.02481611 4.02524432 4.02500028 4.02473121 4.025039   4.02514792
 4.02498292 4.02508818 4.02506162 4.02496282 4.02508936 4.02504841
 4.0250542  4.02533071 4.02524618 4.0251588  4.02513302 4.02476506
 4.02470156 4.02483032 4.02470486 4.02506325 4.0248831  4.02472437
 4.0250153  4.02479758 4.02518404 4.02500534 4.02476579 4.02496369
 4.0250198  4.02496876 4.02479696 4.02480479 4.02503162 4.02477188]","[2.9861     4.0075     3.78590988 4.14503846 4.12370588 4.03782609
 4.21068182 3.91215385 3.95786047 4.0906     4.02878125 3.99113636
 4.141      4.08472    4.00934615 4.08390476 3.6947517  3.66048958
 3.1401     4.02769565 4.0615     3.92479167 4.10577419 4.03012
 3.99775    3.75125    4.089375   4.10641176 3.7922     4.18842105
 3.76880952 3.93907692 4.057      3.99018182 3.95470968 4.10488
 3.89334483 4.14594118 3.78820635 3.39166667 3.91825    4.132
 4.02274286 2.78558333 4.080625   4.132      3.89577419 4.14683333
 4.04241667 4.0635625  2.78492    4.07357895 4.138      4.117
 4.07877778 2.901      3.94888889 4.1965     3.42433333 4.132     ]",114
25,0,SVR,-0.6591965829442061,1.0415245043133081,"[1.47493749 1.47517165 1.47525436 1.47480232 1.47485448 1.47500407
 1.47527527 1.47508624 1.47505592 1.47471547 1.47509876 1.47488508
 1.4751504  1.47505765 1.47534174 1.4752275  1.47495991 1.47500057
 1.47521735 1.47529193 1.47468871 1.47496984 1.47490977 1.47503383
 1.47524818 1.47471822 1.47541847 1.47478697 1.47506841 1.47540758
 1.47491621 1.47481611 1.47502629 1.47535849 1.47494028 1.47511079
 1.47483346 1.47516244 1.47499954 1.47507774 1.474895   1.47494994
 1.47501624 1.47499364 1.47518881 1.47488145 1.47532096 1.47501596
 1.47497872 1.47532831]","[1.0318     0.99095652 2.40159649 3.28494253 4.00288462 1.49890476
 0.81035294 1.08133333 1.878025   2.80949    1.05024074 2.84516667
 2.5255     0.94067647 1.16905645 2.09586111 1.70721849 2.51237333
 2.46705    2.29082105 2.9473     2.01885507 2.61029545 2.25205714
 2.58397778 2.608625   1.60428947 1.16375    1.38504545 2.32315625
 1.30755882 3.04514706 1.15710714 2.39346552 2.9272     0.96075
 3.06951802 1.17705    3.46066667 2.23941304 3.16918667 3.19253623
 1.270325   2.69691729 2.79125    2.30948333 2.17833333 1.64516667
 2.40216667 1.627     ]",114
26,0,SVR,-0.32654559855010157,0.7151892892722012,"[1.92190776 1.92222527 1.92146698 1.92167162 1.92186293 1.92165382
 1.92249373 1.92202477 1.9216497  1.92173013 1.92190552 1.92231761
 1.92213496 1.92188653 1.92147392 1.92133126 1.92180707 1.92180264
 1.92173852 1.92153686 1.92198922 1.92212689 1.92130393 1.92142117
 1.92234585 1.92132409 1.92198984 1.92184566 1.92186678 1.92193993
 1.9219457  1.92176714 1.92189965 1.92199634 1.92203137 1.9223226
 1.92163587 1.92179422 1.92204531 1.92185248]","[1.35322727 2.29133333 2.44401515 3.04836957 2.12212308 2.35137333
 4.015      2.92738462 1.70486842 3.99480769 1.5365     4.11475
 2.11802564 1.3349     2.03865152 2.47515385 1.94366667 2.43383333
 2.45227368 2.83598387 2.25107658 3.0636     1.19031818 1.81468966
 2.35533333 2.71642105 1.538      2.18855645 1.561      2.0665
 2.13575862 3.99041667 2.50642727 2.55029167 2.17986316 1.0115
 2.04443548 2.22865278 2.37853333 2.35333333]",114
29,0,SVR,-0.012757522702139479,0.0796784044419978,"[0.8874034  0.8870504  0.88717139 0.88709601 0.88698771 0.88711769
 0.88744894 0.88719438 0.88712945 0.88717732 0.88737048 0.88717662
 0.8869877  0.88726569 0.88744741 0.88679581 0.88709207 0.88720145
 0.88699097 0.88675875 0.88715146 0.88717864 0.88737972 0.8874414
 0.88723491 0.88732419 0.88674361 0.88732773 0.8872181  0.88739354
 0.88735543 0.88724103 0.88688363 0.88701775 0.88720662 0.88675228
 0.8873224  0.8869239  0.88712648 0.88685042 0.88713264 0.88715954
 0.88733254 0.88705534 0.88714006 0.8870329  0.88731941 0.88726061
 0.88731362 0.886889   0.8870248  0.88716634 0.88746455 0.88717664
 0.88718089 0.88701263]","[1.08340909 0.63626316 0.7252     0.66376154 0.7903913  0.88977778
 0.77164706 0.96052727 0.92239113 1.322      0.763      1.13495455
 1.37783333 0.5691     0.49340909 0.8239     0.790125   0.88240385
 1.09872    0.67258333 0.712775   0.5922     0.789      0.74445
 1.43535    0.58668421 0.7232     1.54455    0.60612097 0.37778947
 0.86365789 0.966      0.693      1.35210526 0.7955     0.55882051
 0.96117    0.716625   0.3297     0.99813913 0.58864865 1.13910714
 1.17752174 0.8043     0.62921    1.20103846 1.18704444 1.00030952
 1.2056625  0.24952941 0.71729412 1.24180606 0.68891667 0.6181875
 0.9905     0.7392    ]",114
30,0,SVR,-0.005883461391321454,0.1284564752575448,"[1.17608592 1.17596648 1.17566281 1.17605637 1.17617027 1.17565641
 1.17589145 1.17571951 1.17615207 1.17613425 1.17585758 1.17590033
 1.17616148 1.17607607 1.17586697 1.17583642 1.17571053 1.17578304
 1.17621822 1.17568094 1.1758665  1.1760889  1.1757644  1.17583718
 1.17616976 1.17604077 1.17618789 1.17569442 1.17565926 1.1760214
 1.17568188 1.17582789 1.17605007 1.17582663 1.17607519 1.17581168
 1.17607401 1.17588299 1.17606095 1.17624899 1.17606419 1.1761655
 1.17606938 1.17590951 1.17611996 1.17630154 1.17572031 1.17583151
 1.17566528 1.17592723 1.17607654 1.17594808 1.17564363 1.17610349
 1.17565297 1.17618947 1.17596191 1.17598213 1.17607015 1.17565597]","[0.74411111 1.34925    1.2306     1.39125    1.10896154 1.22811111
 1.43904    0.56159    0.76206667 0.873      0.74515385 1.0875
 0.58296    1.47097674 1.003      0.98425    1.10968421 1.20467308
 1.34295    1.8322625  1.65777241 0.59808    0.87696    0.99567391
 1.127      1.99735556 0.96722105 1.03483333 1.13782927 0.919625
 1.1015     1.41556383 1.377875   1.04196957 1.34490476 1.31530952
 1.52716667 2.0318     1.30101176 1.1732     1.21809677 1.41425
 1.07188679 0.31419444 1.12753684 2.36433333 1.56261538 1.38310345
 1.09807895 1.38872143 1.10662963 0.97189474 1.1433587  1.5785
 1.68063816 1.0542     1.37359091 1.01325    1.2453     1.1014    ]",114
31,0,SVR,-0.2986666439335415,0.026940318025498348,"[0.05784611 0.05743049 0.05742716 0.05791447 0.05744158 0.05773423
 0.05757447 0.05771698 0.05777609 0.05769721 0.05766552 0.05812053
 0.05729979 0.05810532 0.05773169 0.05773662 0.05781398 0.05754382
 0.05769222 0.05764704 0.05810015 0.0578699  0.05806034 0.05739224
 0.05752447 0.05777466 0.0576565  0.05817773 0.05725456 0.05817843
 0.05783999 0.05740476 0.05770327 0.05771383 0.05782691 0.05750682
 0.05758223 0.05764141 0.05732377 0.05725245 0.05739014 0.05762543
 0.05733351 0.05760312 0.05739446 0.05723127 0.05781099 0.05787891
 0.05787668 0.05746685 0.05746277 0.05774896 0.0581758  0.05775246
 0.05769349 0.05756349 0.05722417 0.05764562 0.05765843 0.05773409]","[-0.11019565  0.02066667 -0.05573077 -0.01575     0.02066667 -0.07893529
  0.06172222  0.15       -0.0315     -0.04875    -0.20243333 -0.07744444
 -0.0405     -0.01676316  0.00731818  0.16861765  0.05896154  0.06066667
 -0.18075556  0.01081818 -0.19554118 -0.08733333 -0.24964     0.17590476
 -0.03836538 -0.02424265 -0.09717647 -0.10047879  0.154875    0.01210588
 -0.0954      0.012       0.24990476 -0.23549286 -0.05323784 -0.039
  0.6195     -0.20645528 -0.02261538  0.12845    -0.0973      0.12456818
 -0.00289655 -0.233625   -0.02227273 -0.13172727 -0.19227419 -0.03226087
 -0.00331579 -0.22342143  0.25279167 -0.04943077  0.0126      0.119
 -0.18397826 -0.05631818  0.11230435 -0.0355122  -0.11792308 -0.1038587 ]",114
35,0,SVR,-0.03138646859311689,0.07115320514289505,"[0.17838607 0.17853763 0.17895372 0.17873843 0.17864931 0.17833978
 0.17890628 0.17885927 0.17891728 0.17856471 0.17860428 0.17801169
 0.17854289 0.17879032 0.17827713 0.17883843 0.17848337 0.17852092
 0.1786169  0.17877275 0.1790314  0.17828198 0.17894743 0.17910304
 0.17852813 0.1785223  0.17852468 0.17867494 0.17882742 0.17874172
 0.17863204 0.17884223 0.1786035  0.17874712 0.1785272  0.17852829
 0.17872866 0.17858821 0.17834284 0.17862628]","[ 0.3885     -0.16733957 -0.0615      0.14028     0.11424     0.35816667
  0.039375    0.08297561 -0.042       0.0825      0.20625    -0.3053
  0.91184211 -0.10118701  0.82483333  0.14035     0.18401338 -0.0676734
  0.18991304 -0.06191379 -0.18253846  0.82483333  0.18103448 -0.10682609
 -0.16578748  0.38422222  0.07228125 -0.03825926  0.3185      0.1869
  0.23503846 -0.06314815  0.02433333 -0.05775     0.22125     0.3522931
 -0.03206518  0.04454545  0.1276      0.12025   ]",114
36,0,SVR,-0.0781410302100336,0.5227156162566414,"[1.54324186 1.54287611 1.5430942  1.54281026 1.54315983 1.54276275
 1.54294738 1.5428161  1.54286333 1.5427353  1.54293805 1.54290795
 1.54273777 1.54290582 1.54300725 1.54321701 1.54319022 1.54292528
 1.54300492 1.54292958 1.54278675 1.54297117 1.54322993 1.54283772
 1.54286945 1.54267815 1.54290617 1.54284922 1.54267625 1.54288173
 1.54282769 1.54282315 1.54268074 1.54291709 1.542925   1.54308986
 1.54314463 1.54320634 1.54294379 1.54305064 1.54320664 1.54293336
 1.54301865 1.54321539 1.54286568 1.54310731 1.54307617 1.5432331
 1.54306827 1.54304547 1.54293443 1.54289857 1.54309556 1.54295137]","[0.88795833 1.77161957 2.6392963  0.9432973  0.72077778 1.33485714
 2.86745    1.30956667 2.36354545 1.65585    1.38352941 1.50315
 1.29590476 1.8866     2.35078788 0.5662     2.815125   2.07165333
 1.22686667 0.745      1.76258784 1.17934783 1.88285965 2.04304
 2.76434    1.27321765 1.3722549  1.30651111 1.34231034 2.358
 1.10942222 2.94083333 1.5145     1.1865     2.38136364 2.05901515
 1.76675    0.90533333 2.05833333 1.8396     4.13756    1.28791667
 2.15350725 2.9825     1.98404    1.48615385 2.02115152 2.53428333
 1.18084615 1.08619231 1.5778     0.79613889 1.6996     1.52306667]",114
22,0,NearestNeighbors,0.019438342729688696,0.7845320441715318,"[1.86726667 1.91793333 1.72026667 1.83226667 2.12553333 1.70486667
 1.21853333 1.84066667 2.09726667 1.67293333 2.2794     1.5422
 2.215      1.48926667 1.18353333 1.2034     1.935      2.1702
 1.66706667 2.3228     2.03973333 1.3322     1.4148     1.4554
 1.66846667 1.91093333 1.74126667 1.85606667 1.87873333 1.09813333
 1.87593333 2.03973333 1.12473333 1.95573333 2.17186667 1.40246667
 1.55086667 2.0312     1.81573333 1.78633333 1.93753333 1.21573333
 1.40613333 1.4022     1.20453333 1.34873333 1.24233333 1.65586667
 1.5002     1.85606667 1.15693333 1.29973333 1.5898    ]","[1.0514     0.8799     1.30354167 1.93491346 4.00592857 2.62478947
 1.14429    1.67356    0.80315    1.83787879 2.194      0.65769091
 2.13205    0.83734483 0.57858621 2.5136     0.56466667 2.08013333
 3.88991304 1.48037634 2.28575    1.06008    1.99110142 3.87884211
 0.835375   2.56715909 2.10697674 0.87690909 2.39425    2.98273563
 1.461      3.29379545 1.93022222 0.9296     2.04175    1.56795865
 0.96191667 2.81712946 2.28968548 0.77677174 0.669375   1.65469048
 1.03384615 0.902      1.27092529 0.794      0.7965     2.23500526
 1.67356    1.059      0.77056    0.826875   0.8505    ]",114
23,0,NearestNeighbors,-0.13762029241475737,0.13239245581507048,"[4.03853333 3.805      3.8386     3.868      4.064      4.05813333
 3.65453333 3.98       3.48193333 4.022      3.8778     4.0374
 3.8372     3.78093333 3.55666667 4.09453333 4.0024     3.86213333
 3.68266667 3.8442     3.82153333 3.58073333 3.7966     3.903
 3.83553333 3.89966667 3.89013333 3.8736     3.9772     3.58146667
 4.1354     3.889      4.0164     3.74033333 4.113      3.60833333
 4.1004     4.1242     4.03013333 4.1368     3.70813333 3.9212
 3.7966     3.80893333 3.9422     4.1368     3.74593333 3.8722
 4.0122     3.89153333 3.49033333 3.9716     3.67706667 3.8932
 3.9632     3.82253333 3.86773333 3.81173333 3.79746667 3.8778    ]","[2.9861     4.0075     3.78590988 4.14503846 4.12370588 4.03782609
 4.21068182 3.91215385 3.95786047 4.0906     4.02878125 3.99113636
 4.141      4.08472    4.00934615 4.08390476 3.6947517  3.66048958
 3.1401     4.02769565 4.0615     3.92479167 4.10577419 4.03012
 3.99775    3.75125    4.089375   4.10641176 3.7922     4.18842105
 3.76880952 3.93907692 4.057      3.99018182 3.95470968 4.10488
 3.89334483 4.14594118 3.78820635 3.39166667 3.91825    4.132
 4.02274286 2.78558333 4.080625   4.132      3.89577419 4.14683333
 4.04241667 4.0635625  2.78492    4.07357895 4.138      4.117
 4.07877778 2.901      3.94888889 4.1965     3.42433333 4.132     ]",114
25,0,NearestNeighbors,-0.06800112853966933,0.6704144387969353,"[2.09293333 1.71553333 1.96666667 2.42066667 2.2024     2.66186667
 1.90226667 1.93586667 1.75106667 1.56293333 1.97226667 2.60026667
 1.66653333 1.3122     1.64273333 2.08746667 2.11813333 1.80986667
 2.07906667 1.9654     1.60813333 1.7578     2.47286667 1.49433333
 1.42126667 2.65206667 1.2264     1.61906667 2.71393333 1.9818
 1.82946667 2.3028     1.98486667 1.413      2.00026667 1.40893333
 2.19793333 2.1012     1.46493333 2.03526667 2.14613333 2.08593333
 1.96973333 1.73286667 2.13913333 2.3956     1.62733333 2.00753333
 2.03386667 1.7508    ]","[1.0318     0.99095652 2.40159649 3.28494253 4.00288462 1.49890476
 0.81035294 1.08133333 1.878025   2.80949    1.05024074 2.84516667
 2.5255     0.94067647 1.16905645 2.09586111 1.70721849 2.51237333
 2.46705    2.29082105 2.9473     2.01885507 2.61029545 2.25205714
 2.58397778 2.608625   1.60428947 1.16375    1.38504545 2.32315625
 1.30755882 3.04514706 1.15710714 2.39346552 2.9272     0.96075
 3.06951802 1.17705    3.46066667 2.23941304 3.16918667 3.19253623
 1.270325   2.69691729 2.79125    2.30948333 2.17833333 1.64516667
 2.40216667 1.627     ]",114
26,0,NearestNeighbors,-0.023671626183132233,0.5518988443203384,"[1.8194     1.92553333 2.14613333 2.39086667 1.91853333 1.8082
 2.7694     1.55593333 2.28726667 2.85786667 2.02353333 1.98713333
 2.154      2.11506667 2.5384     1.9202     2.29873333 1.54893333
 2.6028     2.45413333 2.29593333 2.1162     2.50186667 2.11506667
 2.7484     2.03206667 2.0588     2.3578     2.0238     2.43033333
 1.9412     2.57646667 1.83173333 2.27746667 2.2058     2.2926
 1.62033333 2.49613333 1.8824     2.02406667]","[1.35322727 2.29133333 2.44401515 3.04836957 2.12212308 2.35137333
 4.015      2.92738462 1.70486842 3.99480769 1.5365     4.11475
 2.11802564 1.3349     2.03865152 2.47515385 1.94366667 2.43383333
 2.45227368 2.83598387 2.25107658 3.0636     1.19031818 1.81468966
 2.35533333 2.71642105 1.538      2.18855645 1.561      2.0665
 2.13575862 3.99041667 2.50642727 2.55029167 2.17986316 1.0115
 2.04443548 2.22865278 2.37853333 2.35333333]",114
29,0,NearestNeighbors,-0.2357425632523078,0.0972216878511076,"[0.7532     0.9044     1.029      1.19026667 0.70826667 0.94106667
 1.0332     1.2362     0.7322     0.8848     0.8904     0.97186667
 1.10206667 0.9478     0.9128     0.6958     1.37226667 0.9758
 0.5824     0.6132     0.8176     0.9044     0.693      0.9926
 0.7854     0.8176     0.4676     0.8204     0.9506     0.89586667
 0.72646667 0.9464     0.5026     1.22946667 0.77406667 0.4718
 1.1088     0.8624     0.6384     0.8736     0.756      0.9002
 1.04006667 1.31206667 1.1158     1.34706667 0.7812     0.7098
 0.833      0.7868     0.58366667 1.0668     1.0696     0.9114
 0.9814     0.7588    ]","[1.08340909 0.63626316 0.7252     0.66376154 0.7903913  0.88977778
 0.77164706 0.96052727 0.92239113 1.322      0.763      1.13495455
 1.37783333 0.5691     0.49340909 0.8239     0.790125   0.88240385
 1.09872    0.67258333 0.712775   0.5922     0.789      0.74445
 1.43535    0.58668421 0.7232     1.54455    0.60612097 0.37778947
 0.86365789 0.966      0.693      1.35210526 0.7955     0.55882051
 0.96117    0.716625   0.3297     0.99813913 0.58864865 1.13910714
 1.17752174 0.8043     0.62921    1.20103846 1.18704444 1.00030952
 1.2056625  0.24952941 0.71729412 1.24180606 0.68891667 0.6181875
 0.9905     0.7392    ]",114
30,0,NearestNeighbors,-0.09107546114192422,0.1393359304112932,"[1.2082     0.92133333 1.288      1.39606667 1.099      1.05
 1.13006667 0.78373333 0.9744     0.938      1.1004     1.05
 0.9632     0.9856     0.9268     1.1298     1.0458     1.183
 0.7434     1.0094     1.0472     1.2068     0.924      1.1158
 1.1312     1.38906667 1.1662     1.15486667 1.0822     1.232
 0.9506     0.8484     1.22386667 1.0192     1.1816     0.9968
 1.0248     1.4764     0.9506     1.1522     1.2278     0.9142
 1.0654     1.0528     1.1494     1.17906667 1.0234     0.98
 1.1032     1.31373333 1.12       1.27733333 1.2516     1.17766667
 1.0696     0.8932     0.82053333 1.057      1.0332     0.987     ]","[0.74411111 1.34925    1.2306     1.39125    1.10896154 1.22811111
 1.43904    0.56159    0.76206667 0.873      0.74515385 1.0875
 0.58296    1.47097674 1.003      0.98425    1.10968421 1.20467308
 1.34295    1.8322625  1.65777241 0.59808    0.87696    0.99567391
 1.127      1.99735556 0.96722105 1.03483333 1.13782927 0.919625
 1.1015     1.41556383 1.377875   1.04196957 1.34490476 1.31530952
 1.52716667 2.0318     1.30101176 1.1732     1.21809677 1.41425
 1.07188679 0.31419444 1.12753684 2.36433333 1.56261538 1.38310345
 1.09807895 1.38872143 1.10662963 0.97189474 1.1433587  1.5785
 1.68063816 1.0542     1.37359091 1.01325    1.2453     1.1014    ]",114
31,0,NearestNeighbors,-0.7509761701575652,0.036323297514006155,"[-0.1106     -0.0924      0.0756     -0.2296     -0.0966      0.049
  0.0112     -0.1176     -0.2394     -0.1722      0.0056      0.0686
 -0.1022     -0.0938      0.0224      0.1134      0.0448     -0.2562
  0.0252     -0.0994      0.0532      0.0602      0.0322      0.1092
 -0.05866667 -0.2576     -0.0084      0.09506667  0.13426667 -0.1638
  0.1288     -0.0084      0.08273333 -0.13286667 -0.084       0.1106
 -0.23966667 -0.0378     -0.31346667  0.0406      0.0154     -0.18886667
  0.0308     -0.2576     -0.28726667 -0.1204     -0.1106      0.05193333
  0.1932     -0.0854      0.0882     -0.04606667 -0.1638     -0.0028
  0.0448      0.0602     -0.0504     -0.0126     -0.05053333 -0.2128    ]","[-0.11019565  0.02066667 -0.05573077 -0.01575     0.02066667 -0.07893529
  0.06172222  0.15       -0.0315     -0.04875    -0.20243333 -0.07744444
 -0.0405     -0.01676316  0.00731818  0.16861765  0.05896154  0.06066667
 -0.18075556  0.01081818 -0.19554118 -0.08733333 -0.24964     0.17590476
 -0.03836538 -0.02424265 -0.09717647 -0.10047879  0.154875    0.01210588
 -0.0954      0.012       0.24990476 -0.23549286 -0.05323784 -0.039
  0.6195     -0.20645528 -0.02261538  0.12845    -0.0973      0.12456818
 -0.00289655 -0.233625   -0.02227273 -0.13172727 -0.19227419 -0.03226087
 -0.00331579 -0.22342143  0.25279167 -0.04943077  0.0126      0.119
 -0.18397826 -0.05631818  0.11230435 -0.0355122  -0.11792308 -0.1038587 ]",114
35,0,NearestNeighbors,-0.24374523721568564,0.085803394463592,"[-0.0756      0.2002      0.0784      0.1218      0.0686      0.19166667
  0.252       0.0812      0.1134     -0.0224      0.0798      0.0364
 -0.0672      0.0574      0.1498      0.2002      0.0056     -0.24666667
 -0.0168      0.1064      0.0406      0.1498      0.0994      0.1806
  0.1148     -0.1106     -0.0308     -0.16686667  0.3094      0.1722
 -0.10666667  0.0966      0.0462     -0.0504      0.245       0.049
 -0.0574     -0.18086667  0.0672      0.189     ]","[ 0.3885     -0.16733957 -0.0615      0.14028     0.11424     0.35816667
  0.039375    0.08297561 -0.042       0.0825      0.20625    -0.3053
  0.91184211 -0.10118701  0.82483333  0.14035     0.18401338 -0.0676734
  0.18991304 -0.06191379 -0.18253846  0.82483333  0.18103448 -0.10682609
 -0.16578748  0.38422222  0.07228125 -0.03825926  0.3185      0.1869
  0.23503846 -0.06314815  0.02433333 -0.05775     0.22125     0.3522931
 -0.03206518  0.04454545  0.1276      0.12025   ]",114
36,0,NearestNeighbors,-0.1890293862799668,0.5764776694153911,"[1.84153333 1.56826667 1.762      2.12373333 2.33053333 1.70993333
 1.42546667 1.87006667 1.9174     1.24626667 1.7396     1.3482
 1.61613333 1.9538     1.79       1.49686667 2.08426667 1.51813333
 1.31933333 2.0378     2.4362     1.7802     2.04506667 2.48546667
 1.70826667 1.33193333 1.8642     1.28126667 1.45513333 1.46493333
 1.98626667 1.68753333 1.49573333 2.03806667 1.7424     2.19793333
 1.33726667 1.67353333 2.26206667 2.26066667 1.97046667 1.77966667
 2.25226667 1.65926667 1.92553333 2.25533333 2.1694     1.62426667
 1.69186667 2.2892     1.7788     1.7032     1.8796     1.87286667]","[0.88795833 1.77161957 2.6392963  0.9432973  0.72077778 1.33485714
 2.86745    1.30956667 2.36354545 1.65585    1.38352941 1.50315
 1.29590476 1.8866     2.35078788 0.5662     2.815125   2.07165333
 1.22686667 0.745      1.76258784 1.17934783 1.88285965 2.04304
 2.76434    1.27321765 1.3722549  1.30651111 1.34231034 2.358
 1.10942222 2.94083333 1.5145     1.1865     2.38136364 2.05901515
 1.76675    0.90533333 2.05833333 1.8396     4.13756    1.28791667
 2.15350725 2.9825     1.98404    1.48615385 2.02115152 2.53428333
 1.18084615 1.08619231 1.5778     0.79613889 1.6996     1.52306667]",114
22,0,MLPRegressor,0.15943286020783254,0.6725246205122376,"[1.75981904 1.69261686 1.7508399  2.08929692 1.97732244 2.00451192
 1.50153532 2.1192568  1.81013946 1.79731797 2.04734355 1.62461923
 2.1015051  1.26572791 1.27562835 1.67987645 2.23422138 2.53313369
 2.20972499 2.25231707 2.42151261 1.43066719 1.47715507 1.87937735
 1.39787905 1.70392314 1.94677422 1.66832074 2.02090295 1.69659139
 2.14659785 2.10475566 1.47973624 2.44655202 2.16450267 1.53420208
 1.22949126 2.08774714 1.82390733 1.7535387  1.93440318 1.4965513
 1.44889202 1.5390293  1.38203067 1.65046538 1.40394289 1.93629411
 1.83719503 1.70733729 1.02891404 1.87878106 1.59257575]","[1.0514     0.8799     1.30354167 1.93491346 4.00592857 2.62478947
 1.14429    1.67356    0.80315    1.83787879 2.194      0.65769091
 2.13205    0.83734483 0.57858621 2.5136     0.56466667 2.08013333
 3.88991304 1.48037634 2.28575    1.06008    1.99110142 3.87884211
 0.835375   2.56715909 2.10697674 0.87690909 2.39425    2.98273563
 1.461      3.29379545 1.93022222 0.9296     2.04175    1.56795865
 0.96191667 2.81712946 2.28968548 0.77677174 0.669375   1.65469048
 1.03384615 0.902      1.27092529 0.794      0.7965     2.23500526
 1.67356    1.059      0.77056    0.826875   0.8505    ]",114
23,0,MLPRegressor,-0.36656589006257523,0.15903638096544298,"[3.71810038 3.67836487 3.54887232 4.02584903 3.73065679 4.53923084
 3.31745862 4.441174   3.7784335  3.81835272 4.17883301 3.66387049
 3.80324485 3.3572014  3.2834584  4.04792134 3.89458339 3.7383117
 3.2676488  4.03149678 3.70868446 3.91749926 3.73739226 4.36405035
 4.20753058 4.03283308 4.09674815 4.02442218 3.75914976 3.55953628
 4.37867236 4.42308378 4.08281488 3.89067525 3.91422204 3.49305704
 3.99962022 4.41407341 3.46034563 3.61095155 3.95163792 3.49287634
 3.91874115 3.24116158 4.06201739 4.37138331 4.04935373 4.01741127
 4.19769535 3.64585271 3.22747336 4.28583978 3.51916381 3.6933623
 3.59307764 3.56705848 3.97214435 3.29496258 3.74113269 3.48141287]","[2.9861     4.0075     3.78590988 4.14503846 4.12370588 4.03782609
 4.21068182 3.91215385 3.95786047 4.0906     4.02878125 3.99113636
 4.141      4.08472    4.00934615 4.08390476 3.6947517  3.66048958
 3.1401     4.02769565 4.0615     3.92479167 4.10577419 4.03012
 3.99775    3.75125    4.089375   4.10641176 3.7922     4.18842105
 3.76880952 3.93907692 4.057      3.99018182 3.95470968 4.10488
 3.89334483 4.14594118 3.78820635 3.39166667 3.91825    4.132
 4.02274286 2.78558333 4.080625   4.132      3.89577419 4.14683333
 4.04241667 4.0635625  2.78492    4.07357895 4.138      4.117
 4.07877778 2.901      3.94888889 4.1965     3.42433333 4.132     ]",114
25,0,MLPRegressor,0.09553086862362536,0.5677607906182294,"[2.25232764 1.48900329 1.90763522 2.68252246 2.59786604 2.49348608
 1.69636325 1.893099   1.712807   2.16002501 1.86758186 2.54017274
 1.33553954 1.40866715 2.00303912 1.99472706 2.42905692 2.04010614
 2.03934255 1.75009074 2.0320683  1.27558158 2.45637163 1.34960419
 1.52289233 3.03488312 1.18594248 1.89938723 2.18362462 1.71261918
 2.20649296 2.5768189  1.97895867 2.04222003 2.18689132 1.7572953
 2.71594425 2.0397467  1.40178039 1.77910934 2.32373243 2.41597961
 1.93153211 2.0389551  2.43538313 2.76807611 1.62638558 1.93880637
 2.04285812 2.10609155]","[1.0318     0.99095652 2.40159649 3.28494253 4.00288462 1.49890476
 0.81035294 1.08133333 1.878025   2.80949    1.05024074 2.84516667
 2.5255     0.94067647 1.16905645 2.09586111 1.70721849 2.51237333
 2.46705    2.29082105 2.9473     2.01885507 2.61029545 2.25205714
 2.58397778 2.608625   1.60428947 1.16375    1.38504545 2.32315625
 1.30755882 3.04514706 1.15710714 2.39346552 2.9272     0.96075
 3.06951802 1.17705    3.46066667 2.23941304 3.16918667 3.19253623
 1.270325   2.69691729 2.79125    2.30948333 2.17833333 1.64516667
 2.40216667 1.627     ]",114
26,0,MLPRegressor,0.15315931061459231,0.45656281354391454,"[2.08326144 2.83166995 1.92387235 2.38098556 2.32544207 1.95701101
 2.77190968 2.21565167 1.79204186 2.43918473 1.83775403 2.73758309
 1.88704572 2.50959439 2.15854671 2.3310943  2.4708188  2.02840822
 2.20293804 2.33122729 2.33000892 2.23436928 2.01036716 2.053267
 2.31673751 2.10303377 2.62738203 2.29371641 1.74940764 2.58609232
 1.97222064 2.48364961 2.18815319 2.3552758  2.37478035 2.32738424
 2.04552418 2.21052171 2.09239516 2.84119715]","[1.35322727 2.29133333 2.44401515 3.04836957 2.12212308 2.35137333
 4.015      2.92738462 1.70486842 3.99480769 1.5365     4.11475
 2.11802564 1.3349     2.03865152 2.47515385 1.94366667 2.43383333
 2.45227368 2.83598387 2.25107658 3.0636     1.19031818 1.81468966
 2.35533333 2.71642105 1.538      2.18855645 1.561      2.0665
 2.13575862 3.99041667 2.50642727 2.55029167 2.17986316 1.0115
 2.04443548 2.22865278 2.37853333 2.35333333]",114
29,0,MLPRegressor,0.19089846847143255,0.06365582838798976,"[0.88913632 0.76772105 0.95021919 0.87470018 0.70987718 0.76678727
 0.96282928 0.99675848 0.74136804 0.91078338 0.94599526 0.95000875
 1.0014938  0.87911392 0.84607977 0.70554234 1.0088596  1.07238284
 0.73539775 0.43441558 0.68970882 0.82928687 0.8708218  1.05592038
 0.92859193 0.82783781 0.57516989 0.96870977 0.8687397  0.80225595
 0.83098542 0.80141577 0.71398712 0.98904889 0.85761055 0.50816755
 1.15534328 0.62083689 0.70696579 0.65983638 0.80580799 0.87694025
 1.01513826 1.00111302 0.98013581 0.98581127 0.98305093 0.88839115
 0.93944469 0.61854564 0.65934646 0.87073501 0.95549172 0.87046148
 0.97119302 0.76001811]","[1.08340909 0.63626316 0.7252     0.66376154 0.7903913  0.88977778
 0.77164706 0.96052727 0.92239113 1.322      0.763      1.13495455
 1.37783333 0.5691     0.49340909 0.8239     0.790125   0.88240385
 1.09872    0.67258333 0.712775   0.5922     0.789      0.74445
 1.43535    0.58668421 0.7232     1.54455    0.60612097 0.37778947
 0.86365789 0.966      0.693      1.35210526 0.7955     0.55882051
 0.96117    0.716625   0.3297     0.99813913 0.58864865 1.13910714
 1.17752174 0.8043     0.62921    1.20103846 1.18704444 1.00030952
 1.2056625  0.24952941 0.71729412 1.24180606 0.68891667 0.6181875
 0.9905     0.7392    ]",114
30,0,MLPRegressor,0.010117903090014146,0.12641301897311547,"[0.99232413 1.19471417 0.94878556 1.10098266 0.92616322 1.13393299
 1.3239857  0.91189507 0.9677449  1.25862636 1.34574904 1.13727906
 1.02678796 1.23590535 1.00878154 1.10236698 1.14740904 1.20184433
 1.3315922  0.93424237 1.11048191 1.08213852 0.89771647 1.33208632
 1.13418778 1.11845978 1.15276868 0.79758437 1.01719229 1.08785251
 1.18154262 1.00385106 1.42452112 1.06532965 1.27889751 1.04487026
 1.36284016 1.13096421 1.20922675 1.10011526 0.97841033 1.35456267
 1.03568797 1.12141837 1.12417837 1.39158599 1.13703862 1.24957143
 1.15191379 1.02435797 1.02343065 1.10009192 1.0101396  1.39789254
 0.89456523 1.31272271 1.13343136 1.03135508 1.00958449 1.11560452]","[0.74411111 1.34925    1.2306     1.39125    1.10896154 1.22811111
 1.43904    0.56159    0.76206667 0.873      0.74515385 1.0875
 0.58296    1.47097674 1.003      0.98425    1.10968421 1.20467308
 1.34295    1.8322625  1.65777241 0.59808    0.87696    0.99567391
 1.127      1.99735556 0.96722105 1.03483333 1.13782927 0.919625
 1.1015     1.41556383 1.377875   1.04196957 1.34490476 1.31530952
 1.52716667 2.0318     1.30101176 1.1732     1.21809677 1.41425
 1.07188679 0.31419444 1.12753684 2.36433333 1.56261538 1.38310345
 1.09807895 1.38872143 1.10662963 0.97189474 1.1433587  1.5785
 1.68063816 1.0542     1.37359091 1.01325    1.2453     1.1014    ]",114
31,0,MLPRegressor,-0.2510696957788008,0.02595293844943719,"[-0.02775875 -0.1233707  -0.12680275 -0.03458739 -0.12484685 -0.13400418
 -0.0516289  -0.00588646  0.00277223 -0.03452432 -0.11469264  0.04522226
 -0.12784729  0.03305507 -0.01477855  0.02630585 -0.00464991 -0.02765957
 -0.0684502  -0.03508739  0.02044376 -0.03497511  0.01313429 -0.09229993
 -0.14561053 -0.12189253 -0.05374942  0.02746187 -0.15160375  0.0258439
 -0.01454201 -0.0471947  -0.02600007 -0.05718391 -0.02541003 -0.12830346
 -0.07959863 -0.06031088 -0.12749213 -0.15030142 -0.00828606 -0.04538329
 -0.04226673 -0.03349648 -0.0764762  -0.13080253 -0.01157486 -0.02843583
  0.00935593 -0.03160146 -0.03843676 -0.04363806  0.02438977 -0.00154143
 -0.0674079  -0.05263447 -0.12311006 -0.05230478 -0.02582527 -0.04250465]","[-0.11019565  0.02066667 -0.05573077 -0.01575     0.02066667 -0.07893529
  0.06172222  0.15       -0.0315     -0.04875    -0.20243333 -0.07744444
 -0.0405     -0.01676316  0.00731818  0.16861765  0.05896154  0.06066667
 -0.18075556  0.01081818 -0.19554118 -0.08733333 -0.24964     0.17590476
 -0.03836538 -0.02424265 -0.09717647 -0.10047879  0.154875    0.01210588
 -0.0954      0.012       0.24990476 -0.23549286 -0.05323784 -0.039
  0.6195     -0.20645528 -0.02261538  0.12845    -0.0973      0.12456818
 -0.00289655 -0.233625   -0.02227273 -0.13172727 -0.19227419 -0.03226087
 -0.00331579 -0.22342143  0.25279167 -0.04943077  0.0126      0.119
 -0.18397826 -0.05631818  0.11230435 -0.0355122  -0.11792308 -0.1038587 ]",114
35,0,MLPRegressor,-0.00038374742173452603,0.06901439195630708,"[ 0.12395548  0.08059411  0.0373615   0.13707628  0.10669544  0.07402488
  0.07499708  0.08975166  0.11978929  0.11500223  0.01157491  0.11219784
  0.15339341  0.08335675  0.12806689  0.04150723  0.04073068  0.0026562
  0.13202725  0.04164919  0.02067452  0.12689462 -0.13174994  0.04338233
  0.07977173  0.06174328  0.01888692  0.07140575 -0.07598217  0.11224888
  0.12701313  0.03137837 -0.02073764  0.099892    0.15292268  0.05308895
  0.09843245  0.11357477  0.10288966  0.141083  ]","[ 0.3885     -0.16733957 -0.0615      0.14028     0.11424     0.35816667
  0.039375    0.08297561 -0.042       0.0825      0.20625    -0.3053
  0.91184211 -0.10118701  0.82483333  0.14035     0.18401338 -0.0676734
  0.18991304 -0.06191379 -0.18253846  0.82483333  0.18103448 -0.10682609
 -0.16578748  0.38422222  0.07228125 -0.03825926  0.3185      0.1869
  0.23503846 -0.06314815  0.02433333 -0.05775     0.22125     0.3522931
 -0.03206518  0.04454545  0.1276      0.12025   ]",114
36,0,MLPRegressor,0.07097378007616317,0.4504202135517123,"[1.97917668 1.74873892 1.61167699 1.53089052 2.05137163 1.41686318
 1.67060707 1.40966154 1.52917424 1.6000863  1.5728324  1.56934584
 1.45832914 1.65089195 1.75115626 1.50970018 1.74398021 1.55027295
 1.64581943 1.77427663 1.5885727  1.51997697 1.96816254 1.71722123
 1.68932235 1.54142211 1.58011701 1.62743078 1.53642824 1.77266333
 1.50685553 1.65383887 1.69311629 1.68598574 1.70605567 1.55842611
 1.80186676 1.95219399 1.78212056 2.05309874 2.09475413 1.87314975
 2.10851278 1.98284764 1.65867996 1.94802661 2.13107553 2.06865808
 1.8148353  1.77022434 1.84486056 1.65536195 1.6545358  1.46336192]","[0.88795833 1.77161957 2.6392963  0.9432973  0.72077778 1.33485714
 2.86745    1.30956667 2.36354545 1.65585    1.38352941 1.50315
 1.29590476 1.8866     2.35078788 0.5662     2.815125   2.07165333
 1.22686667 0.745      1.76258784 1.17934783 1.88285965 2.04304
 2.76434    1.27321765 1.3722549  1.30651111 1.34231034 2.358
 1.10942222 2.94083333 1.5145     1.1865     2.38136364 2.05901515
 1.76675    0.90533333 2.05833333 1.8396     4.13756    1.28791667
 2.15350725 2.9825     1.98404    1.48615385 2.02115152 2.53428333
 1.18084615 1.08619231 1.5778     0.79613889 1.6996     1.52306667]",114
22,0,CausalForestDML,0.19372760790308485,0.8529815559018641,"[1.22697596 2.04480257 1.65815189 2.1464678  1.19829901 0.94443666
 1.16977716 1.05780241 2.12249973 2.06800771 1.17698714 2.012724
 2.17780165 1.45423135 2.05334596 1.75939549 1.53583055 1.95228688
 2.14982356 1.6802706  1.9603802  2.1146772  0.92151624 2.14948784
 1.87273112 2.23708824 1.83528378 1.24857879 0.90701603 2.35349787
 2.08097236 1.73446468 1.61499858 2.01808003 1.78311166 1.72081799
 2.18174463 1.72945245 1.76287627 2.00445025 1.7387328  2.10131876
 1.09442756 1.8244246  1.24328574 1.07007926 2.12839651 1.80327657
 1.92153119 1.61741059 1.98280674 2.20621248 1.28637022]","[0.9065     4.00592857 3.08004167 3.87884211 0.7965     1.27092529
 1.63117714 1.70233333 4.03782609 2.3988     0.65769091 2.40819355
 4.08143333 1.49866667 3.0914026  2.52508824 1.99110142 1.75662673
 3.96813636 2.82557778 2.37477174 2.87004167 1.33932456 2.71267826
 0.75525    2.53744118 0.82415    1.76768468 0.81415385 3.1006413
 1.97736957 1.55395238 2.80168182 2.28764    0.53142105 3.9121
 2.22761111 1.564      0.56298333 2.3488     1.50235338 4.00592857
 0.79468421 1.96665806 1.67356    0.835375   1.83498284 2.53027273
 2.12998182 1.13705    0.8799     3.048      1.75882759]",115
23,0,CausalForestDML,0.1080019905660865,0.17049902930532818,"[3.48423772 3.85695964 3.84149966 3.76269371 3.88012532 3.87174719
 3.81979341 3.89420977 3.71188417 3.78588249 3.89493065 3.71828876
 3.89762667 3.39290443 3.50032518 3.75420807 3.75080108 3.80061563
 3.5468248  3.77966838 3.71792499 3.73800405 3.6938822  3.82357818
 3.89785634 3.65923681 3.83396931 3.7743375  3.81710526 3.94555589
 3.53380199 3.74797102 3.78742173 3.89472548 3.7664569  3.78319217
 3.89257523 3.7816206  3.99080682 3.97655089 3.79730833 3.66486276
 3.57242087 3.95428232 3.74599925 3.7396819  3.74178276 3.88320433
 3.66866899 3.64580483 3.99369768 3.77954612 3.76023742 3.93594565
 3.75619939 3.75637023 3.7105757  3.95117709 3.97311604 3.79385474]","[3.44221212 3.90818919 3.72742105 4.036      3.93907692 3.85180952
 3.39166667 3.89577419 2.20022727 4.14503846 4.064875   4.14244828
 4.064875   2.80645455 3.524      3.89334483 4.10696552 4.212
 2.24414035 3.88989474 4.10577419 4.1160625  4.10572    3.85896154
 3.74009524 4.00934615 4.18842105 4.10488    3.893375   3.96016667
 4.16963636 4.01185    3.95323529 3.95786047 4.08675    2.43612281
 3.882      4.10090909 4.1774     4.11336842 3.7124     3.90618182
 4.21068182 4.05604167 3.47031667 3.98370968 3.6947517  4.11864706
 3.994      3.33701449 4.132      4.0348     4.02769565 4.12482353
 4.02274286 3.97977778 4.18909677 3.9415     3.961625   4.078     ]",115
25,0,CausalForestDML,0.23706358985239495,0.5585831901825018,"[1.77950372 2.01442268 2.02089056 2.03455542 1.75363638 2.09254425
 1.73299246 2.16982324 1.83165797 1.84250352 1.66032789 1.86362035
 1.49715155 2.22920651 1.33779705 1.70777834 1.86079523 1.56034673
 1.58859175 1.87797549 1.83971325 1.74558658 1.91289275 1.50266236
 1.51921892 1.98451544 2.02525723 1.69586472 2.29256609 2.1273017
 2.20646653 2.24870948 1.52649719 2.12902777 1.62629625 1.76811611
 2.00025081 1.96450513 2.54266833 1.93016958 1.75594041 1.9755652
 1.955651   1.64741352 1.88529706 2.0643566  1.84365437 2.0709599
 1.98565113 1.87402984]","[1.09065385 2.9473     1.30261765 1.38725    0.93975    1.06785
 1.39919231 4.14594118 1.48273529 0.90188    1.60428947 1.41915789
 0.979125   1.99633333 0.5845     2.67615686 1.20293478 1.00478824
 1.53685    2.3952381  1.08133333 0.18835088 2.58397778 1.218
 0.83878261 1.85277273 1.30755882 0.91413636 3.13134848 2.608625
 2.15867949 3.9715     2.01885507 2.14907895 1.183      1.15710714
 2.29557333 1.91575    3.11884211 1.51625    2.3635119  2.829525
 1.2845     0.913      1.12639535 2.69691729 1.32972    1.49339024
 2.60835345 0.7014    ]",115
26,0,CausalForestDML,-0.08163882266578426,0.8927794683803392,"[2.25164352 2.48630923 1.85832287 2.55259905 2.3602157  2.36187386
 2.19248107 1.99782017 2.35136881 2.46596491 2.0550242  2.03880436
 2.18291753 2.78173283 2.23379609 2.24036551 2.03174285 2.03191426
 1.98442083 2.21940701 2.4355319  2.2248051  2.50913241 2.30391593
 2.27822149 2.35204206 2.14190644 2.33955318 1.97719755 2.05995522
 2.6198664  2.27203892 2.1509338  2.36772307 2.31485554 2.14946597
 1.92248366 2.48325838 1.99885541 2.26315932]","[2.31294958 2.94365217 0.64916667 2.35595833 2.12212308 1.58052632
 2.766125   4.2289375  1.934625   3.805      1.434125   4.19636364
 1.44705556 3.99480769 2.0223     2.80445    4.12273913 1.81468966
 2.44401515 1.94366667 2.30544444 1.92423913 2.35333333 2.92738462
 2.04517333 4.11475    2.55029167 1.05525    4.007      2.03865152
 3.13366667 3.13982    1.5365     2.21825    3.12616667 2.18183333
 3.04335897 1.56255556 1.65436842 2.38993333]",115
29,0,CausalForestDML,0.23040843828158053,0.11479883001854217,"[0.76260049 0.63755579 0.86511505 0.53334548 1.17020473 1.09134557
 0.57581213 0.73060633 0.55506658 1.11653832 0.54186651 0.9025657
 0.68096432 0.96915264 0.94310089 0.83967284 0.82352083 0.92146296
 0.70984871 0.76290871 0.83095426 0.58784476 0.55331695 0.91924644
 1.06940883 0.92335997 1.14233167 0.71095066 1.11902761 0.55988825
 0.9501403  1.11556816 0.80771833 0.71445315 0.84002321 0.70910629
 0.65198484 0.92927578 0.72704782 0.81026047 1.12840682 0.58015341
 0.56271955 0.64619229 0.83281117 0.83256618 0.60332383 0.89698196
 0.73248293 0.73997855 0.78115229 0.82678139 0.56584592 0.70537884
 0.77727018 0.98402115]","[0.91102941 0.352      1.08340909 0.6083     2.29096296 0.75673913
 0.696      1.122      0.64842105 1.17154545 0.620625   0.749875
 0.7133     0.919      1.18704444 1.20896271 0.81518182 0.58425
 0.83604348 1.37783333 1.05457059 0.82890769 0.3297     0.6886
 1.17752174 1.36856522 1.06995    0.62328    1.322      0.7392
 0.75470769 2.02143333 1.23043421 1.03288889 0.69878261 0.8568
 0.60411207 0.47618333 0.50878947 0.693      1.82390152 0.92149167
 0.55882051 0.58864865 1.206      0.3110625  1.07431579 0.7955
 0.652      0.7096     0.71729412 0.57880952 1.11180682 0.53694118
 1.24180606 0.57361957]",115
30,0,CausalForestDML,0.18855228510932565,0.08327908639367089,"[1.09323091 1.13087998 1.06068403 1.14316148 1.03530701 1.14031297
 1.02819769 1.13639905 1.06479191 1.07670495 1.09739604 1.05233276
 1.11252507 1.15960859 1.10495643 1.08719862 1.15319796 1.02549331
 1.06854989 1.11360802 1.17063868 1.06046746 1.36637332 1.333666
 1.10431737 1.05305418 1.05553158 1.09668271 1.28122181 1.15955801
 1.184652   1.10515812 1.03164699 1.08095506 1.10207045 1.05619972
 1.08602063 1.09751371 1.26000096 1.05422495 1.12053785 1.06878032
 1.05200611 1.21157597 1.10358826 1.03794312 1.04687777 0.9988798
 1.0241846  1.05273761 1.06234199 1.10806906 1.16686511 1.15181338
 1.40043734 1.30994068 1.2509427  1.06285775 0.98177613 1.03570713]","[1.00663721 1.97064    1.00275    1.07194444 1.03464706 1.10968421
 0.937125   0.69405    1.003      0.4935     1.41556383 0.8715
 0.921      1.38310345 1.33172308 1.58095    1.37186538 0.41044828
 0.77492857 1.48368954 1.1732     1.14191538 1.59734194 1.22868421
 1.3769     0.87696    1.1308     1.34490476 1.52716667 1.337
 1.329      0.58527273 1.1571875  1.17166093 1.1911359  1.42
 0.9513     1.25244    1.2202931  0.98980952 2.0318     1.15966667
 0.85965517 0.87579167 1.28075    0.87259091 0.98254545 0.64830952
 1.08375    0.99952632 1.127      1.25872174 1.266      1.56261538
 1.66626667 1.40761765 1.2215     1.08232258 0.80676522 0.56159   ]",115
31,0,CausalForestDML,0.20540625141766666,0.01745917155150026,"[-9.99807973e-02 -7.14780231e-02 -5.32960113e-02 -1.98650014e-02
  2.46427389e-02  2.70642336e-02  4.69482851e-03 -3.53169195e-03
  4.62930333e-03 -4.15223706e-02  1.34962289e-02 -7.91967961e-02
  5.17419113e-02 -5.70405615e-02 -3.08576250e-02 -1.06485607e-02
 -9.30152967e-02  3.22956543e-02  4.80326652e-02 -1.31394889e-03
 -2.58580448e-02 -8.00313830e-02  9.87824425e-03 -1.13122335e-01
  5.18384827e-02 -2.06829951e-02 -7.13289169e-03 -2.04526730e-02
 -4.10001560e-03 -1.46336296e-02  2.61414829e-02  6.64184431e-03
  1.23693882e-02  4.19315908e-02  9.64327942e-03 -1.12781025e-01
 -1.00306548e-01 -1.99111851e-02 -8.09349542e-02 -3.54096881e-02
 -8.42934494e-02 -1.02549260e-01 -3.58976734e-02  1.10602078e-04
  1.13353615e-02  6.99171731e-03 -1.28884544e-01 -8.19730635e-02
  1.32843087e-02 -1.39423448e-01 -6.23627340e-02  4.01317842e-02
 -5.38205628e-02 -1.14095096e-01 -7.89747899e-02 -1.43442195e-01
 -1.04342166e-01 -5.30991329e-02 -4.49704365e-02 -9.47485207e-02]","[-0.169      -0.10824265 -0.03519444 -0.04601471  0.144375    0.05896154
 -0.01241935  0.03394737  0.00731818 -0.02000431  0.012      -0.20268182
  0.15188108 -0.03226087 -0.00648529 -0.033      -0.05090909  0.0105
  0.02331    -0.14655     0.12845    -0.06523125  0.0784     -0.205
  0.19962069 -0.24964    -0.05985    -0.05323784  0.6195     -0.17051429
  0.28619231 -0.10786364  0.024       0.21077273  0.28102941 -0.09558621
 -0.16        0.04076471 -0.11676    -0.0435     -0.20645528 -0.09731875
 -0.08511364 -0.06623077  0.11326     0.105      -0.10668     0.128
  0.1946     -0.05345455 -0.03836538 -0.07161957 -0.06098077 -0.19227419
  0.083475   -0.21845588 -0.1148     -0.03616667  0.07090476  0.15      ]",115
35,0,CausalForestDML,0.06782056250642177,0.06589348531003567,"[ 0.11411602  0.06236552  0.03598301  0.0790002   0.01804582 -0.03174583
  0.0152865   0.08449586  0.10094799  0.13498742 -0.05136083  0.04048891
  0.03472833 -0.05277288  0.11104871  0.07278277  0.05009752  0.017977
  0.04146868  0.07535235  0.0745826   0.07921147  0.11395068  0.09212679
  0.06404856  0.11899489  0.06647661  0.06848894  0.0493716   0.05537835
  0.06743258  0.04351648  0.08765672  0.09030991  0.09310932  0.05734406
  0.02483032  0.06201494  0.05541745  0.10589384]","[-0.08166667 -0.02290909 -0.10682609  0.286125   -0.0615      0.04473913
  0.18103448 -0.10534884  0.20625    -0.0207      0.00684783  0.00346154
 -0.09530612  0.00969231  0.892       0.251125   -0.04009091 -0.0676734
 -0.00679412 -0.05775     0.04940727 -0.10521053  0.23503846  0.25095
 -0.01538889  0.91184211 -0.02465217 -0.11185101 -0.1425      0.35816667
  0.44944565  0.06681818  0.82483333  0.04725     0.246       0.0301
 -0.056      -0.10686842 -0.22651316  0.168     ]",115
36,0,CausalForestDML,0.0406567016697833,0.4580435429601748,"[1.96754595 1.62632434 1.8751177  1.97726875 1.84044629 1.61979088
 1.85594036 1.70918489 1.83495486 1.81203516 1.6155495  1.59355224
 1.918693   1.84066914 2.12929761 1.78712025 1.6844185  1.86697934
 1.64021356 1.42474115 1.76168515 1.63528154 1.57390156 1.94948975
 1.79159162 1.76168515 1.61138367 1.86103226 1.47975483 1.87461557
 1.62038631 1.86296193 1.58448096 1.78746555 1.66552441 1.99200559
 1.69147731 1.43806993 2.06745695 1.68280049 1.9310457  1.7564344
 1.76511052 1.46796404 1.74606784 1.54238369 1.59922616 1.93142978
 1.71918228 1.51496117 1.90156402 1.83636136 1.54641378 1.61054166]","[2.84363158 1.41193478 1.10942222 0.72077778 1.52306667 2.358
 1.25631452 1.52782308 2.44798551 2.15350725 1.98692308 1.577275
 2.02783333 1.19618182 2.69061765 1.43535    1.74982143 0.68288889
 2.38136364 0.96035484 0.5662     1.89525    1.04511957 2.40723333
 1.40790476 0.5662     2.2447     1.80628    1.80266667 1.98404
 2.20073333 2.14489    2.17366667 1.33485714 1.23092308 2.83509091
 2.60663636 1.15797917 2.65363333 0.9219     4.00576    2.09698148
 2.98715    1.30651111 1.28247368 1.84012903 1.970625   2.18341667
 1.28625    2.38636    0.93177778 1.40652273 1.9888     2.35078788]",115
22,0,RandomForestRegressor,0.3363807392217948,0.7020642094824421,"[1.53195321 2.39135814 1.73746955 2.8150442  1.29699332 0.79211268
 1.08886361 0.53264747 2.85194409 3.22998488 0.81889389 2.46944398
 2.54919769 1.22103201 2.71288863 1.87373429 1.62539619 2.10111769
 2.23987745 2.21720402 1.17115305 3.03045517 0.85542191 2.27529595
 2.1344301  2.79585472 1.32698083 1.11194907 0.97836614 2.80421577
 1.81772835 1.37605066 3.11747377 1.96561364 2.0559673  1.65573764
 2.15684939 1.69121213 1.74879269 2.56197073 1.46958083 2.36535461
 1.11851339 1.50080533 1.20757645 0.94533278 2.5037759  1.60826801
 1.85505302 1.54674845 1.98766186 2.60555741 1.13924119]","[0.9065     4.00592857 3.08004167 3.87884211 0.7965     1.27092529
 1.63117714 1.70233333 4.03782609 2.3988     0.65769091 2.40819355
 4.08143333 1.49866667 3.0914026  2.52508824 1.99110142 1.75662673
 3.96813636 2.82557778 2.37477174 2.87004167 1.33932456 2.71267826
 0.75525    2.53744118 0.82415    1.76768468 0.81415385 3.1006413
 1.97736957 1.55395238 2.80168182 2.28764    0.53142105 3.9121
 2.22761111 1.564      0.56298333 2.3488     1.50235338 4.00592857
 0.79468421 1.96665806 1.67356    0.835375   1.83498284 2.53027273
 2.12998182 1.13705    0.8799     3.048      1.75882759]",115
23,0,RandomForestRegressor,0.0010691139972932584,0.1909384826034092,"[3.43971531 3.78300211 3.97027564 3.54701979 3.89740494 3.79473787
 3.97753937 4.11808081 3.73462837 3.74962367 4.11810126 3.89652268
 4.14549928 3.65721263 2.66886381 4.03232059 3.76908735 3.96131544
 3.48237484 3.65042079 3.84603717 4.03399943 3.70358962 3.93611418
 3.8850618  4.042413   4.04130835 3.95665104 3.80285525 3.68031679
 3.57221261 3.71642167 3.60090867 3.95321806 3.68489867 4.02478579
 3.91938395 3.91477309 4.25510106 4.13058453 3.71874566 3.92506087
 3.9066025  4.10082353 3.89344112 3.63032854 3.74291318 3.96346391
 3.6462537  3.14470074 4.22398412 4.02383778 3.82774417 4.14243596
 3.67127167 3.84589769 3.79108462 4.11601461 4.07218568 3.570325  ]","[3.44221212 3.90818919 3.72742105 4.036      3.93907692 3.85180952
 3.39166667 3.89577419 2.20022727 4.14503846 4.064875   4.14244828
 4.064875   2.80645455 3.524      3.89334483 4.10696552 4.212
 2.24414035 3.88989474 4.10577419 4.1160625  4.10572    3.85896154
 3.74009524 4.00934615 4.18842105 4.10488    3.893375   3.96016667
 4.16963636 4.01185    3.95323529 3.95786047 4.08675    2.43612281
 3.882      4.10090909 4.1774     4.11336842 3.7124     3.90618182
 4.21068182 4.05604167 3.47031667 3.98370968 3.6947517  4.11864706
 3.994      3.33701449 4.132      4.0348     4.02769565 4.12482353
 4.02274286 3.97977778 4.18909677 3.9415     3.961625   4.078     ]",115
25,0,RandomForestRegressor,0.2956858575643925,0.5156629508561797,"[1.41428842 1.81898016 2.49475568 2.0113685  1.45921654 2.0140002
 1.63583938 2.75173883 1.39793801 1.70805391 1.80089577 1.87890231
 0.97889948 2.12728975 1.13396217 1.39790442 1.51650003 1.32853501
 2.21683292 2.48824547 1.16633354 1.7109584  2.04469857 1.39203153
 1.10175845 2.36509233 2.01121938 1.03580106 1.90063695 2.20498931
 1.99051097 3.23842198 1.14844503 2.14870561 1.28100806 1.87455181
 1.95786026 2.70954947 3.44591071 2.13112774 1.6531168  1.72785268
 2.64667678 2.08604987 1.2801299  2.63466581 2.07123403 1.71528505
 2.18847112 2.07980533]","[1.09065385 2.9473     1.30261765 1.38725    0.93975    1.06785
 1.39919231 4.14594118 1.48273529 0.90188    1.60428947 1.41915789
 0.979125   1.99633333 0.5845     2.67615686 1.20293478 1.00478824
 1.53685    2.3952381  1.08133333 0.18835088 2.58397778 1.218
 0.83878261 1.85277273 1.30755882 0.91413636 3.13134848 2.608625
 2.15867949 3.9715     2.01885507 2.14907895 1.183      1.15710714
 2.29557333 1.91575    3.11884211 1.51625    2.3635119  2.829525
 1.2845     0.913      1.12639535 2.69691729 1.32972    1.49339024
 2.60835345 0.7014    ]",115
26,0,RandomForestRegressor,-0.4118705863743932,1.1653511737111963,"[2.53591124 2.81362866 1.46376474 2.18270869 2.84231217 2.72062107
 1.9865178  2.23914028 2.97269942 1.99435361 1.83432622 1.58605981
 2.18331561 3.10802774 2.24507595 2.16743902 1.5470807  1.82025969
 1.44914987 2.19160242 3.30608222 2.62096211 2.26291768 2.19281492
 2.67673151 2.4069097  1.51200952 2.11254778 1.89084705 1.70854656
 2.23501941 1.97167581 2.01566729 2.56293812 2.9595343  1.66575034
 1.77167241 2.93084726 1.69027418 1.90944828]","[2.31294958 2.94365217 0.64916667 2.35595833 2.12212308 1.58052632
 2.766125   4.2289375  1.934625   3.805      1.434125   4.19636364
 1.44705556 3.99480769 2.0223     2.80445    4.12273913 1.81468966
 2.44401515 1.94366667 2.30544444 1.92423913 2.35333333 2.92738462
 2.04517333 4.11475    2.55029167 1.05525    4.007      2.03865152
 3.13366667 3.13982    1.5365     2.21825    3.12616667 2.18183333
 3.04335897 1.56255556 1.65436842 2.38993333]",115
29,0,RandomForestRegressor,0.24780999995609432,0.11220306491390786,"[0.81838701 0.56380096 0.93310301 0.37268769 1.97282027 1.21550813
 0.40364464 1.09722095 0.38689652 1.219247   0.45269769 1.11053765
 0.56206486 1.24526892 1.16026012 0.7713407  0.76235961 1.05454821
 0.68593419 0.81116373 0.54565928 0.42292964 0.22014949 1.10389143
 1.19534999 0.9066235  1.37543354 0.56521639 1.91412157 0.51280849
 1.07564151 1.63910198 0.6784567  0.62061824 0.55442957 0.69687263
 0.53992686 1.04847231 0.69320427 0.69929261 1.30253307 0.90768589
 0.29636962 0.7258151  0.86434737 0.6633712  0.46868683 1.09046999
 0.81426225 0.86386032 0.78577184 0.56700033 0.50392417 0.65678811
 0.48795385 0.91712224]","[0.91102941 0.352      1.08340909 0.6083     2.29096296 0.75673913
 0.696      1.122      0.64842105 1.17154545 0.620625   0.749875
 0.7133     0.919      1.18704444 1.20896271 0.81518182 0.58425
 0.83604348 1.37783333 1.05457059 0.82890769 0.3297     0.6886
 1.17752174 1.36856522 1.06995    0.62328    1.322      0.7392
 0.75470769 2.02143333 1.23043421 1.03288889 0.69878261 0.8568
 0.60411207 0.47618333 0.50878947 0.693      1.82390152 0.92149167
 0.55882051 0.58864865 1.206      0.3110625  1.07431579 0.7955
 0.652      0.7096     0.71729412 0.57880952 1.11180682 0.53694118
 1.24180606 0.57361957]",115
30,0,RandomForestRegressor,0.2495683135658403,0.0770169957968499,"[1.08922576 1.51982194 1.11728199 1.00045639 0.89020423 1.12995978
 0.99567875 0.82034173 0.92915265 0.77619106 1.14156138 1.23156149
 1.24005607 1.26745799 0.90676399 1.05593742 1.07395033 1.00420825
 1.04180026 1.10379683 1.31670653 0.84132616 1.19319408 1.29990412
 1.03426663 1.03809157 1.24889277 1.00957336 1.30743109 1.34453013
 1.37448227 0.81993707 0.7635891  0.92232731 1.03168944 1.24304758
 1.03521655 1.35531785 1.32468253 1.14180997 1.59322544 1.07193794
 1.15655018 1.55373608 0.99496959 0.84718073 0.85801267 0.98791992
 1.14782941 1.01168433 1.33574255 1.22675623 1.28056382 0.95628606
 1.34860322 1.35939304 0.90839436 1.11320945 0.91711962 1.0731123 ]","[1.00663721 1.97064    1.00275    1.07194444 1.03464706 1.10968421
 0.937125   0.69405    1.003      0.4935     1.41556383 0.8715
 0.921      1.38310345 1.33172308 1.58095    1.37186538 0.41044828
 0.77492857 1.48368954 1.1732     1.14191538 1.59734194 1.22868421
 1.3769     0.87696    1.1308     1.34490476 1.52716667 1.337
 1.329      0.58527273 1.1571875  1.17166093 1.1911359  1.42
 0.9513     1.25244    1.2202931  0.98980952 2.0318     1.15966667
 0.85965517 0.87579167 1.28075    0.87259091 0.98254545 0.64830952
 1.08375    0.99952632 1.127      1.25872174 1.266      1.56261538
 1.66626667 1.40761765 1.2215     1.08232258 0.80676522 0.56159   ]",115
31,0,RandomForestRegressor,-0.20088904591602197,0.026386474729221725,"[ 0.08051463 -0.02252     0.04142859 -0.18889381  0.05866605  0.06448577
  0.02608705  0.10753478  0.02701439 -0.01840421  0.08003097  0.04642832
  0.12573963 -0.04881893 -0.03888854  0.05594596 -0.09652086  0.15881493
  0.13048736  0.00690188  0.05031495 -0.05247044  0.0585699  -0.38843294
  0.05974745  0.0422375   0.00253544  0.01067427  0.08071425  0.00482255
  0.1768848   0.03908214 -0.03312035  0.05257151  0.16017495 -0.02779632
 -0.08468118 -0.04567345  0.00162719  0.17756866 -0.02187704 -0.00171766
 -0.0082169   0.01717066  0.13235038  0.03249949 -0.37389301 -0.04542019
  0.02150046 -0.11533215  0.07170413  0.02938591 -0.01318601 -0.47794182
 -0.11023407 -0.1053005  -0.0056545  -0.01172562 -0.19084821 -0.37081606]","[-0.169      -0.10824265 -0.03519444 -0.04601471  0.144375    0.05896154
 -0.01241935  0.03394737  0.00731818 -0.02000431  0.012      -0.20268182
  0.15188108 -0.03226087 -0.00648529 -0.033      -0.05090909  0.0105
  0.02331    -0.14655     0.12845    -0.06523125  0.0784     -0.205
  0.19962069 -0.24964    -0.05985    -0.05323784  0.6195     -0.17051429
  0.28619231 -0.10786364  0.024       0.21077273  0.28102941 -0.09558621
 -0.16        0.04076471 -0.11676    -0.0435     -0.20645528 -0.09731875
 -0.08511364 -0.06623077  0.11326     0.105      -0.10668     0.128
  0.1946     -0.05345455 -0.03836538 -0.07161957 -0.06098077 -0.19227419
  0.083475   -0.21845588 -0.1148     -0.03616667  0.07090476  0.15      ]",115
35,0,RandomForestRegressor,-0.0034309235433984675,0.07093007865301464,"[ 0.01792534  0.07564909  0.13206449  0.02234902  0.02299553 -0.00131617
 -0.03866907 -0.1391937   0.24452863  0.23396435 -0.14917042 -0.01776719
  0.11530648 -0.01656928  0.11853594  0.15973164  0.05832394 -0.18529554
  0.08693392  0.1607794   0.14509282  0.1831624   0.25781842 -0.04426249
  0.19051043  0.16019337  0.11334957  0.05918111  0.18306722  0.11255539
  0.10099267  0.07548778  0.11789294  0.09241755  0.11453728 -0.10255016
  0.05572665  0.14596829  0.03090077  0.24930806]","[-0.08166667 -0.02290909 -0.10682609  0.286125   -0.0615      0.04473913
  0.18103448 -0.10534884  0.20625    -0.0207      0.00684783  0.00346154
 -0.09530612  0.00969231  0.892       0.251125   -0.04009091 -0.0676734
 -0.00679412 -0.05775     0.04940727 -0.10521053  0.23503846  0.25095
 -0.01538889  0.91184211 -0.02465217 -0.11185101 -0.1425      0.35816667
  0.44944565  0.06681818  0.82483333  0.04725     0.246       0.0301
 -0.056      -0.10686842 -0.22651316  0.168     ]",115
36,0,RandomForestRegressor,0.07154781544552347,0.44329441694402005,"[2.07671599 1.40281547 1.78356252 2.10693101 1.91701725 1.43800907
 2.0148004  2.0857105  1.78804009 1.65869287 1.42534899 1.66116412
 1.67093966 2.35676721 2.82150914 1.65589037 1.60642307 1.6757438
 1.09867132 0.84314095 0.63976127 1.63058456 1.33290486 2.33146727
 1.85830072 0.63976127 1.5116122  1.71099203 1.4519716  2.01273477
 1.4916338  2.25477494 1.4796155  1.86921485 1.14558493 2.12016011
 1.35059565 1.01891689 2.74899507 1.83826864 2.64540142 2.123561
 1.75105149 0.79953606 1.56762175 1.07295774 1.54621404 2.41197955
 2.00589031 1.10488141 1.55671439 1.89263129 1.30903602 1.45580342]","[2.84363158 1.41193478 1.10942222 0.72077778 1.52306667 2.358
 1.25631452 1.52782308 2.44798551 2.15350725 1.98692308 1.577275
 2.02783333 1.19618182 2.69061765 1.43535    1.74982143 0.68288889
 2.38136364 0.96035484 0.5662     1.89525    1.04511957 2.40723333
 1.40790476 0.5662     2.2447     1.80628    1.80266667 1.98404
 2.20073333 2.14489    2.17366667 1.33485714 1.23092308 2.83509091
 2.60663636 1.15797917 2.65363333 0.9219     4.00576    2.09698148
 2.98715    1.30651111 1.28247368 1.84012903 1.970625   2.18341667
 1.28625    2.38636    0.93177778 1.40652273 1.9888     2.35078788]",115
22,0,GradientBoostingRegressor,-0.012098949476044396,1.0707321063114712,"[1.45842238 1.86444036 1.61750172 1.70633283 1.4293436  1.33278647
 1.35501644 1.32128087 2.37558551 2.20480771 1.34023786 2.2377722
 1.73069306 1.63973169 1.65006038 1.93865704 1.65006038 1.69372083
 1.93511944 1.61750172 1.61149173 2.23097052 1.33278647 1.9217256
 1.86444036 1.88354108 1.84221039 1.40655542 1.34821475 1.91401286
 1.85092396 1.61835431 2.32829141 1.88354108 1.87718415 1.31569644
 1.85092396 1.63973169 1.87718415 1.90577105 1.6311034  1.90720222
 1.37602515 1.64235267 1.4151837  1.35501644 2.17990333 1.76704474
 1.73069306 1.63293    2.26213243 1.67336834 1.40655542]","[0.9065     4.00592857 3.08004167 3.87884211 0.7965     1.27092529
 1.63117714 1.70233333 4.03782609 2.3988     0.65769091 2.40819355
 4.08143333 1.49866667 3.0914026  2.52508824 1.99110142 1.75662673
 3.96813636 2.82557778 2.37477174 2.87004167 1.33932456 2.71267826
 0.75525    2.53744118 0.82415    1.76768468 0.81415385 3.1006413
 1.97736957 1.55395238 2.80168182 2.28764    0.53142105 3.9121
 2.22761111 1.564      0.56298333 2.3488     1.50235338 4.00592857
 0.79468421 1.96665806 1.67356    0.835375   1.83498284 2.53027273
 2.12998182 1.13705    0.8799     3.048      1.75882759]",115
23,0,GradientBoostingRegressor,0.012898737858699438,0.18867733474872184,"[3.87776327 3.89342672 3.87530141 3.82675306 3.84352199 3.90856015
 3.89056521 3.90856015 3.83726874 3.86154121 3.93861112 3.79352138
 3.93861112 3.67019811 3.60176652 3.88501689 3.86154121 3.86154121
 3.87696034 3.81797592 3.86154121 3.89056521 3.86154121 3.89342672
 3.95600133 3.82273259 3.95858503 3.93936294 3.86689158 3.93719676
 3.70698571 3.86154121 3.85859096 3.90856015 3.85793098 3.95858503
 3.81121665 3.88251666 3.96458767 3.97684975 3.84054032 3.89209377
 3.75944701 3.9457831  3.86154121 3.75116505 3.85793098 3.95858503
 3.81909238 3.89656784 3.94236386 3.82273259 3.86154121 3.95858503
 3.86154121 3.90173648 3.86154121 3.90856015 3.90015033 3.764532  ]","[3.44221212 3.90818919 3.72742105 4.036      3.93907692 3.85180952
 3.39166667 3.89577419 2.20022727 4.14503846 4.064875   4.14244828
 4.064875   2.80645455 3.524      3.89334483 4.10696552 4.212
 2.24414035 3.88989474 4.10577419 4.1160625  4.10572    3.85896154
 3.74009524 4.00934615 4.18842105 4.10488    3.893375   3.96016667
 4.16963636 4.01185    3.95323529 3.95786047 4.08675    2.43612281
 3.882      4.10090909 4.1774     4.11336842 3.7124     3.90618182
 4.21068182 4.05604167 3.47031667 3.98370968 3.6947517  4.11864706
 3.994      3.33701449 4.132      4.0348     4.02769565 4.12482353
 4.02274286 3.97977778 4.18909677 3.9415     3.961625   4.078     ]",115
25,0,GradientBoostingRegressor,0.12718678429957708,0.6390293921941231,"[1.89183798 2.06130199 2.06917963 1.8742094  1.83713128 1.91156304
 1.83198342 2.06302646 1.83551657 2.00988387 1.76000251 1.83355317
 1.73540021 2.23461179 1.7385968  1.7385374  1.93301265 1.7385968
 1.93693433 1.96319222 1.86423848 1.93301265 1.99843108 2.12093468
 1.81584359 2.00988387 2.06917963 1.83198342 2.04988317 2.06302646
 2.06479403 2.84446992 1.71198382 2.07720511 1.7552821  1.93301265
 1.89458024 2.21032661 2.66946547 1.86526673 1.93663864 2.13227022
 1.89779104 1.99539795 2.07694037 2.26650379 2.11915623 2.08437798
 1.91095404 1.9358102 ]","[1.09065385 2.9473     1.30261765 1.38725    0.93975    1.06785
 1.39919231 4.14594118 1.48273529 0.90188    1.60428947 1.41915789
 0.979125   1.99633333 0.5845     2.67615686 1.20293478 1.00478824
 1.53685    2.3952381  1.08133333 0.18835088 2.58397778 1.218
 0.83878261 1.85277273 1.30755882 0.91413636 3.13134848 2.608625
 2.15867949 3.9715     2.01885507 2.14907895 1.183      1.15710714
 2.29557333 1.91575    3.11884211 1.51625    2.3635119  2.829525
 1.2845     0.913      1.12639535 2.69691729 1.32972    1.49339024
 2.60835345 0.7014    ]",115
26,0,GradientBoostingRegressor,-0.19270595518137368,0.9844537439739358,"[2.22053457 2.35819201 2.18086528 2.29188898 2.28191552 2.58233784
 2.07762701 2.16867999 2.4506216  2.38650095 2.11850908 1.98159159
 1.95853192 2.22944986 2.19251296 1.85775349 1.86455517 2.10513585
 2.09049844 1.95466197 2.22053457 2.50887324 2.30334492 2.77380446
 2.18434599 2.08631218 2.13606762 2.03608776 2.16187831 2.0158315
 2.51088276 2.20072384 2.17689087 2.30565087 2.25239865 2.17689087
 2.16187831 2.6045678  2.18086528 2.22863835]","[2.31294958 2.94365217 0.64916667 2.35595833 2.12212308 1.58052632
 2.766125   4.2289375  1.934625   3.805      1.434125   4.19636364
 1.44705556 3.99480769 2.0223     2.80445    4.12273913 1.81468966
 2.44401515 1.94366667 2.30544444 1.92423913 2.35333333 2.92738462
 2.04517333 4.11475    2.55029167 1.05525    4.007      2.03865152
 3.13366667 3.13982    1.5365     2.21825    3.12616667 2.18183333
 3.04335897 1.56255556 1.65436842 2.38993333]",115
29,0,GradientBoostingRegressor,0.22652440693268705,0.1153782052050537,"[0.8836902  0.76593077 0.9029123  0.76723206 0.99724632 0.92448783
 0.76428181 0.82887472 0.76723206 0.98137482 0.76723206 0.93333638
 0.74643668 0.92439479 0.9081837  0.98596077 0.76350958 0.93855981
 0.80586847 0.83430245 0.61024037 0.76428181 0.67424584 0.94781294
 0.9710445  0.86776246 0.99861237 0.82845744 1.19785682 0.67424584
 0.94542194 1.5022441  0.98596077 0.7507991  0.76350958 0.82845744
 0.76213229 0.90328999 0.88049725 0.8017131  0.98978464 0.77145694
 0.65908583 0.80586847 0.97723953 0.90931977 0.67129559 0.89562006
 0.80052747 0.8860097  0.87535025 0.90586064 0.66331071 0.88049725
 0.72473398 0.88179308]","[0.91102941 0.352      1.08340909 0.6083     2.29096296 0.75673913
 0.696      1.122      0.64842105 1.17154545 0.620625   0.749875
 0.7133     0.919      1.18704444 1.20896271 0.81518182 0.58425
 0.83604348 1.37783333 1.05457059 0.82890769 0.3297     0.6886
 1.17752174 1.36856522 1.06995    0.62328    1.322      0.7392
 0.75470769 2.02143333 1.23043421 1.03288889 0.69878261 0.8568
 0.60411207 0.47618333 0.50878947 0.693      1.82390152 0.92149167
 0.55882051 0.58864865 1.206      0.3110625  1.07431579 0.7955
 0.652      0.7096     0.71729412 0.57880952 1.11180682 0.53694118
 1.24180606 0.57361957]",115
30,0,GradientBoostingRegressor,0.04544905184915571,0.09796580780183083,"[1.15881503 1.15833325 1.14304109 1.13659508 1.10483283 1.1230131
 1.14036678 1.14755684 1.14304109 1.13306283 1.18755332 1.2056157
 1.12262516 1.24394437 1.24394437 1.13656773 1.12194788 1.15817452
 1.16093222 1.17539954 1.23320245 1.16239543 1.18434444 1.21123685
 1.08814658 1.21283469 1.1558839  1.30260709 1.25870522 1.2335989
 1.2335989  1.16594775 1.08885873 1.19859217 1.17921381 1.15586325
 1.14301363 1.43188547 1.3594994  1.12127557 1.27268267 1.09068043
 1.20332509 1.18434444 1.11704704 1.18416776 1.13463126 1.15817452
 1.18372611 1.10431331 1.15180204 1.20009424 1.18434444 1.10746207
 1.19034707 1.20260915 1.15994512 1.15048102 1.20332509 1.14304109]","[1.00663721 1.97064    1.00275    1.07194444 1.03464706 1.10968421
 0.937125   0.69405    1.003      0.4935     1.41556383 0.8715
 0.921      1.38310345 1.33172308 1.58095    1.37186538 0.41044828
 0.77492857 1.48368954 1.1732     1.14191538 1.59734194 1.22868421
 1.3769     0.87696    1.1308     1.34490476 1.52716667 1.337
 1.329      0.58527273 1.1571875  1.17166093 1.1911359  1.42
 0.9513     1.25244    1.2202931  0.98980952 2.0318     1.15966667
 0.85965517 0.87579167 1.28075    0.87259091 0.98254545 0.64830952
 1.08375    0.99952632 1.127      1.25872174 1.266      1.56261538
 1.66626667 1.40761765 1.2215     1.08232258 0.80676522 0.56159   ]",115
31,0,GradientBoostingRegressor,0.1804580898128274,0.01800734378936466,"[-0.05214368 -0.05024581 -0.0146478  -0.0351891   0.03054928 -0.02588558
 -0.0351891   0.01205432 -0.02588558 -0.02655852  0.03054928 -0.03999734
  0.03054928 -0.0248328  -0.0351891  -0.01920528 -0.05345605  0.00817674
 -0.01184396 -0.01184396  0.02073168 -0.03878856  0.02966362 -0.0961865
  0.01354003 -0.0351891  -0.02655852 -0.0351891  -0.01920528 -0.02588558
  0.01330387 -0.02588558 -0.0125169   0.03054928  0.0012809  -0.06485276
 -0.07510845 -0.00998381 -0.07180015  0.02966362 -0.0564656  -0.04914798
 -0.03210538 -0.02588558  0.02966362 -0.02588558 -0.0822561  -0.04200011
 -0.00727864 -0.00119554 -0.02558174  0.03054928 -0.0351891  -0.07141422
 -0.04200011 -0.08392903 -0.07180015 -0.0351891   0.00011753 -0.04200011]","[-0.169      -0.10824265 -0.03519444 -0.04601471  0.144375    0.05896154
 -0.01241935  0.03394737  0.00731818 -0.02000431  0.012      -0.20268182
  0.15188108 -0.03226087 -0.00648529 -0.033      -0.05090909  0.0105
  0.02331    -0.14655     0.12845    -0.06523125  0.0784     -0.205
  0.19962069 -0.24964    -0.05985    -0.05323784  0.6195     -0.17051429
  0.28619231 -0.10786364  0.024       0.21077273  0.28102941 -0.09558621
 -0.16        0.04076471 -0.11676    -0.0435     -0.20645528 -0.09731875
 -0.08511364 -0.06623077  0.11326     0.105      -0.10668     0.128
  0.1946     -0.05345455 -0.03836538 -0.07161957 -0.06098077 -0.19227419
  0.083475   -0.21845588 -0.1148     -0.03616667  0.07090476  0.15      ]",115
35,0,GradientBoostingRegressor,0.07343223226320084,0.06549681009514643,"[ 0.08434141  0.03684419  0.08075507  0.08161761  0.02443394  0.02443394
  0.02620309  0.06647464  0.20198325  0.16992641  0.02345406  0.08075507
  0.07705573  0.07512246  0.11138249  0.09682441  0.04364588  0.02952399
  0.08759442  0.12995508  0.11290984  0.10415236  0.1609062   0.09883877
  0.09017347  0.12430017  0.10511529  0.06522513  0.10401603  0.1070454
  0.12995508  0.08434141  0.1070454   0.13585811  0.09883877 -0.18636945
  0.02443394  0.05437715  0.04364588  0.14053172]","[-0.08166667 -0.02290909 -0.10682609  0.286125   -0.0615      0.04473913
  0.18103448 -0.10534884  0.20625    -0.0207      0.00684783  0.00346154
 -0.09530612  0.00969231  0.892       0.251125   -0.04009091 -0.0676734
 -0.00679412 -0.05775     0.04940727 -0.10521053  0.23503846  0.25095
 -0.01538889  0.91184211 -0.02465217 -0.11185101 -0.1425      0.35816667
  0.44944565  0.06681818  0.82483333  0.04725     0.246       0.0301
 -0.056      -0.10686842 -0.22651316  0.168     ]",115
36,0,GradientBoostingRegressor,0.03617900355968395,0.4601814436576892,"[2.14097259 1.85816618 1.90802589 1.89222582 1.87733612 1.62793857
 1.91046511 1.61506441 1.96400198 1.85816618 1.83894408 1.91902582
 1.81702182 1.91046511 1.90110479 1.7603205  1.93843098 1.8713774
 1.62050816 1.52498522 1.46962839 1.83894408 1.66851102 1.80814129
 1.77809299 1.46962839 1.77504654 1.85816618 1.67212125 1.87279176
 1.62793857 1.6254727  1.62050816 1.80863232 1.5476564  1.90110479
 1.6507462  1.52793547 1.9168997  1.85558248 1.72491129 1.80248827
 1.85816618 1.52479558 1.82442724 1.62050816 1.77760196 1.85816618
 1.93843098 1.62793857 1.85816618 1.85816618 1.6507462  1.7581721 ]","[2.84363158 1.41193478 1.10942222 0.72077778 1.52306667 2.358
 1.25631452 1.52782308 2.44798551 2.15350725 1.98692308 1.577275
 2.02783333 1.19618182 2.69061765 1.43535    1.74982143 0.68288889
 2.38136364 0.96035484 0.5662     1.89525    1.04511957 2.40723333
 1.40790476 0.5662     2.2447     1.80628    1.80266667 1.98404
 2.20073333 2.14489    2.17366667 1.33485714 1.23092308 2.83509091
 2.60663636 1.15797917 2.65363333 0.9219     4.00576    2.09698148
 2.98715    1.30651111 1.28247368 1.84012903 1.970625   2.18341667
 1.28625    2.38636    0.93177778 1.40652273 1.9888     2.35078788]",115
22,0,DecisionTreeRegressor,-0.8991915604057983,2.009215977168053,"[1.044      3.62714391 2.61802727 3.02366667 2.83241667 0.72865227
 1.01543557 0.742875   3.92575    4.337      0.29458333 4.124
 2.25994694 0.78811057 1.09825    0.85972727 1.67575    1.98714391
 0.273      2.61802727 0.50925    4.03752727 0.034125   3.35073333
 0.302      0.831      2.75797368 0.98775    0.80423437 3.8627619
 0.6531     1.69469565 2.90666667 0.539      0.86769565 0.608
 0.105      0.91131057 0.86769565 1.856875   1.75975    0.69533333
 1.34897368 0.7224     0.93668557 0.75731057 4.11269565 4.03752727
 2.25994694 1.09066667 4.15631057 3.01414035 0.98775   ]","[0.9065     4.00592857 3.08004167 3.87884211 0.7965     1.27092529
 1.63117714 1.70233333 4.03782609 2.3988     0.65769091 2.40819355
 4.08143333 1.49866667 3.0914026  2.52508824 1.99110142 1.75662673
 3.96813636 2.82557778 2.37477174 2.87004167 1.33932456 2.71267826
 0.75525    2.53744118 0.82415    1.76768468 0.81415385 3.1006413
 1.97736957 1.55395238 2.80168182 2.28764    0.53142105 3.9121
 2.22761111 1.564      0.56298333 2.3488     1.50235338 4.00592857
 0.79468421 1.96665806 1.67356    0.835375   1.83498284 2.53027273
 2.12998182 1.13705    0.8799     3.048      1.75882759]",115
23,0,DecisionTreeRegressor,-0.38322372610168154,0.26439330594706745,"[3.15583333 3.616      3.62125    3.961      3.961      4.127
 4.2432766  4.127      3.86386538 3.98933333 4.204      3.707875
 4.204      3.31       3.498      4.16935    3.707875   3.98933333
 3.994      3.679      3.98933333 4.059625   3.931      4.148
 3.7588     4.33       3.8518766  4.2432766  3.77795    4.309
 3.46461538 3.98933333 3.679      3.64226667 3.707875   4.2097013
 3.3465     3.6685     4.2097013  4.2097013  4.14625    4.127
 3.66858333 3.8183013  3.707875   3.287      3.707875   3.0365
 3.7805     3.33783333 4.2097013  4.14625    3.707875   4.015
 3.98933333 3.355      3.931      4.2005     4.183      3.679     ]","[3.44221212 3.90818919 3.72742105 4.036      3.93907692 3.85180952
 3.39166667 3.89577419 2.20022727 4.14503846 4.064875   4.14244828
 4.064875   2.80645455 3.524      3.89334483 4.10696552 4.212
 2.24414035 3.88989474 4.10577419 4.1160625  4.10572    3.85896154
 3.74009524 4.00934615 4.18842105 4.10488    3.893375   3.96016667
 4.16963636 4.01185    3.95323529 3.95786047 4.08675    2.43612281
 3.882      4.10090909 4.1774     4.11336842 3.7124     3.90618182
 4.21068182 4.05604167 3.47031667 3.98370968 3.6947517  4.11864706
 3.994      3.33701449 4.132      4.0348     4.02769565 4.12482353
 4.02274286 3.97977778 4.18909677 3.9415     3.961625   4.078     ]",115
25,0,DecisionTreeRegressor,-0.8698071782266612,1.3689776038319132,"[3.17825    0.99644271 2.40647727 1.575      1.05131057 2.99406057
 1.23068557 2.16275    1.03964391 1.03964391 0.45631057 0.88877727
 0.82031057 1.25452727 0.903175   2.99406057 0.88877727 0.82031057
 3.239675   0.77766667 0.20242857 2.67260937 1.15166667 0.82031057
 1.23068557 0.77766667 2.40647727 1.23068557 0.674625   2.2275
 1.38665625 3.94675    2.166675   2.37971429 1.13352273 2.67260937
 1.5286     4.15631057 4.044      3.45497724 1.03964391 3.18547724
 1.82197724 3.18547724 1.1358     1.07852727 1.19731057 1.70625
 1.82197724 1.85344643]","[1.09065385 2.9473     1.30261765 1.38725    0.93975    1.06785
 1.39919231 4.14594118 1.48273529 0.90188    1.60428947 1.41915789
 0.979125   1.99633333 0.5845     2.67615686 1.20293478 1.00478824
 1.53685    2.3952381  1.08133333 0.18835088 2.58397778 1.218
 0.83878261 1.85277273 1.30755882 0.91413636 3.13134848 2.608625
 2.15867949 3.9715     2.01885507 2.14907895 1.183      1.15710714
 2.29557333 1.91575    3.11884211 1.51625    2.3635119  2.829525
 1.2845     0.913      1.12639535 2.69691729 1.32972    1.49339024
 2.60835345 0.7014    ]",115
26,0,DecisionTreeRegressor,-1.3743311132865283,1.9597614514746653,"[1.91830323 1.96788889 3.00488715 3.53717778 1.74256057 2.18641616
 1.72418557 1.64925192 3.51033333 1.70188889 1.483      1.18431057
 1.10075    3.48467778 2.92930505 1.35285938 1.39606057 1.11802727
 1.34947692 1.01325    3.08957065 3.61708333 3.53087778 3.378
 3.05254514 1.48808333 0.91712727 1.18431057 1.49647692 1.1856
 2.40845833 2.92930505 2.48512307 3.15388889 4.15631057 1.03381057
 1.39357692 2.30519946 3.00488715 2.92953125]","[2.31294958 2.94365217 0.64916667 2.35595833 2.12212308 1.58052632
 2.766125   4.2289375  1.934625   3.805      1.434125   4.19636364
 1.44705556 3.99480769 2.0223     2.80445    4.12273913 1.81468966
 2.44401515 1.94366667 2.30544444 1.92423913 2.35333333 2.92738462
 2.04517333 4.11475    2.55029167 1.05525    4.007      2.03865152
 3.13366667 3.13982    1.5365     2.21825    3.12616667 2.18183333
 3.04335897 1.56255556 1.65436842 2.38993333]",115
29,0,DecisionTreeRegressor,-0.6751080814651793,0.2498733841070452,"[ 0.8722766   0.59054545  0.8722766   0.47833333  1.302       0.385875
  0.441       1.19933333  0.5355      1.26        0.5355      1.16186538
  0.310625    1.26735     1.1676      1.593       1.11825     0.79829167
  0.6755      1.21125     0.39316667  0.441       0.75133333  1.60416667
  0.882       1.32825     1.3678      0.97620833  2.46813333  0.235375
  0.84385     0.2835      1.29666667  0.57225     0.5005      0.97620833
  0.4414513   1.094625    0.93161538  0.0588      1.302       1.11253333
 -0.060375    0.754875    1.40925     0.0424      0.427       1.57733333
  0.9107766   0.9717013   0.6987013   0.0585      0.22108333  0.93161538
  0.33366667  0.8185    ]","[0.91102941 0.352      1.08340909 0.6083     2.29096296 0.75673913
 0.696      1.122      0.64842105 1.17154545 0.620625   0.749875
 0.7133     0.919      1.18704444 1.20896271 0.81518182 0.58425
 0.83604348 1.37783333 1.05457059 0.82890769 0.3297     0.6886
 1.17752174 1.36856522 1.06995    0.62328    1.322      0.7392
 0.75470769 2.02143333 1.23043421 1.03288889 0.69878261 0.8568
 0.60411207 0.47618333 0.50878947 0.693      1.82390152 0.92149167
 0.55882051 0.58864865 1.206      0.3110625  1.07431579 0.7955
 0.652      0.7096     0.71729412 0.57880952 1.11180682 0.53694118
 1.24180606 0.57361957]",115
30,0,DecisionTreeRegressor,-1.7680852044870425,0.2840892920877555,"[0.515375   1.703      0.6265     0.87675    0.617      0.87675
 1.06796667 0.35805    1.0045     0.78161538 0.528      0.83461538
 1.548925   1.851125   1.79395833 1.14825    0.8805     1.04416667
 0.57225    1.13720833 1.54983088 1.0808     1.0437013  0.991375
 0.3493     0.62320588 1.48079167 0.87966667 1.80061538 1.6415
 1.6415     0.3255     0.617      1.13720833 2.214875   0.99211538
 1.1165     3.0155     1.80061538 0.69755    1.5125     0.617
 0.714875   1.1382     0.47425    1.228675   0.392      1.04416667
 1.5225     0.515375   1.574125   1.316      1.2979013  0.87675
 1.89986797 1.2979013  0.993375   2.711      0.714875   1.1123    ]","[1.00663721 1.97064    1.00275    1.07194444 1.03464706 1.10968421
 0.937125   0.69405    1.003      0.4935     1.41556383 0.8715
 0.921      1.38310345 1.33172308 1.58095    1.37186538 0.41044828
 0.77492857 1.48368954 1.1732     1.14191538 1.59734194 1.22868421
 1.3769     0.87696    1.1308     1.34490476 1.52716667 1.337
 1.329      0.58527273 1.1571875  1.17166093 1.1911359  1.42
 0.9513     1.25244    1.2202931  0.98980952 2.0318     1.15966667
 0.85965517 0.87579167 1.28075    0.87259091 0.98254545 0.64830952
 1.08375    0.99952632 1.127      1.25872174 1.266      1.56261538
 1.66626667 1.40761765 1.2215     1.08232258 0.80676522 0.56159   ]",115
31,0,DecisionTreeRegressor,-2.6509567567962375,0.08022046543625645,"[-5.52631579e-03  1.97250000e-01  7.71272727e-02 -6.80000000e-01
  1.80000000e-01  2.35605727e-02 -4.76894273e-02  2.71939394e-02
  2.35605727e-02  2.35605727e-02 -4.34000000e-01  1.14000000e-01
  2.97609375e-01 -1.39125000e-01 -4.76894273e-02 -3.81500000e-01
 -2.66000000e-02 -1.23666667e-01  2.35810573e-01 -2.66894273e-02
  2.22027273e-01  3.55500000e-01 -1.03472727e-01 -1.17450000e+00
  6.66093750e-02  2.35605727e-02  2.35605727e-02 -3.83250000e-02
  3.15000000e-01  2.35605727e-02  1.90473684e-01  2.35605727e-02
 -2.66894273e-02  1.46109375e-01  1.30973684e-01 -1.02666667e-01
 -8.72666667e-02  7.71272727e-02 -7.87500000e-02  9.94000000e-02
  1.97250000e-01  2.40833333e-01 -1.21189427e-01  2.35605727e-02
  5.05272727e-02  2.35605727e-02  9.18750000e-02  9.03225806e-04
  1.45833333e-02 -3.00416667e-02  4.83000000e-02 -4.77000000e-01
  8.18416667e-02  1.83750000e-01  9.03225806e-04 -1.80093750e-01
 -1.80093750e-01  8.18416667e-02  1.83750000e-01 -1.07800000e+00]","[-0.169      -0.10824265 -0.03519444 -0.04601471  0.144375    0.05896154
 -0.01241935  0.03394737  0.00731818 -0.02000431  0.012      -0.20268182
  0.15188108 -0.03226087 -0.00648529 -0.033      -0.05090909  0.0105
  0.02331    -0.14655     0.12845    -0.06523125  0.0784     -0.205
  0.19962069 -0.24964    -0.05985    -0.05323784  0.6195     -0.17051429
  0.28619231 -0.10786364  0.024       0.21077273  0.28102941 -0.09558621
 -0.16        0.04076471 -0.11676    -0.0435     -0.20645528 -0.09731875
 -0.08511364 -0.06623077  0.11326     0.105      -0.10668     0.128
  0.1946     -0.05345455 -0.03836538 -0.07161957 -0.06098077 -0.19227419
  0.083475   -0.21845588 -0.1148     -0.03616667  0.07090476  0.15      ]",115
35,0,DecisionTreeRegressor,-0.9192027318620068,0.13566374877240378,"[-1.87333333e-01  1.72810573e-01  3.12000000e-01  3.06541667e-01
 -3.13250000e-02 -2.18750000e-01 -6.02894273e-02  3.79750000e-01
  3.01435573e-01  3.01435573e-01 -1.16900000e+00  1.46333333e-01
  4.97875000e-01  1.60650000e-01 -4.45000000e-02  9.30000000e-02
  3.10572687e-04 -2.48850000e-01  2.94903226e-01  1.09527273e-01
  2.14000000e-01  1.42600000e-01  1.82652273e-01  1.11777273e-01
  1.84695652e-01 -3.58750000e-02  1.78643906e-01  2.88750000e-02
  1.59310573e-01  1.99393939e-01  2.91327273e-01 -5.68942731e-03
  1.99393939e-01  2.80656250e-01  9.81093750e-02  2.46310573e-01
 -3.13250000e-02  2.10000000e-02  3.10572687e-04 -6.03750000e-02]","[-0.08166667 -0.02290909 -0.10682609  0.286125   -0.0615      0.04473913
  0.18103448 -0.10534884  0.20625    -0.0207      0.00684783  0.00346154
 -0.09530612  0.00969231  0.892       0.251125   -0.04009091 -0.0676734
 -0.00679412 -0.05775     0.04940727 -0.10521053  0.23503846  0.25095
 -0.01538889  0.91184211 -0.02465217 -0.11185101 -0.1425      0.35816667
  0.44944565  0.06681818  0.82483333  0.04725     0.246       0.0301
 -0.056      -0.10686842 -0.22651316  0.168     ]",115
36,0,DecisionTreeRegressor,-1.5884532378516432,1.235870718976136,"[1.18334266 0.4821     1.2066     2.87003463 0.31372727 1.05793333
 1.4368314  0.3675     2.960875   1.329975   1.2192     2.62225
 2.0825814  1.4368314  1.3129513  0.99272727 2.845375   1.297625
 1.05793333 0.5985     0.6645     1.81970833 0.850875   1.80724806
 1.62461111 0.6645     0.878475   2.72899088 0.63525    3.49937255
 1.6575     0.905      2.47533333 1.96357143 0.42583333 1.6677013
 1.0605814  0.850875   1.6940814  3.11161538 0.959      1.03239394
 1.81970833 0.9654     0.99272727 2.47533333 1.45133333 1.2402
 2.90370833 1.6575     3.17956231 1.3803013  0.4576     0.8496    ]","[2.84363158 1.41193478 1.10942222 0.72077778 1.52306667 2.358
 1.25631452 1.52782308 2.44798551 2.15350725 1.98692308 1.577275
 2.02783333 1.19618182 2.69061765 1.43535    1.74982143 0.68288889
 2.38136364 0.96035484 0.5662     1.89525    1.04511957 2.40723333
 1.40790476 0.5662     2.2447     1.80628    1.80266667 1.98404
 2.20073333 2.14489    2.17366667 1.33485714 1.23092308 2.83509091
 2.60663636 1.15797917 2.65363333 0.9219     4.00576    2.09698148
 2.98715    1.30651111 1.28247368 1.84012903 1.970625   2.18341667
 1.28625    2.38636    0.93177778 1.40652273 1.9888     2.35078788]",115
22,0,SVR,-1.2231225167848039,2.351912978684298,"[0.96594229 0.96619909 0.96563442 0.96600407 0.96531847 0.96577494
 0.96578748 0.96570343 0.96541447 0.96606084 0.96611314 0.96552392
 0.96595811 0.96580857 0.96607223 0.96549885 0.96581169 0.96605369
 0.96575727 0.96553311 0.96564308 0.96547205 0.96577843 0.96531802
 0.96604076 0.96542878 0.96550067 0.96573608 0.96578049 0.96569759
 0.96566042 0.96581462 0.96561189 0.96543351 0.96578652 0.96566733
 0.96555686 0.96640114 0.96567244 0.96625188 0.96568642 0.96567496
 0.96567993 0.9653188  0.96616803 0.96607874 0.9655702  0.96584667
 0.96605853 0.96585747 0.96581289 0.96594495 0.96593643]","[0.9065     4.00592857 3.08004167 3.87884211 0.7965     1.27092529
 1.63117714 1.70233333 4.03782609 2.3988     0.65769091 2.40819355
 4.08143333 1.49866667 3.0914026  2.52508824 1.99110142 1.75662673
 3.96813636 2.82557778 2.37477174 2.87004167 1.33932456 2.71267826
 0.75525    2.53744118 0.82415    1.76768468 0.81415385 3.1006413
 1.97736957 1.55395238 2.80168182 2.28764    0.53142105 3.9121
 2.22761111 1.564      0.56298333 2.3488     1.50235338 4.00592857
 0.79468421 1.96665806 1.67356    0.835375   1.83498284 2.53027273
 2.12998182 1.13705    0.8799     3.048      1.75882759]",115
23,0,SVR,-0.14729302126798305,0.2192968419056331,"[4.02534483 4.0248021  4.02483788 4.02468362 4.02510724 4.02480147
 4.02517975 4.02488294 4.02510043 4.02469728 4.02531383 4.02500551
 4.02531666 4.02492207 4.02494573 4.02507482 4.0247039  4.02475693
 4.02474714 4.02501641 4.02473244 4.02493808 4.02502226 4.02475828
 4.02514509 4.02505085 4.02514792 4.02504916 4.02512711 4.02518493
 4.02519109 4.0246823  4.02466928 4.02516421 4.02471494 4.02524674
 4.02484886 4.02506475 4.02496012 4.02491682 4.02515913 4.02489358
 4.02477388 4.02528461 4.02506647 4.02475142 4.02471302 4.02513602
 4.02471644 4.02498528 4.02504116 4.02510903 4.0246901  4.02486036
 4.02468284 4.0249312  4.02504732 4.02523267 4.02490644 4.02492679]","[3.44221212 3.90818919 3.72742105 4.036      3.93907692 3.85180952
 3.39166667 3.89577419 2.20022727 4.14503846 4.064875   4.14244828
 4.064875   2.80645455 3.524      3.89334483 4.10696552 4.212
 2.24414035 3.88989474 4.10577419 4.1160625  4.10572    3.85896154
 3.74009524 4.00934615 4.18842105 4.10488    3.893375   3.96016667
 4.16963636 4.01185    3.95323529 3.95786047 4.08675    2.43612281
 3.882      4.10090909 4.1774     4.11336842 3.7124     3.90618182
 4.21068182 4.05604167 3.47031667 3.98370968 3.6947517  4.11864706
 3.994      3.33701449 4.132      4.0348     4.02769565 4.12482353
 4.02274286 3.97977778 4.18909677 3.9415     3.961625   4.078     ]",115
25,0,SVR,-0.04864896707596622,0.7677673756552689,"[1.54398576 1.54345485 1.5437226  1.54374505 1.544034   1.54396116
 1.54373094 1.54360525 1.544051   1.54430128 1.54425914 1.54356046
 1.5441753  1.54376868 1.5442059  1.54402454 1.54352056 1.54428567
 1.54382794 1.54428747 1.54396908 1.54357392 1.5440761  1.5440255
 1.54394499 1.54431502 1.54369752 1.54365893 1.54378816 1.54354023
 1.54371827 1.54384151 1.54377103 1.54409548 1.54386844 1.54382096
 1.54374082 1.54423017 1.54367821 1.54440198 1.54404156 1.54425647
 1.54412662 1.54428906 1.5440787  1.54379416 1.54370071 1.54372025
 1.54411432 1.54432923]","[1.09065385 2.9473     1.30261765 1.38725    0.93975    1.06785
 1.39919231 4.14594118 1.48273529 0.90188    1.60428947 1.41915789
 0.979125   1.99633333 0.5845     2.67615686 1.20293478 1.00478824
 1.53685    2.3952381  1.08133333 0.18835088 2.58397778 1.218
 0.83878261 1.85277273 1.30755882 0.91413636 3.13134848 2.608625
 2.15867949 3.9715     2.01885507 2.14907895 1.183      1.15710714
 2.29557333 1.91575    3.11884211 1.51625    2.3635119  2.829525
 1.2845     0.913      1.12639535 2.69691729 1.32972    1.49339024
 2.60835345 0.7014    ]",115
26,0,SVR,-0.4060929422949908,1.1605823341488488,"[1.92658716 1.92744315 1.9264597  1.9262092  1.92675478 1.92622206
 1.92694256 1.9266628  1.92678267 1.92685249 1.92691361 1.9268626
 1.92684368 1.9267156  1.92642492 1.92663286 1.92688162 1.92643541
 1.92634016 1.92683921 1.92704246 1.92606888 1.92689176 1.92691956
 1.92678487 1.92737026 1.92703364 1.92715139 1.92642789 1.92635355
 1.92629284 1.92673927 1.92693106 1.92719659 1.9276517  1.92705789
 1.92638661 1.92742474 1.92708171 1.92656704]","[2.31294958 2.94365217 0.64916667 2.35595833 2.12212308 1.58052632
 2.766125   4.2289375  1.934625   3.805      1.434125   4.19636364
 1.44705556 3.99480769 2.0223     2.80445    4.12273913 1.81468966
 2.44401515 1.94366667 2.30544444 1.92423913 2.35333333 2.92738462
 2.04517333 4.11475    2.55029167 1.05525    4.007      2.03865152
 3.13366667 3.13982    1.5365     2.21825    3.12616667 2.18183333
 3.04335897 1.56255556 1.65436842 2.38993333]",115
29,0,SVR,-0.0012516715323496186,0.14935522446395916,"[0.88188423 0.88215755 0.88213495 0.8817458  0.88182321 0.88194169
 0.88194341 0.88197812 0.88194552 0.88185948 0.88174222 0.88199991
 0.88188373 0.88210441 0.88204989 0.88199959 0.88151785 0.88192733
 0.88183523 0.88174237 0.88200781 0.88193753 0.88182087 0.88213577
 0.88152299 0.88202705 0.88206472 0.88177802 0.88186441 0.88176675
 0.88146528 0.88181597 0.88179577 0.88143544 0.88161699 0.88177051
 0.88164186 0.88206091 0.88184426 0.88155595 0.88189125 0.88173764
 0.88142575 0.88182568 0.88144859 0.88182956 0.88182313 0.88195577
 0.88153658 0.88166615 0.88223637 0.88220591 0.88141024 0.88182833
 0.88185635 0.88211603]","[0.91102941 0.352      1.08340909 0.6083     2.29096296 0.75673913
 0.696      1.122      0.64842105 1.17154545 0.620625   0.749875
 0.7133     0.919      1.18704444 1.20896271 0.81518182 0.58425
 0.83604348 1.37783333 1.05457059 0.82890769 0.3297     0.6886
 1.17752174 1.36856522 1.06995    0.62328    1.322      0.7392
 0.75470769 2.02143333 1.23043421 1.03288889 0.69878261 0.8568
 0.60411207 0.47618333 0.50878947 0.693      1.82390152 0.92149167
 0.55882051 0.58864865 1.206      0.3110625  1.07431579 0.7955
 0.652      0.7096     0.71729412 0.57880952 1.11180682 0.53694118
 1.24180606 0.57361957]",115
30,0,SVR,-0.022035417029753868,0.10489175609260257,"[1.19125789 1.19158131 1.19126087 1.19126486 1.19138625 1.1912558
 1.19123851 1.19171426 1.19130172 1.19156061 1.19126048 1.1915528
 1.19136368 1.1912579  1.19124562 1.19120374 1.19127686 1.19128717
 1.19157098 1.19147973 1.19172848 1.19119661 1.19169962 1.19142736
 1.19150979 1.19131968 1.19136308 1.19154002 1.19166523 1.19136705
 1.19164866 1.191649   1.19133008 1.19124484 1.19152885 1.19167233
 1.19156249 1.19122867 1.1913952  1.19148264 1.19147221 1.19156233
 1.19133    1.19144862 1.19120563 1.19122515 1.19125843 1.19133411
 1.19158059 1.19156365 1.19164337 1.1914628  1.19144459 1.19126607
 1.1914384  1.19151978 1.191413   1.19153907 1.1913236  1.19127301]","[1.00663721 1.97064    1.00275    1.07194444 1.03464706 1.10968421
 0.937125   0.69405    1.003      0.4935     1.41556383 0.8715
 0.921      1.38310345 1.33172308 1.58095    1.37186538 0.41044828
 0.77492857 1.48368954 1.1732     1.14191538 1.59734194 1.22868421
 1.3769     0.87696    1.1308     1.34490476 1.52716667 1.337
 1.329      0.58527273 1.1571875  1.17166093 1.1911359  1.42
 0.9513     1.25244    1.2202931  0.98980952 2.0318     1.15966667
 0.85965517 0.87579167 1.28075    0.87259091 0.98254545 0.64830952
 1.08375    0.99952632 1.127      1.25872174 1.266      1.56261538
 1.66626667 1.40761765 1.2215     1.08232258 0.80676522 0.56159   ]",115
31,0,SVR,-0.2166480400687285,0.02673273844307812,"[0.06270478 0.0624706  0.06215725 0.0626577  0.06214141 0.06263234
 0.06302379 0.06255256 0.06254848 0.06235667 0.0621993  0.0628275
 0.06218385 0.0627462  0.06256129 0.06295413 0.06204746 0.06246317
 0.06289925 0.06249152 0.06201298 0.06275551 0.0620102  0.06215954
 0.06223879 0.06285628 0.06247521 0.06264133 0.06236172 0.06291363
 0.06229224 0.06293446 0.06243568 0.06217905 0.06260905 0.06252285
 0.06201588 0.0622792  0.0627469  0.06252884 0.06245544 0.06262614
 0.06288082 0.06261836 0.06251864 0.06242999 0.06205396 0.06217629
 0.06260399 0.06208056 0.06229287 0.06244091 0.06251189 0.06260329
 0.06247404 0.06229815 0.0627014  0.06248391 0.06259135 0.0624978 ]","[-0.169      -0.10824265 -0.03519444 -0.04601471  0.144375    0.05896154
 -0.01241935  0.03394737  0.00731818 -0.02000431  0.012      -0.20268182
  0.15188108 -0.03226087 -0.00648529 -0.033      -0.05090909  0.0105
  0.02331    -0.14655     0.12845    -0.06523125  0.0784     -0.205
  0.19962069 -0.24964    -0.05985    -0.05323784  0.6195     -0.17051429
  0.28619231 -0.10786364  0.024       0.21077273  0.28102941 -0.09558621
 -0.16        0.04076471 -0.11676    -0.0435     -0.20645528 -0.09731875
 -0.08511364 -0.06623077  0.11326     0.105      -0.10668     0.128
  0.1946     -0.05345455 -0.03836538 -0.07161957 -0.06098077 -0.19227419
  0.083475   -0.21845588 -0.1148     -0.03616667  0.07090476  0.15      ]",115
35,0,SVR,-0.10809953975832154,0.07832884722435776,"[0.18861057 0.18867857 0.18919536 0.18833544 0.18892322 0.18881563
 0.18900337 0.18861788 0.1886505  0.18875067 0.18899713 0.18869255
 0.1884755  0.18890464 0.1883774  0.18858057 0.18902814 0.18856254
 0.18849937 0.18882424 0.18877383 0.18853545 0.18859303 0.18872682
 0.18854627 0.18861592 0.18861938 0.18862042 0.18885538 0.18836881
 0.18857066 0.18903069 0.18830684 0.1886089  0.18872785 0.18865335
 0.18890006 0.1888628  0.18893321 0.18852051]","[-0.08166667 -0.02290909 -0.10682609  0.286125   -0.0615      0.04473913
  0.18103448 -0.10534884  0.20625    -0.0207      0.00684783  0.00346154
 -0.09530612  0.00969231  0.892       0.251125   -0.04009091 -0.0676734
 -0.00679412 -0.05775     0.04940727 -0.10521053  0.23503846  0.25095
 -0.01538889  0.91184211 -0.02465217 -0.11185101 -0.1425      0.35816667
  0.44944565  0.06681818  0.82483333  0.04725     0.246       0.0301
 -0.056      -0.10686842 -0.22651316  0.168     ]",115
36,0,SVR,-0.18396464788420208,0.5652901969507556,"[1.50089375 1.50085632 1.50072815 1.50095164 1.50075329 1.50065774
 1.50067695 1.50069808 1.50100549 1.50095429 1.50076704 1.50064607
 1.50101067 1.50069302 1.50141072 1.50079093 1.50103297 1.50119231
 1.50070571 1.50062607 1.50127274 1.5007573  1.50065075 1.50086245
 1.50069668 1.50127274 1.50069778 1.50128463 1.50067271 1.50080402
 1.50097902 1.50075729 1.50064284 1.50070516 1.50103904 1.50103624
 1.50069869 1.50062365 1.50107212 1.50090839 1.50099791 1.50071443
 1.50090732 1.50063836 1.50072214 1.50060256 1.5007547  1.50097612
 1.50105377 1.5006201  1.50099114 1.5012972  1.50066884 1.50103493]","[2.84363158 1.41193478 1.10942222 0.72077778 1.52306667 2.358
 1.25631452 1.52782308 2.44798551 2.15350725 1.98692308 1.577275
 2.02783333 1.19618182 2.69061765 1.43535    1.74982143 0.68288889
 2.38136364 0.96035484 0.5662     1.89525    1.04511957 2.40723333
 1.40790476 0.5662     2.2447     1.80628    1.80266667 1.98404
 2.20073333 2.14489    2.17366667 1.33485714 1.23092308 2.83509091
 2.60663636 1.15797917 2.65363333 0.9219     4.00576    2.09698148
 2.98715    1.30651111 1.28247368 1.84012903 1.970625   2.18341667
 1.28625    2.38636    0.93177778 1.40652273 1.9888     2.35078788]",115
22,0,NearestNeighbors,-0.04176725019087191,1.1021191580730751,"[1.30253333 1.84486667 1.86613333 1.65586667 1.22273333 1.17373333
 1.43833333 0.63446667 1.9994     1.16253333 1.22106667 1.54246667
 1.4078     1.6654     1.5828     1.53826667 1.4302     1.89693333
 2.0932     1.40246667 1.80873333 1.40806667 1.20453333 2.05146667
 1.1894     1.77373333 1.4204     1.3728     0.7882     2.68326667
 1.58446667 1.86193333 1.3448     2.01926667 1.68106667 1.71886667
 2.11013333 1.83646667 1.71886667 2.103      1.78633333 2.3638
 1.01946667 1.984      1.14686667 1.4596     1.9028     1.74406667
 2.25       1.97646667 2.152      1.77373333 1.26893333]","[0.9065     4.00592857 3.08004167 3.87884211 0.7965     1.27092529
 1.63117714 1.70233333 4.03782609 2.3988     0.65769091 2.40819355
 4.08143333 1.49866667 3.0914026  2.52508824 1.99110142 1.75662673
 3.96813636 2.82557778 2.37477174 2.87004167 1.33932456 2.71267826
 0.75525    2.53744118 0.82415    1.76768468 0.81415385 3.1006413
 1.97736957 1.55395238 2.80168182 2.28764    0.53142105 3.9121
 2.22761111 1.564      0.56298333 2.3488     1.50235338 4.00592857
 0.79468421 1.96665806 1.67356    0.835375   1.83498284 2.53027273
 2.12998182 1.13705    0.8799     3.048      1.75882759]",115
23,0,NearestNeighbors,-0.09379330596041968,0.20907075459200802,"[3.89433333 3.78793333 4.0948     3.798      3.889      3.84113333
 4.1368     3.74593333 3.77086667 3.868      4.03853333 3.81173333
 4.03853333 3.5774     3.7174     4.1004     3.78513333 3.75433333
 3.68573333 3.931      3.7966     3.6908     3.9534     3.8834
 3.994      3.68853333 3.72173333 3.60973333 3.74593333 3.83833333
 3.56873333 3.798      3.8176     3.49033333 3.8946     3.90806667
 3.9842     4.0556     3.87586667 4.0346     3.9702     3.56786667
 3.65453333 3.91366667 3.9996     3.78093333 4.0024     4.0132
 3.8246     3.96826667 3.86746667 4.1522     3.8442     3.87753333
 3.7966     3.6586     3.9688     4.1326     4.134      3.76973333]","[3.44221212 3.90818919 3.72742105 4.036      3.93907692 3.85180952
 3.39166667 3.89577419 2.20022727 4.14503846 4.064875   4.14244828
 4.064875   2.80645455 3.524      3.89334483 4.10696552 4.212
 2.24414035 3.88989474 4.10577419 4.1160625  4.10572    3.85896154
 3.74009524 4.00934615 4.18842105 4.10488    3.893375   3.96016667
 4.16963636 4.01185    3.95323529 3.95786047 4.08675    2.43612281
 3.882      4.10090909 4.1774     4.11336842 3.7124     3.90618182
 4.21068182 4.05604167 3.47031667 3.98370968 3.6947517  4.11864706
 3.994      3.33701449 4.132      4.0348     4.02769565 4.12482353
 4.02274286 3.97977778 4.18909677 3.9415     3.961625   4.078     ]",115
25,0,NearestNeighbors,0.1556767864269082,0.6181704633700132,"[1.39633333 1.6948     1.80986667 1.83366667 2.19653333 2.1208
 1.75473333 2.5272     1.55033333 1.63966667 1.75193333 1.69086667
 1.7522     2.3494     1.52486667 1.7746     1.8362     1.61193333
 1.93306667 1.8548     1.61193333 1.7816     1.48006667 1.46213333
 1.25466667 1.6462     1.81266667 1.2642     2.13213333 2.71086667
 1.58253333 2.05373333 1.8138     1.8824     1.85326667 1.755
 2.50886667 2.4656     2.36506667 2.25926667 1.24626667 2.14166667
 1.8026     2.00866667 1.8376     1.5114     1.63713333 1.65533333
 2.12386667 1.93306667]","[1.09065385 2.9473     1.30261765 1.38725    0.93975    1.06785
 1.39919231 4.14594118 1.48273529 0.90188    1.60428947 1.41915789
 0.979125   1.99633333 0.5845     2.67615686 1.20293478 1.00478824
 1.53685    2.3952381  1.08133333 0.18835088 2.58397778 1.218
 0.83878261 1.85277273 1.30755882 0.91413636 3.13134848 2.608625
 2.15867949 3.9715     2.01885507 2.14907895 1.183      1.15710714
 2.29557333 1.91575    3.11884211 1.51625    2.3635119  2.829525
 1.2845     0.913      1.12639535 2.69691729 1.32972    1.49339024
 2.60835345 0.7014    ]",115
26,0,NearestNeighbors,-0.19934481433270435,0.989933426303726,"[2.29033333 3.01773333 1.86533333 2.63106667 2.21446667 2.60726667
 2.41353333 1.81213333 2.369      2.16433333 2.20326667 2.50173333
 2.20213333 2.6812     1.9412     2.28446667 2.25786667 2.15006667
 1.8334     2.4054     2.20466667 2.6252     2.3606     1.85186667
 2.58153333 2.46953333 2.24106667 1.9496     1.51113333 2.4894
 2.55826667 2.24806667 2.51546667 2.09353333 2.82706667 2.34493333
 1.5492     2.70806667 2.07026667 2.35613333]","[2.31294958 2.94365217 0.64916667 2.35595833 2.12212308 1.58052632
 2.766125   4.2289375  1.934625   3.805      1.434125   4.19636364
 1.44705556 3.99480769 2.0223     2.80445    4.12273913 1.81468966
 2.44401515 1.94366667 2.30544444 1.92423913 2.35333333 2.92738462
 2.04517333 4.11475    2.55029167 1.05525    4.007      2.03865152
 3.13366667 3.13982    1.5365     2.21825    3.12616667 2.18183333
 3.04335897 1.56255556 1.65436842 2.38993333]",115
29,0,NearestNeighbors,0.04155019357044665,0.14297053382956484,"[0.9254     0.8022     0.7504     0.8148     1.00826667 0.9492
 0.7882     0.8778     0.595      0.64793333 0.714      0.889
 0.868      0.7434     0.7602     0.6944     0.8792     0.72353333
 0.896      0.966      0.6958     0.7882     0.5726     0.8288
 0.8484     0.8778     0.8932     0.92846667 0.7896     0.777
 0.7154     1.30646667 0.9814     0.5502     0.7392     0.8442
 0.59206667 0.9674     0.86686667 0.5334     0.854      0.637
 0.4326     0.7644     0.7028     0.791      0.7014     0.93786667
 0.7882     0.4494     0.9338     0.9282     0.4648     0.95366667
 0.9534     0.8596    ]","[0.91102941 0.352      1.08340909 0.6083     2.29096296 0.75673913
 0.696      1.122      0.64842105 1.17154545 0.620625   0.749875
 0.7133     0.919      1.18704444 1.20896271 0.81518182 0.58425
 0.83604348 1.37783333 1.05457059 0.82890769 0.3297     0.6886
 1.17752174 1.36856522 1.06995    0.62328    1.322      0.7392
 0.75470769 2.02143333 1.23043421 1.03288889 0.69878261 0.8568
 0.60411207 0.47618333 0.50878947 0.693      1.82390152 0.92149167
 0.55882051 0.58864865 1.206      0.3110625  1.07431579 0.7955
 0.652      0.7096     0.71729412 0.57880952 1.11180682 0.53694118
 1.24180606 0.57361957]",115
30,0,NearestNeighbors,-0.10514524499708866,0.11342133898062302,"[1.0262     1.0402     1.0136     0.9688     1.03586667 1.0542
 1.2264     1.1326     1.0178     1.27986667 0.8694     0.98126667
 0.9394     1.022      0.931      1.1424     1.0178     0.85373333
 1.0892     1.3938     1.1424     1.0612     1.2572     1.49306667
 1.34986667 1.1746     0.9198     1.141      1.0682     1.0108
 1.1046     1.12546667 0.931      1.0248     1.1984     0.9226
 1.11286667 0.9506     1.63573333 1.28853333 1.5562     1.42686667
 0.74313333 1.5208     1.0374     1.0542     0.91113333 1.1214
 0.9534     0.9632     1.1452     1.5842     1.0724     0.9898
 1.1256     1.69186667 1.49026667 1.1704     0.76553333 0.85793333]","[1.00663721 1.97064    1.00275    1.07194444 1.03464706 1.10968421
 0.937125   0.69405    1.003      0.4935     1.41556383 0.8715
 0.921      1.38310345 1.33172308 1.58095    1.37186538 0.41044828
 0.77492857 1.48368954 1.1732     1.14191538 1.59734194 1.22868421
 1.3769     0.87696    1.1308     1.34490476 1.52716667 1.337
 1.329      0.58527273 1.1571875  1.17166093 1.1911359  1.42
 0.9513     1.25244    1.2202931  0.98980952 2.0318     1.15966667
 0.85965517 0.87579167 1.28075    0.87259091 0.98254545 0.64830952
 1.08375    0.99952632 1.127      1.25872174 1.266      1.56261538
 1.66626667 1.40761765 1.2215     1.08232258 0.80676522 0.56159   ]",115
31,0,NearestNeighbors,-0.44822603810176176,0.03182107446689568,"[ 0.1008      0.0854     -0.175      -0.0602     -0.1218      0.0798
  0.0112      0.014       0.0532      0.0224     -0.0994     -0.0966
 -0.0154      0.06453333  0.0294      0.0994     -0.1372      0.0742
  0.0658     -0.0042      0.0644     -0.1708      0.09926667 -0.44926667
  0.0084      0.0336     -0.0644     -0.0532     -0.23266667  0.014
 -0.0462      0.0252     -0.1428     -0.0658      0.1526     -0.1246
 -0.1806     -0.0476     -0.0756      0.0406      0.0014     -0.02813333
  0.0392      0.0896      0.06733333  0.0924     -0.119      -0.1358
 -0.00266667 -0.1624     -0.08246667  0.0434      0.0518     -0.0952
 -0.0308     -0.30366667 -0.1722      0.0182     -0.042      -0.1386    ]","[-0.169      -0.10824265 -0.03519444 -0.04601471  0.144375    0.05896154
 -0.01241935  0.03394737  0.00731818 -0.02000431  0.012      -0.20268182
  0.15188108 -0.03226087 -0.00648529 -0.033      -0.05090909  0.0105
  0.02331    -0.14655     0.12845    -0.06523125  0.0784     -0.205
  0.19962069 -0.24964    -0.05985    -0.05323784  0.6195     -0.17051429
  0.28619231 -0.10786364  0.024       0.21077273  0.28102941 -0.09558621
 -0.16        0.04076471 -0.11676    -0.0435     -0.20645528 -0.09731875
 -0.08511364 -0.06623077  0.11326     0.105      -0.10668     0.128
  0.1946     -0.05345455 -0.03836538 -0.07161957 -0.06098077 -0.19227419
  0.083475   -0.21845588 -0.1148     -0.03616667  0.07090476  0.15      ]",115
35,0,NearestNeighbors,-0.26915170171508374,0.08971323078958793,"[ 0.1904      0.161       0.2422      0.1036      0.0574      0.1722
  0.091      -0.03526667  0.0616      0.1204      0.259       0.1484
 -0.0028      0.2114      0.1442     -0.0266      0.1764     -0.27186667
 -0.19206667 -0.014       0.1442      0.2058     -0.12066667  0.0742
 -0.17526667 -0.0504      0.0854     -0.05766667  0.2184      0.12866667
 -0.056       0.112       0.1778     -0.1498      0.231      -0.091
  0.0798      0.0322      0.1498      0.0126    ]","[-0.08166667 -0.02290909 -0.10682609  0.286125   -0.0615      0.04473913
  0.18103448 -0.10534884  0.20625    -0.0207      0.00684783  0.00346154
 -0.09530612  0.00969231  0.892       0.251125   -0.04009091 -0.0676734
 -0.00679412 -0.05775     0.04940727 -0.10521053  0.23503846  0.25095
 -0.01538889  0.91184211 -0.02465217 -0.11185101 -0.1425      0.35816667
  0.44944565  0.06681818  0.82483333  0.04725     0.246       0.0301
 -0.056      -0.10686842 -0.22651316  0.168     ]",115
36,0,NearestNeighbors,-0.22695154614489188,0.5858145193851397,"[1.5264     2.17386667 1.93726667 2.35013333 1.79026667 1.37253333
 1.58393333 1.59093333 2.07753333 2.007      1.68333333 1.56573333
 2.07026667 1.87566667 2.41913333 2.12653333 1.7634     2.55686667
 1.46773333 1.22386667 1.57526667 1.77153333 1.49013333 1.77433333
 2.13046667 1.57526667 1.7438     2.18786667 1.17906667 1.84266667
 1.38066667 2.042      1.46213333 1.81773333 2.12793333 1.85286667
 1.98206667 1.24346667 1.76313333 1.62086667 1.769      1.96386667
 1.95406667 1.17206667 1.87706667 1.32773333 1.545      2.0756
 1.741      1.32046667 1.91586667 1.92413333 1.73793333 1.49266667]","[2.84363158 1.41193478 1.10942222 0.72077778 1.52306667 2.358
 1.25631452 1.52782308 2.44798551 2.15350725 1.98692308 1.577275
 2.02783333 1.19618182 2.69061765 1.43535    1.74982143 0.68288889
 2.38136364 0.96035484 0.5662     1.89525    1.04511957 2.40723333
 1.40790476 0.5662     2.2447     1.80628    1.80266667 1.98404
 2.20073333 2.14489    2.17366667 1.33485714 1.23092308 2.83509091
 2.60663636 1.15797917 2.65363333 0.9219     4.00576    2.09698148
 2.98715    1.30651111 1.28247368 1.84012903 1.970625   2.18341667
 1.28625    2.38636    0.93177778 1.40652273 1.9888     2.35078788]",115
22,0,MLPRegressor,0.12425151471583351,0.9264825546285093,"[1.46018344 2.09170626 1.88181619 1.87848977 1.25837021 1.15159576
 1.48109711 1.2456048  2.34968123 1.67407261 1.41693388 1.7396123
 1.85555835 1.60244956 1.71133331 1.66338222 1.60620034 1.98504968
 2.43092618 1.55527213 2.15074763 1.58133336 1.18644872 2.06916675
 1.62837335 1.92411423 1.5259418  1.50847434 1.3574213  1.99152641
 2.04500759 1.53890844 1.49435305 2.00419431 1.42981819 1.5848706
 2.07116198 1.59277409 1.75545861 2.19731422 1.63349451 2.04232848
 1.22173526 1.86890433 1.61089164 1.49405362 1.64781801 1.61026248
 2.26297391 1.59798991 1.78438403 1.75567794 1.4638626 ]","[0.9065     4.00592857 3.08004167 3.87884211 0.7965     1.27092529
 1.63117714 1.70233333 4.03782609 2.3988     0.65769091 2.40819355
 4.08143333 1.49866667 3.0914026  2.52508824 1.99110142 1.75662673
 3.96813636 2.82557778 2.37477174 2.87004167 1.33932456 2.71267826
 0.75525    2.53744118 0.82415    1.76768468 0.81415385 3.1006413
 1.97736957 1.55395238 2.80168182 2.28764    0.53142105 3.9121
 2.22761111 1.564      0.56298333 2.3488     1.50235338 4.00592857
 0.79468421 1.96665806 1.67356    0.835375   1.83498284 2.53027273
 2.12998182 1.13705    0.8799     3.048      1.75882759]",115
23,0,MLPRegressor,0.051494229619286735,0.18130008299350983,"[3.4498288  3.8438592  3.77361757 4.34757469 4.31342148 3.80619778
 3.58987138 3.95172056 3.19485371 4.04075887 3.76494882 3.42320337
 3.77780217 3.32334787 3.45753254 3.9620069  3.80808708 3.81782376
 3.6070976  4.35936228 3.76164304 3.71388796 3.75086904 3.7739187
 4.04437771 3.2973662  3.588595   3.56586863 3.91241744 4.24414677
 3.27676078 3.89573097 4.19809174 3.74599192 4.01730722 3.5526835
 4.28012487 4.05116536 3.88767343 4.02671426 3.62117532 3.65389315
 3.3324744  3.67636926 3.75038134 3.70084802 3.86446619 3.73406195
 3.69025215 3.61315434 4.07040807 3.6743508  4.04258219 3.97919095
 3.94882184 3.60679086 3.68168247 4.04419828 4.20456613 4.21794515]","[3.44221212 3.90818919 3.72742105 4.036      3.93907692 3.85180952
 3.39166667 3.89577419 2.20022727 4.14503846 4.064875   4.14244828
 4.064875   2.80645455 3.524      3.89334483 4.10696552 4.212
 2.24414035 3.88989474 4.10577419 4.1160625  4.10572    3.85896154
 3.74009524 4.00934615 4.18842105 4.10488    3.893375   3.96016667
 4.16963636 4.01185    3.95323529 3.95786047 4.08675    2.43612281
 3.882      4.10090909 4.1774     4.11336842 3.7124     3.90618182
 4.21068182 4.05604167 3.47031667 3.98370968 3.6947517  4.11864706
 3.994      3.33701449 4.132      4.0348     4.02769565 4.12482353
 4.02274286 3.97977778 4.18909677 3.9415     3.961625   4.078     ]",115
25,0,MLPRegressor,0.3032420470512577,0.5101306936810633,"[1.66837073 1.99394047 1.84163832 1.93619224 1.82444948 2.13334457
 1.68961839 2.58145773 1.03075802 1.33934661 1.36523244 1.77436314
 1.53021575 2.43292904 1.19016477 1.81853888 1.89967064 1.20512559
 1.41763479 1.48439401 2.03012384 1.64893573 1.64923934 1.06671962
 1.63012752 1.41987581 1.91144176 1.68084269 2.47321256 2.89002723
 1.92732539 2.61719234 1.37740342 1.84235457 2.02623413 1.70875963
 2.33952082 2.24000643 3.10107613 1.71805352 1.16799737 2.26402374
 1.80382134 1.29878132 1.73457455 1.99110281 1.63932541 1.80134946
 1.93146329 2.19378756]","[1.09065385 2.9473     1.30261765 1.38725    0.93975    1.06785
 1.39919231 4.14594118 1.48273529 0.90188    1.60428947 1.41915789
 0.979125   1.99633333 0.5845     2.67615686 1.20293478 1.00478824
 1.53685    2.3952381  1.08133333 0.18835088 2.58397778 1.218
 0.83878261 1.85277273 1.30755882 0.91413636 3.13134848 2.608625
 2.15867949 3.9715     2.01885507 2.14907895 1.183      1.15710714
 2.29557333 1.91575    3.11884211 1.51625    2.3635119  2.829525
 1.2845     0.913      1.12639535 2.69691729 1.32972    1.49339024
 2.60835345 0.7014    ]",115
26,0,MLPRegressor,-0.20665755566840405,0.9959693277389192,"[2.06825709 3.15506859 1.87279347 2.57657315 2.45358728 2.4515653
 2.22927375 1.73985507 2.80844938 2.74585252 2.17341361 2.40074873
 2.70304886 2.46792145 1.96319478 2.20771315 2.57808861 2.04808491
 1.7898654  2.48801729 2.46843129 2.51654663 2.88071235 2.37004499
 2.13491779 2.98600585 2.40097372 2.70602634 1.61066185 2.19094519
 2.45302471 1.94881823 1.90980754 2.70209769 2.43758692 2.06490187
 1.71265652 3.01070114 2.26485572 2.43218567]","[2.31294958 2.94365217 0.64916667 2.35595833 2.12212308 1.58052632
 2.766125   4.2289375  1.934625   3.805      1.434125   4.19636364
 1.44705556 3.99480769 2.0223     2.80445    4.12273913 1.81468966
 2.44401515 1.94366667 2.30544444 1.92423913 2.35333333 2.92738462
 2.04517333 4.11475    2.55029167 1.05525    4.007      2.03865152
 3.13366667 3.13982    1.5365     2.21825    3.12616667 2.18183333
 3.04335897 1.56255556 1.65436842 2.38993333]",115
29,0,MLPRegressor,0.0385488745566146,0.14341823612834134,"[0.84272328 0.78603752 0.88068605 0.63304092 0.96055573 1.01556231
 0.7076746  0.81391959 0.69635414 1.00395666 0.65863781 0.88405938
 0.78231976 1.04229878 0.9832383  0.90786238 0.61420164 0.94913082
 0.8689965  0.85118068 0.89335195 0.68095088 0.72792363 1.00228242
 0.74129595 0.94794915 1.01529558 0.73799359 0.98207588 0.65913023
 0.67895374 1.00282951 0.87214724 0.59015482 0.67874704 0.78505702
 0.55462816 0.94654687 0.66742809 0.66936861 0.99868003 0.5897136
 0.46378817 0.83567744 0.59343884 0.96722274 0.77117679 0.85481786
 0.54479411 0.58362327 0.85294448 0.94497808 0.42984493 0.6580024
 0.90843311 1.06841228]","[0.91102941 0.352      1.08340909 0.6083     2.29096296 0.75673913
 0.696      1.122      0.64842105 1.17154545 0.620625   0.749875
 0.7133     0.919      1.18704444 1.20896271 0.81518182 0.58425
 0.83604348 1.37783333 1.05457059 0.82890769 0.3297     0.6886
 1.17752174 1.36856522 1.06995    0.62328    1.322      0.7392
 0.75470769 2.02143333 1.23043421 1.03288889 0.69878261 0.8568
 0.60411207 0.47618333 0.50878947 0.693      1.82390152 0.92149167
 0.55882051 0.58864865 1.206      0.3110625  1.07431579 0.7955
 0.652      0.7096     0.71729412 0.57880952 1.11180682 0.53694118
 1.24180606 0.57361957]",115
30,0,MLPRegressor,0.10285220650024529,0.09207450736714858,"[1.18046886 1.28509827 0.80268708 1.36611135 0.73277565 1.13427463
 0.8770784  1.09755945 1.01168501 0.99746619 1.03259434 1.23332516
 1.04380669 1.27553466 1.14742114 1.13997326 1.26272316 0.86482099
 1.25572526 1.13194981 1.07539476 0.83231443 1.33490425 1.42452575
 0.99925022 0.85471771 1.20798356 1.23546777 1.40710654 0.99485684
 1.19855932 1.22662667 0.90879845 1.17862499 1.09476812 1.03338986
 1.10903408 1.08875476 1.41553333 1.06437699 1.17045152 0.90500901
 1.04324805 1.15369017 1.13056075 0.81310981 1.0079386  1.16269946
 1.09814422 1.10860295 1.1173743  1.13802869 0.92321816 1.1304987
 1.13450446 1.24199975 1.36867028 0.94942997 1.03692915 0.85772906]","[1.00663721 1.97064    1.00275    1.07194444 1.03464706 1.10968421
 0.937125   0.69405    1.003      0.4935     1.41556383 0.8715
 0.921      1.38310345 1.33172308 1.58095    1.37186538 0.41044828
 0.77492857 1.48368954 1.1732     1.14191538 1.59734194 1.22868421
 1.3769     0.87696    1.1308     1.34490476 1.52716667 1.337
 1.329      0.58527273 1.1571875  1.17166093 1.1911359  1.42
 0.9513     1.25244    1.2202931  0.98980952 2.0318     1.15966667
 0.85965517 0.87579167 1.28075    0.87259091 0.98254545 0.64830952
 1.08375    0.99952632 1.127      1.25872174 1.266      1.56261538
 1.66626667 1.40761765 1.2215     1.08232258 0.80676522 0.56159   ]",115
31,0,MLPRegressor,-0.054644388396431376,0.023173121278253352,"[-0.08386408 -0.01608224 -0.10307526 -0.04237878 -0.03331602  0.03530765
 -0.01536204 -0.04379408  0.01748986 -0.11577073 -0.0948404  -0.05907954
  0.03381412 -0.06338576 -0.0343898   0.06740392 -0.09551939  0.09642241
  0.06531936  0.01496118 -0.08026577 -0.03979004 -0.07281775 -0.13450547
  0.03536438  0.00285776 -0.08825937 -0.03907107 -0.03826699 -0.03034672
 -0.05958543  0.01527988 -0.06794748 -0.00866777 -0.02559196  0.01267059
 -0.08511478 -0.04382091 -0.0631974  -0.08649127 -0.06485354 -0.01486571
 -0.03419827  0.02582918 -0.06053946  0.05109522 -0.0799736  -0.11165351
  0.03783919 -0.10910117 -0.14055371  0.03575963 -0.05457329 -0.02349352
 -0.03236331 -0.14873903 -0.03096958 -0.08244464 -0.0584285  -0.06300058]","[-0.169      -0.10824265 -0.03519444 -0.04601471  0.144375    0.05896154
 -0.01241935  0.03394737  0.00731818 -0.02000431  0.012      -0.20268182
  0.15188108 -0.03226087 -0.00648529 -0.033      -0.05090909  0.0105
  0.02331    -0.14655     0.12845    -0.06523125  0.0784     -0.205
  0.19962069 -0.24964    -0.05985    -0.05323784  0.6195     -0.17051429
  0.28619231 -0.10786364  0.024       0.21077273  0.28102941 -0.09558621
 -0.16        0.04076471 -0.11676    -0.0435     -0.20645528 -0.09731875
 -0.08511364 -0.06623077  0.11326     0.105      -0.10668     0.128
  0.1946     -0.05345455 -0.03836538 -0.07161957 -0.06098077 -0.19227419
  0.083475   -0.21845588 -0.1148     -0.03616667  0.07090476  0.15      ]",115
35,0,MLPRegressor,0.2188926938075182,0.055214565711239914,"[ 0.14220045  0.08386463  0.03090304  0.24299796  0.05565885  0.00088272
 -0.00399501  0.07127468  0.08136017  0.17136171  0.01259737  0.05990652
  0.07559151  0.0033812   0.20990587 -0.02393732  0.07581555  0.05657852
  0.07264168  0.06947894  0.06048912  0.16478835  0.13714804  0.18950714
  0.02464765  0.20060383  0.05858499  0.08232528  0.05388356  0.14995558
  0.0534186   0.07822985  0.2138621   0.06159735  0.20158721  0.06390882
  0.01686502  0.07341902  0.04151999  0.10242924]","[-0.08166667 -0.02290909 -0.10682609  0.286125   -0.0615      0.04473913
  0.18103448 -0.10534884  0.20625    -0.0207      0.00684783  0.00346154
 -0.09530612  0.00969231  0.892       0.251125   -0.04009091 -0.0676734
 -0.00679412 -0.05775     0.04940727 -0.10521053  0.23503846  0.25095
 -0.01538889  0.91184211 -0.02465217 -0.11185101 -0.1425      0.35816667
  0.44944565  0.06681818  0.82483333  0.04725     0.246       0.0301
 -0.056      -0.10686842 -0.22651316  0.168     ]",115
36,0,MLPRegressor,-0.14967470058587784,0.5489182798531123,"[1.63960792 1.96450557 1.78395463 1.80208331 1.55000363 1.47863488
 1.54284523 1.3549104  1.78650043 2.08057933 1.85975655 1.56998159
 1.69692497 1.60490325 2.335138   1.57488148 1.78746571 2.01631831
 1.42739564 1.58559672 2.52338676 1.76183058 1.55531634 1.89988842
 1.85877367 2.52338676 1.7115428  2.2123647  1.56856978 1.68949189
 1.86757163 1.99652338 1.3536346  1.59214821 1.74276189 2.02579889
 1.66363816 1.5580751  1.98643951 2.02540553 2.10960632 1.66678248
 1.96372271 1.63279712 1.50474707 1.50552403 1.82159682 2.07216209
 1.77984375 1.57709512 1.90163554 2.25323307 1.65965947 1.99264258]","[2.84363158 1.41193478 1.10942222 0.72077778 1.52306667 2.358
 1.25631452 1.52782308 2.44798551 2.15350725 1.98692308 1.577275
 2.02783333 1.19618182 2.69061765 1.43535    1.74982143 0.68288889
 2.38136364 0.96035484 0.5662     1.89525    1.04511957 2.40723333
 1.40790476 0.5662     2.2447     1.80628    1.80266667 1.98404
 2.20073333 2.14489    2.17366667 1.33485714 1.23092308 2.83509091
 2.60663636 1.15797917 2.65363333 0.9219     4.00576    2.09698148
 2.98715    1.30651111 1.28247368 1.84012903 1.970625   2.18341667
 1.28625    2.38636    0.93177778 1.40652273 1.9888     2.35078788]",115
